schooltype,school_name,name,skucode,color,price,maxprice,uniform_desc
Junior,Abbey Lane,Cardigan (With Logo),3SC,JD,9,0,
Junior,Abbey Lane,Polo Shirt (With Logo),3PP,WHT,6.75,0,
Junior,Abbey Lane,Polo Shirt (With Logo),3PP,DJ,6.75,0,
Junior,Abbey Lane,Polo Shirt (With Logo),3PP,BK,6.75,0,
Junior,Abbey Lane,Waterproof Fleece (NON REVERSIBLE),3JM,BK,23,0,<b style=color:#ff0000;>Made to order only. This is a Non-Exchangeable & Non-Refundable product.</b>
Junior,Abbey Lane,Sweatshirt (With Logo),3SR,JD,8.5,0,
Junior,Abbey Lane,Fleece (With Logo),3JP,BK,16,0,<b style=color:#ff0000;>Made to order only. This is a Non-Exchangeable & Non-Refundable product.</b>
Junior,Abbey Lane,Bookbag,BB03,BK,4.5,0,
Junior,Acres Hill,Cardigan (With Logo),3SC,NB,9,0,
Junior,Acres Hill,Polo Shirt (With Logo),3PP,SB,6.75,0,
Junior,Acres Hill,Waterproof Fleece (NON REVERSIBLE),3JM,NB,23,0,<b style=color:#ff0000;>Made to order only. This is a Non-Exchangeable & Non-Refundable product.</b>
Junior,Acres Hill,Sweatshirt (With Logo),3SR,NB,8.5,0,
Junior,Acres Hill,Fleece (With Logo),3JP,NB,16,0,<b style=color:#ff0000;>Made to order only. This is a Non-Exchangeable & Non-Refundable product.</b>
Junior,Acres Hill,Bookbag,BB03,NB,4.5,0,
Junior,Angram Bank,Sweatshirt (With Logo),3SR,NB,8.5,0,
Junior,Angram Bank,Polo Shirt (With Logo),3PP,SB,6.75,0,
Junior,Angram Bank,Polo Shirt (With Logo),3PP,RD,6.75,0,
Junior,Angram Bank,Bookbag,BB03,NB,4.5,0,
Junior,Angram Bank,Waterproof Fleece (NON REVERSIBLE),3JM,NB,23,0,<b style=color:#ff0000;>Made to order only. This is a Non-Exchangeable & Non-Refundable product.</b>
Junior,Angram Bank,Fleece (With Logo),3JP,NB,16,0,<b style=color:#ff0000;>Made to order only. This is a Non-Exchangeable & Non-Refundable product.</b>
Junior,Angram Bank,Cardigan (With Logo),3SC,NB,9,0,
Junior,Anns Grove,Sweatshirt (With Logo),3SR,NB,8.5,0,
Junior,Anns Grove,Polo Shirt (With Logo),3PP,WHT,6.75,0,
Junior,Anns Grove,Waterproof Fleece (NON REVERSIBLE),3JM,NB,23,0,<b style=color:#ff0000;>Made to order only. This is a Non-Exchangeable & Non-Refundable product.</b>
Junior,Anns Grove,Cardigan (With Logo),3SC,NB,9,0,
Junior,Anns Grove,Fleece (With Logo),3JP,NB,16,0,<b style=color:#ff0000;>Made to order only. This is a Non-Exchangeable & Non-Refundable product.</b>
Junior,Badsley Primary,PE T-Shirt (With Logo),3TC,WHT,4.5,0,
Junior,Anston Greenlands,Sweatshirt (With Logo),3SR,BT,8.5,0,
Junior,Anston Hillcrest,Sweatshirt (With Logo),3SR,RD,8.5,0,
Junior,Anston Hillcrest,Cardigan (With Logo),3SC,RD,9,0,
Junior,Anston Hillcrest,Polo Shirt (With Logo),3PP,WHT,6.75,0,
Junior,Anston Hillcrest,Polo Shirt (With Logo),3PP,RD,6.75,0,
Junior,Anston Hillcrest,Fleece (With Logo),3JP,RD,16,0,<b style=color:#ff0000;>Made to order only. This is a Non-Exchangeable & Non-Refundable product.</b>
Junior,Anston Hillcrest,Waterproof Fleece (NON REVERSIBLE),3JM,RD,23,0,<b style=color:#ff0000;>Made to order only. This is a Non-Exchangeable & Non-Refundable product.</b>
Junior,Anston Park Junior School,Sweatshirt (With Logo),3SR,NB,8.5,0,
Junior,Anston Park Junior School,Polo Shirt (With Logo),3PP,NB,6.75,0,
Junior,Anston Park Junior School,Bookbag,BB03,NB,4.5,0,
Junior,Anston Park Junior School,Waterproof Fleece (NON REVERSIBLE),3JM,NB,23,0,<b style=color:#ff0000;>Made to order only. This is a Non-Exchangeable & Non-Refundable product.</b>
Junior,Anston Park Junior School,Cardigan (With Logo),3SC,NB,9,0,
Junior,Anston Park Junior School,Fleece (With Logo),3JP,NB,16,0,
Junior,Ashgate Croft,Sweatshirt (With Logo),3SR,NB,8.5,0,
Junior,Ashgate Croft,Sweatshirt (With Logo),3SR,RD,8.5,0,
Junior,Ashgate Croft,Polo Shirt (With Logo),3PP,NB,6.75,0,
Junior,Ashgate Croft,Polo Shirt (With Logo),3PP,RD,6.75,0,
Junior,Ashgate Croft,Bookbag,BB03,NB,4.5,0,
Junior,Ashgate Croft,Bookbag,BB03,RD,4.5,0,
Junior,Ashgate Croft,Waterproof Fleece (NON REVERSIBLE),3JM,NB,23,0,<b style=color:#ff0000;>Made to order only. This is a Non-Exchangeable & Non-Refundable product.</b>
Junior,Ashgate Croft,Waterproof Fleece (NON REVERSIBLE),3JM,RD,23,0,<b style=color:#ff0000;>Made to order only. This is a Non-Exchangeable & Non-Refundable product.</b>
Junior,Ashwood Primary,Sweatshirt (With Logo),3SR,RD,8.5,0,
Junior,Ashwood Primary,Cardigan (With Logo),3SC,RD,9,0,
Junior,Ashwood Primary,Polo Shirt (With Logo),3PP,WHT,6.75,0,
Junior,Aston Fence Junior and Infant,Sweatshirt (With Logo),3SR,EM,8.5,0,
Junior,Aston Fence Junior and Infant,Polo Shirt (With Logo),3PP,EM,6.75,0,
Junior,Aston Fence Junior and Infant,Polo Shirt (With Logo),3PP,GD,6.75,0,
Junior,Aston Fence Junior and Infant,Bookbag,BB03,BK,4.5,0,
Junior,Aston Lodge,Sweatshirt (With Logo),3SR,NB,8.5,0,
Junior,Aston Lodge,Bookbag,BB03,NB,4.5,0,
Junior,Aston Lodge,Waterproof Fleece (NON REVERSIBLE),3JM,NB,23,0,<b style=color:#ff0000;>Made to order only. This is a Non-Exchangeable & Non-Refundable product.</b>
Junior,Aston Lodge,Cardigan (With Logo),3SC,NB,9,0,
Junior,Aston Lodge,Fleece (With Logo),3JP,NB,16,0,<b style=color:#ff0000;>Made to order only. This is a Non-Exchangeable & Non-Refundable product.</b>
Junior,Athelstan Primary,Sweatshirt (With Logo),3SR,JD,8.5,0,
Junior,Athelstan Primary,Polo Shirt (With Logo),3PP,DJ,6.75,0,
Junior,Athelstan Primary,Polo Shirt (With Logo),3PP,WHT,6.75,0,
Junior,Athelstan Primary,Bookbag,BB03,BT,4.5,0,
Junior,Athelstan Primary,Cardigan (With Logo),3SC,JD,9,0,
Junior,Athelstan Primary,Waterproof Fleece (NON REVERSIBLE),3JM,BT,23,0,<b style=color:#ff0000;>Made to order only. This is a Non-Exchangeable & Non-Refundable product.</b>
Junior,Athelstan Primary,Fleece (With Logo),3JP,BT,16,0,<b style=color:#ff0000;>Made to order only. This is a Non-Exchangeable & Non-Refundable product.</b>
Junior,Lowedges Junior Academy,ACET Gold Stripe Jumper,ACET,GD,14,18.5,<b style=color:#ff0000;>Made to order only. This is a Non-Exchangeable & Non-Refundable product.</b>
Junior,Aughton Junior Academy,Polo Shirt (With Logo),3PP,GD,5.75,0,<b style=color:#ff0000;>Made to order only. This is a Non-Exchangeable & Non-Refundable product.</b>
Junior,Aughton Junior Academy,Waterproof Fleece (NON REVERSIBLE),3JM,BK,23,0,<b style=color:#ff0000;>Made to order only. This is a Non-Exchangeable & Non-Refundable product.</b>
Junior,Aughton Junior Academy,Bookbag,BB03,BK,4.5,0,<b style=color:#ff0000;>Made to order only. This is a Non-Exchangeable & Non-Refundable product.</b>
Junior,Aughton Junior Academy,Document Case,DC01,BK,9,0,<b style=color:#ff0000;>Made to order only. This is a Non-Exchangeable & Non-Refundable product.</b>
Junior,Aughton Junior Academy,PE T-Shirt  (Plain),3TC,GD,3.5,0,<b style=color:#ff0000;>Made to order only. This is a Non-Exchangeable & Non-Refundable product.</b>
Junior,Aughton Junior Academy,Elasticated Tie,ETIE,BK-GD,3.5,0,<b style=color:#ff0000;>Made to order only. This is a Non-Exchangeable & Non-Refundable product.</b>
Junior,Badsley Primary,Sweatshirt (With Logo),3SR,BK,8.5,0,
Junior,Badsley Primary,Sweatshirt (With Logo),3SR,PU,8.5,0,
Junior,Badsley Primary,Polo Shirt (With Logo),3PP,PU,6.75,0,
Junior,Badsley Primary,Cardigan (With Logo),3SC,PU,9,0,
Junior,Badsley Primary,Cardigan (With Logo),3SC,BK,9,0,
Junior,Broom Valley Community School,Bookbag,BB03,RY,4.5,0,
Junior,Badsley Primary,Waterproof Fleece (NON REVERSIBLE),3JM,PU,23,0,<b style=color:#ff0000;>Made to order only. This is a Non-Exchangeable & Non-Refundable product.</b>
Junior,Badsley Primary,Waterproof Fleece (NON REVERSIBLE),3JM,BK,23,0,<b style=color:#ff0000;>Made to order only. This is a Non-Exchangeable & Non-Refundable product.</b>
Junior,Badsley Primary,Fleece (With Logo),3JP,PU,16,0,<b style=color:#ff0000;>Made to order only. This is a Non-Exchangeable & Non-Refundable product.</b>
Junior,Badsley Primary,Fleece (With Logo),3JP,BK,16,0,<b style=color:#ff0000;>Made to order only. This is a Non-Exchangeable & Non-Refundable product.</b>
Junior,Badsley Primary,Shadow Stripe Shorts,3BS,BK,2.5,0,
Junior,Badsley Primary,Drawstring Bag,SH5890,PU,3,0,
Junior,Newbold C of E Primary School,Waterproof Fleece (NON REVERSIBLE),3JM,NB,23,0,<b style=color:#ff0000;>Made to order only. This is a Non-Exchangeable & Non-Refundable product.</b>
Junior,Newbold C of E Primary School,Polo Shirt (With Logo),3PP,SB,6.75,0,
Junior,Newbold C of E Primary School,Cardigan (With Logo),3SC,NB,9,0,
Junior,Newbold C of E Primary School,Sweatshirt (With Logo),3SR,NB,8.5,0,
Senior,Sir Thomas Wharton,Honeycomb Shorts (with Logo),1BU,BK-WL,8.5,0,
Senior,Clifton Comprehensive,Honeycomb Shorts (with Logo),1BU,BK-WL,5,0,"<b>This is a Non-Exchangeable & Non-Refundable product.</b><br/> LIMITED OFFER, ITEMS ARE AVAILABLE ON A FIRST COME FIRST SERVE BASIS* TILL STOCK LAST."
Junior,Barlborough Primary,Sweatshirt (With Logo),3SR,RD,8.5,0,
Junior,Barlborough Primary,Polo Shirt (With Logo),3PP,RD,6.75,0,
Junior,Barlborough Primary,Polo Shirt (With Logo),3PP,WHT,6.75,0,
Junior,Barlborough Primary,Bookbag,BB03,RD,4.5,0,
Junior,Barlborough Primary,Waterproof Fleece (NON REVERSIBLE),3JM,RD,23,0,<b style=color:#ff0000;>Made to order only. This is a Non-Exchangeable & Non-Refundable product.</b>
Junior,Barlborough Primary,Cardigan (With Logo),3SC,RD,9,0,
Junior,Barlborough Primary,Fleece (With Logo),3JP,RD,16,0,<b style=color:#ff0000;>Made to order only. This is a Non-Exchangeable & Non-Refundable product.</b>
Junior,Barlow C of E,Sweatshirt (With Logo),3SR,BT,8.5,0,
Junior,Barlow C of E,Cardigan (With Logo),3SC,BT,9,0,
Junior,Barlow C of E,Polo Shirt (With Logo),3PP,WHT,6.75,0,
Junior,Barlow C of E,Bookbag,BB03,BT,4.5,0,
Junior,Barlow C of E,Fleece (With Logo),3JP,BT,16,0,<b style=color:#ff0000;>Made to order only. This is a Non-Exchangeable & Non-Refundable product.</b>
Junior,Barlow C of E,Waterproof Fleece (NON REVERSIBLE),3JM,BT,23,0,<b style=color:#ff0000;>Made to order only. This is a Non-Exchangeable & Non-Refundable product.</b>
Junior,Barlow C of E,PE T-Shirt  (Plain),3TC,WHT,3.5,0,
Junior,Barlow C of E,Shadow Stripe Shorts,3BS,BK,2.5,0,
Junior,Barlow C of E,Drawstring Bag,SH5890,BT,3,0,
Junior,Beck Primary,Sweatshirt (With Logo),3SR,NB,8.5,0,
Junior,Beighton Nursery Infant school ,Sweatshirt (With Logo),3SR,NB,8.5,0,
Junior,Beighton Nursery Infant school ,Bookbag,BB03,NB,4.5,0,
Junior,Beighton Nursery Infant school ,Waterproof Fleece (NON REVERSIBLE),3JM,NB,23,0,<b style=color:#ff0000;>Made to order only. This is a Non-Exchangeable & Non-Refundable product.</b>
Junior,Beighton Nursery Infant school ,Cardigan (With Logo),3SC,NB,9,0,
Junior,Beighton Nursery Infant school ,Fleece (With Logo),3JP,NB,16,0,<b style=color:#ff0000;>Made to order only. This is a Non-Exchangeable & Non-Refundable product.</b>
Senior,All Saints Catholic High School,Blazer - Girls (Without Logo),1UJ,NB,25,30,
Junior,Bolsover CofE,PE T-Shirt (With Logo),3TC,WHT,4.5,0,
Junior,Broom Valley Community School,Cardigan (With Logo),3SC,DD,9,0,
Junior,Bessacarr Primary,Sweatshirt (With Logo),3SR,RD,8.5,0,
Junior,Bessacarr Primary,Polo Shirt (With Logo),3PP,WHT,6.75,0,
Junior,Birk Hill Infants,Sweatshirt (With Logo),3SR,DD,8.5,0,
Junior,Birk Hill Infants,Polo Shirt (With Logo),3PP,WHT,6.75,0,
Junior,Birk Hill Infants,Polo Shirt (With Logo),3PP,DR,6.75,0,
Junior,Birk Hill Infants,Bookbag,BB03,RY,4.5,0,
Junior,Birk Hill Infants,Waterproof Fleece (NON REVERSIBLE),3JM,DR,23,0,<b style=color:#ff0000;>Made to order only. This is a Non-Exchangeable & Non-Refundable product.</b>
Junior,Birk Hill Infants,Cardigan (With Logo),3SC,DD,9,0,
Junior,Birk Hill Infants,Fleece (With Logo),3JP,DR,16,0,<b style=color:#ff0000;>Made to order only. This is a Non-Exchangeable & Non-Refundable product.</b>
Senior,Bents Green,Sweatshirt,3SR,BY,8.5,13,
Junior,Birley Spa Primary Academy,Polo Shirt (With Logo),3PP,WHT,6.75,0,
Junior,Bramley Sunnyside Junior,Polo Shirt (With Logo),3PP,SB,6.75,0,
Senior,Bents Green,Fleece,3JP,BY,23,23,
Senior,Bents Green,Polo Shirt,3PP,WHT,6.75,10,
Junior,Blackburn Primary,Sweatshirt (With Logo),3SR,DD,8.5,0,
Junior,Blackburn Primary,Polo Shirt (With Logo),3PP,GD,6.75,0,
Junior,Blackburn Primary,Polo Shirt (With Logo),3PP,SB,6.75,0,
Junior,Blackburn Primary,Bookbag,BB03,RY,4.5,0,
Junior,Blackburn Primary,Fleece (With Logo),3JP,DR,16,0,<b style=color:#ff0000;>Made to order only. This is a Non-Exchangeable & Non-Refundable product.</b>
Junior,Blackburn Primary,Cardigan (With Logo),3SC,DD,9,0,
Junior,Blackburn Primary,Waterproof Fleece (NON REVERSIBLE),3JM,DR,23,0,<b style=color:#ff0000;>Made to order only. This is a Non-Exchangeable & Non-Refundable product.</b>
Junior,Bolsover CofE,Sweatshirt (With Logo),3SR,RD,8.5,0,
Junior,Bolsover CofE,Polo Shirt (With Logo),3PP,WHT,6.75,0,
Junior,Bolsover CofE,Bookbag,BB03,RD,4.5,0,
Junior,Bolsover CofE,Waterproof Fleece (NON REVERSIBLE),3JM,RD,23,0,
Junior,Bolsover CofE,Cardigan (With Logo),3SC,RD,9,0,
Junior,Bolsover CofE,Fleece (With Logo),3JP,RD,16,0,
Junior,Greasbrough Primary,PE T-Shirt (With Logo),3TC,WHT,4.5,0,
Junior,Bradway Primary,Sweatshirt (With Logo),3SR,DD,8.5,0,
Junior,Bradway Primary,Polo Shirt (With Logo),3PP,DR,6.75,0,
Junior,Bradway Primary,Bookbag,BB03,RY,4.5,0,
Junior,Bradway Primary,Waterproof Fleece (NON REVERSIBLE),3JM,DR,23,0,<b style=color:#ff0000;>Made to order only. This is a Non-Exchangeable & Non-Refundable product.</b>
Junior,Bradway Primary,Cardigan (With Logo),3SC,DD,9,0,
Junior,Bradway Primary,Fleece (With Logo),3JP,DR,16,0,<b style=color:#ff0000;>Made to order only. This is a Non-Exchangeable & Non-Refundable product.</b>
Junior,Bramley Sunnyside Infants,Sweatshirt (With Logo),3SR,RD,8.5,0,
Junior,Bramley Sunnyside Infants,Polo Shirt (With Logo),3PP,GD,6.75,0,
Junior,Bramley Sunnyside Infants,Cardigan (With Logo),3SC,RD,9,0,
Junior,Bramley Sunnyside Infants,Waterproof Fleece (NON REVERSIBLE),3JM,RD,23,0,
Junior,Bramley Sunnyside Junior,Sweatshirt (With Logo),3SR,DD,8.5,0,
Junior,Bramley Sunnyside Junior,Polo Shirt (With Logo),3PP,WHT,6.75,0,
Senior,Bents Green,Shadow Stripe Shorts,3BS,BK,2.5,6,
Junior,Bramley Sunnyside Junior,Cardigan (With Logo),3SC,DD,9,0,
Junior,Bramley Sunnyside Junior,Fleece (With Logo),3JP,DR,16,0,<b style=color:#ff0000;>Made to order only. This is a Non-Exchangeable & Non-Refundable product.</b>
Junior,Bramley Sunnyside Junior,Waterproof Fleece (NON REVERSIBLE),3JM,DR,23,0,<b style=color:#ff0000;>Made to order only. This is a Non-Exchangeable & Non-Refundable product.</b>
Junior,Brampton Cortonwood,Sweatshirt (With Logo),3SR,DD,8.5,0,
Junior,Brampton the Ellis C of E,Sweatshirt (With Logo),3SR,DD,8.5,0,
Junior,Brampton the Ellis C of E,Polo Shirt (With Logo),3PP,WHT,6.75,0,
Junior,Wharncliffe Side Primary School,Polo Shirt (With Logo),3PP,NB,6.75,0,
Junior,Brinsworth Howarth Primary,Polo Shirt (With Logo),3PP,JD,6.75,0,
Junior,Brinsworth Howarth Primary,Fleece (With Logo),3JP,BT,16,0,<b style=color:#ff0000;>Made to order only. This is a Non-Exchangeable & Non-Refundable product.</b>
Junior,Brinsworth Howarth Primary,Waterproof Fleece (NON REVERSIBLE),3JM,BT,23,0,<b style=color:#ff0000;>Made to order only. This is a Non-Exchangeable & Non-Refundable product.</b>
Senior,All Saints Catholic High School,Polo Shirt,3PP,WHT,6.75,10,
Junior,Brinsworth Manor Junior ,Sweatshirt (With Logo),3SR,RD,8.5,0,
Junior,Brinsworth Manor Junior ,Fleece (With Logo),3JP,RD,16,0,<b style=color:#ff0000;>Made to order only. This is a Non-Exchangeable & Non-Refundable product.</b>
Junior,Brinsworth Manor Junior ,Waterproof Fleece (NON REVERSIBLE),3JM,RD,23,0,<b style=color:#ff0000;>Made to order only. This is a Non-Exchangeable & Non-Refundable product.</b>
Junior,Brinsworth Manor Junior ,Polo Shirt (With Logo),3PP,RD,6.75,0,
Junior,Brinsworth Manor Junior ,Polo Shirt (With Logo),3PP,WHT,6.75,0,
Junior,Brinsworth Manor Junior ,Cardigan (With Logo),3SC,RD,9,0,
Junior,Brinsworth Manor Junior ,Bookbag,BB03,RD,4.5,0,
Junior,Brinsworth Whitehill,Sweatshirt (With Logo),3SR,DD,8.5,0,
Junior,Brockley Primary,Sweatshirt (With Logo),3SR,DD,8.5,0,
Junior,Brockley Primary,Polo Shirt (With Logo),3PP,WHT,6.75,0,
Junior,Brockley Primary,Polo Shirt (With Logo),3PP,DR,6.75,0,
Junior,Brockley Primary,Bookbag,BB03,RY,4.5,0,
Junior,Brockley Primary,Waterproof Fleece (NON REVERSIBLE),3JM,DR,23,0,
Junior,Brockley Primary,Fleece (With Logo),3JP,DR,16,0,
Junior,Brockley Primary,Cardigan (With Logo),3SC,DD,9,0,
Junior,Brook House Junior,Sweatshirt (With Logo),3SR,NB,8.5,0,
Junior,Brook House Junior,Polo Shirt (With Logo),3PP,SB,6.75,0,
Junior,Brook House Junior,Polo Shirt (With Logo),3PP,WHT,6.75,0,
Junior,Brook House Junior,Cardigan (With Logo),3SC,NB,9,0,
Junior,Brunswick Primary,Sweatshirt (With Logo),3SR,BK,8.5,0,
Junior,Brunswick Primary,Polo Shirt (With Logo),3PP,RD,6.75,0,
Junior,Brunswick Primary,Bookbag,BB03,BK,4.5,0,
Junior,Brunswick Primary,Waterproof Fleece (NON REVERSIBLE),3JM,BK,23,0,<b style=color:#ff0000;>Made to order only. This is a Non-Exchangeable & Non-Refundable product.</b>
Junior,Brunswick Primary,Cardigan (With Logo),3SC,BK,9,0,
Junior,Brunswick Primary,Fleece (With Logo),3JP,BK,16,0,<b style=color:#ff0000;>Made to order only. This is a Non-Exchangeable & Non-Refundable product.</b>
Junior,Calow CofE Primary,Sweatshirt (With Logo),3SR,NB,8.5,0,
Junior,Calow CofE Primary,Polo Shirt (With Logo),3PP,WHT,6.75,0,
Junior,Calow CofE Primary,Cardigan (With Logo),3SC,NB,9,0,
Junior,Calow CofE Primary,Waterproof Fleece (NON REVERSIBLE),3JM,NB,23,0,
Junior,Calow CofE Primary,Fleece (With Logo),3JP,NB,16,0,
Junior,Calow CofE Primary,Bookbag,BB03,NB,4.5,0,
Junior,Canklow Woods Primary,Sweatshirt (With Logo),3SR,DD,8.5,0,
Junior,Canklow Woods Primary,Cardigan (With Logo),3SC,DD,9,0,
Junior,Canklow Woods Primary,Polo Shirt (With Logo),3PP,SB,6.75,0,
Junior,Canklow Woods Primary,Polo Shirt (With Logo),3PP,DR,6.75,0,
Junior,Castle View Primary School,Sweatshirt (With Logo),3SR,NB,8.5,0,
Junior,Castle View Primary School,Cardigan (With Logo),3SC,NB,9,0,
Junior,Castle View Primary School,Waterproof Fleece (NON REVERSIBLE),3JM,NB,23,0,
Junior,Castle View Primary School,Shadow Stripe Shorts,3BS,BK,2.5,0,
Junior,Castle View Primary School,Drawstring Bag,SH5890,NB,3,0,
Junior,Castle View Primary School,"Pinders Set which includes 3TC T-Shirt, 3BS Shorts & SH5890 PE Bag",PEKIT,WHT-BLK-NB,10,0,
Junior,Catcliffe Primary,Sweatshirt (With Logo),3SR,DD,8.5,0,
Junior,Catcliffe Primary,Cardigan (With Logo),3SC,DD,9,0,
Junior,Catcliffe Primary,Polo Shirt (With Logo),3PP,WHT,6.75,0,
Junior,Catcliffe Primary,Waterproof Fleece (NON REVERSIBLE),3JM,DR,23,0,<b style=color:#ff0000;>Made to order only. This is a Non-Exchangeable & Non-Refundable product.</b>
Junior,Catcliffe Primary,Fleece (With Logo),3JP,DR,16,0,<b style=color:#ff0000;>Made to order only. This is a Non-Exchangeable & Non-Refundable product.</b>
Junior,Catcliffe Primary,Bookbag,BB03,RY,4.5,0,
Junior,Charnock Hall,Sweatshirt (With Logo),3SR,DD,8.5,0,
Junior,Charnock Hall,Cardigan (With Logo),3SC,DD,9,0,
Junior,Charnock Hall,Polo Shirt (With Logo),3PP,SB,6.75,0,
Junior,Charnock Hall,Polo Shirt (With Logo),3PP,WHT,6.75,0,
Junior,Charnock Hall,Fleece (With Logo),3JP,DR,16,0,
Junior,Charnock Hall,Waterproof Fleece (NON REVERSIBLE),3JM,DR,23,0,<b style=color:#ff0000;>Made to order only. This is a Non-Exchangeable & Non-Refundable product.</b>
Junior,Charnock Hall,Bookbag,BB03,RY,4.5,0,
Junior,Chaucer BEC,Sweatshirt (With Logo),3SR,NB,8.5,0,
Junior,Chaucer BEC,Cardigan (With Logo),3SC,NB,9,0,
Junior,Chaucer BEC,Fleece (With Logo),3JP,NB,16,0,
Junior,Chaucer BEC,Waterproof Fleece (NON REVERSIBLE),3JM,NB,23,0,
Junior,Christ Church Primary Chesterfield,Sweatshirt (With Logo),3SR,RD,8.5,0,
Junior,Christ Church Primary Chesterfield,Cardigan (With Logo),3SC,RD,9,0,
Junior,Christ Church Primary Chesterfield,Waterproof Fleece (NON REVERSIBLE),3JM,RD,23,0,
Junior,Christ Church Primary Chesterfield,Fleece (With Logo),3JP,RD,16,0,
Junior,Clowne Junior,Sweatshirt (With Logo),3SR,DD,8.5,0,
Junior,Clowne Junior,Cardigan (With Logo),3SC,DD,9,0,
Junior,Clowne Junior,Fleece (With Logo),3JP,DR,16,0,<b style=color:#ff0000;>Made to order only. This is a Non-Exchangeable & Non-Refundable product.</b>
Junior,Clowne Junior,Waterproof Fleece (NON REVERSIBLE),3JM,DR,23,0,<b style=color:#ff0000;>Made to order only. This is a Non-Exchangeable & Non-Refundable product.</b>
Junior,Clowne Junior,Bookbag,BB03,RY,4.5,0,
Junior,Coleridge Primary,Sweatshirt (With Logo),3SR,DJ,8.5,0,
Junior,Coleridge Primary,Cardigan (With Logo),3SC,DJ,9,0,
Junior,Coleridge Primary,Polo Shirt (With Logo),3PP,WHT,6.75,0,
Junior,Creswell CofE Infants And Nursery,Sweatshirt (With Logo),3SR,DD,8.5,0,<b style=color:#ff0000;>Made to order only. This is a Non-Exchangeable & Non-Refundable product.</b>
Junior,Creswell CofE Infants And Nursery,Cardigan (With Logo),3SC,DD,9,0,<b style=color:#ff0000;>Made to order only. This is a Non-Exchangeable & Non-Refundable product.</b>
Junior,Creswell CofE Infants And Nursery,Polo Shirt (With Logo),3PP,WHT,6.75,0,<b style=color:#ff0000;>Made to order only. This is a Non-Exchangeable & Non-Refundable product.</b>
Junior,Creswell CofE Infants And Nursery,Waterproof Fleece (NON REVERSIBLE),3JM,DR,23,0,<b style=color:#ff0000;>Made to order only. This is a Non-Exchangeable & Non-Refundable product.</b>
Junior,Creswell CofE Infants And Nursery,Fleece (With Logo),3JP,DR,16,0,<b style=color:#ff0000;>Made to order only. This is a Non-Exchangeable & Non-Refundable product.</b>
Junior,Creswell CofE Infants And Nursery,Bookbag,BB03,RY,4.5,0,This is a Non-Exchangeable & Non-Refundable product
Category,Boys Trousers,BOYS PULL UP TROUSERS,BPT,BK_NB_GY,8,10,
Junior,Aughton Junior Academy,ACET Gold Stripe Jumper,ACET,GD,14,18.5,<b style=color:#ff0000;>Made to order only. This is a Non-Exchangeable & Non-Refundable product.</b>
Junior,Listerdale Junior Academy,Polo Shirt (With Logo),3PP,GD,5.75,0,<b style=color:#ff0000;>Made to order only. This is a Non-Exchangeable & Non-Refundable product.</b>
Junior,Listerdale Junior Academy,Waterproof Fleece (NON REVERSIBLE),3JM,BK,23,0,<b style=color:#ff0000;>Made to order only. This is a Non-Exchangeable & Non-Refundable product.</b>
Junior,Listerdale Junior Academy,Bookbag,BB03,BK,4.5,0,<b style=color:#ff0000;>Made to order only. This is a Non-Exchangeable & Non-Refundable product.</b>
Junior,Listerdale Junior Academy,Document Case,DC01,BK,9,0,<b style=color:#ff0000;>Made to order only. This is a Non-Exchangeable & Non-Refundable product.</b>
Junior,Listerdale Junior Academy,PE T-Shirt  (Plain),3TC,GD,3.5,0,<b style=color:#ff0000;>Made to order only. This is a Non-Exchangeable & Non-Refundable product.</b>
Junior,Listerdale Junior Academy,Elasticated Tie,ETIE,BK-GD,3.5,0,<b style=color:#ff0000;>Made to order only. This is a Non-Exchangeable & Non-Refundable product.</b>
Junior,Denaby Main Primary,Sweatshirt (With Logo),3SR,DJ,8.5,0,
Junior,Denaby Main Primary,Cardigan (With Logo),3SC,DJ,9,0,
Junior,Denaby Main Primary,Polo Shirt (With Logo),3PP,WHT,6.75,0,
Junior,Dinnington Community Primary,Polo Shirt (With Logo),3PP,RD,6.75,0,
Junior,Dinnington Pre,Waterproof Fleece (NON REVERSIBLE),3JM,NB,23,0,
Junior,Dobcroft Infants,Sweatshirt (With Logo),3SR,NB,8.5,0,
Junior,Dobcroft Infants,Sweatshirt (With Logo),3SR,JD,8.5,0,
Junior,Dobcroft Infants,Cardigan (With Logo),3SC,NB,9,0,
Junior,Dobcroft Infants,Cardigan (With Logo),3SC,JD,9,0,
Junior,Dobcroft Infants,Polo Shirt (With Logo),3PP,WHT,6.75,0,
Junior,Dobcroft Infants,Polo Shirt (With Logo),3PP,NB,6.75,0,
Junior,Dobcroft Infants,Polo Shirt (With Logo),3PP,JD,6.75,0,
Junior,Dobcroft Infants,Bookbag,BB03,NB,4.5,0,
Junior,Dore Primary,Sweatshirt (With Logo),3SR,DD,8.5,0,
Junior,Dore Primary,Cardigan (With Logo),3SC,DD,9,0,
Junior,Dore Primary,Polo Shirt (With Logo),3PP,WHT,6.75,0,
Junior,Dore Primary,Waterproof Fleece (NON REVERSIBLE),3JM,DR,23,0,<b style=color:#ff0000;>Made to order only. This is a Non-Exchangeable & Non-Refundable product.</b>
Junior,Dore Primary,Fleece (With Logo),3JP,DR,16,0,<b style=color:#ff0000;>Made to order only. This is a Non-Exchangeable & Non-Refundable product.</b>
Junior,Dore Primary,Bookbag,BB03,RY,4.5,0,
Junior,Dronfield Infants,Sweatshirt (With Logo),3SR,RD,8.5,0,
Junior,Dronfield Infants,Cardigan (With Logo),3SC,RD,9,0,
Junior,Dronfield Infants,Polo Shirt (With Logo),3PP,WHT,6.75,0,
Junior,Dronfield Infants,Waterproof Fleece (NON REVERSIBLE),3JM,RD,23,0,
Junior,Dronfield Infants,Fleece (With Logo),3JP,RD,16,0,
Junior,Dronfield Infants,Bookbag,BB03,RD,4.5,0,
Junior,Dronfield Junior,Sweatshirt (With Logo),3SR,BY,8.5,0,
Junior,Dronfield Junior,Polo Shirt (With Logo),3PP,SB,6.75,0,
Junior,Dronfield Junior,Polo Shirt (With Logo),3PP,WHT,6.75,0,
Junior,Dronfield Junior,Cardigan (With Logo),3SC,BY,9,0,
Junior,Dronfield Junior,Fleece (With Logo),3JP,BY,16,0,<b style=color:#ff0000;>Made to order only. This is a Non-Exchangeable & Non-Refundable product.</b>
Junior,Dronfield Junior,Waterproof Fleece (NON REVERSIBLE),3JM,BY,23,0,<b style=color:#ff0000;>Made to order only. This is a Non-Exchangeable & Non-Refundable product.</b>
Junior,Dronfield Junior,Bookbag,BB03,MRN,4.5,0,
Junior,Dunstan Primary,Sweatshirt (With Logo),3SR,BY,8.5,0,
Junior,Dunstan Primary,Cardigan (With Logo),3SC,BY,9,0,
Junior,Dunstan Primary,Polo Shirt (With Logo),3PP,WHT,6.75,0,
Junior,Dunstan Primary,Fleece (With Logo),3JP,BY,16,0,
Junior,Dunstan Primary,Waterproof Fleece (NON REVERSIBLE),3JM,BY,23,0,
Junior,East Dene Primary,Sweatshirt (With Logo),3SR,DD,8.5,0,
Junior,East Dene Primary,Cardigan (With Logo),3SC,DD,9,0,
Junior,East Dene Primary,Polo Shirt (With Logo),3PP,WHT,6.75,0,
Junior,East Dene Primary,Fleece (With Logo),3JP,DR,16,0,<b style=color:#ff0000;>Made to order only. This is a Non-Exchangeable & Non-Refundable product.</b>
Junior,Ecclesall Infants,Sweatshirt (With Logo),3SR,DD,8.5,0,
Junior,Ecclesall Infants,Cardigan (With Logo),3SC,DD,9,0,
Junior,Ecclesall Infants,Fleece (With Logo),3JP,DR,16,0,
Junior,Ecclesall Infants,Waterproof Fleece (NON REVERSIBLE),3JM,DR,23,0,
Junior,Ecclesall Infants,Bookbag,BB03,RY,4.5,0,
Junior,Ecclesfield Primary,Sweatshirt (With Logo),3SR,NB,8.5,0,
Junior,Ecclesfield Primary,Polo Shirt (With Logo),3PP,RD,6.75,0,
Junior,Ecclesfield Primary,Fleece (With Logo),3JP,NB,16,0,
Junior,Ecclesfield Primary,Cardigan (With Logo),3SC,NB,9,0,
Junior,Ecclesfield Primary,Waterproof Fleece (NON REVERSIBLE),3JM,NB,23,0,
Junior,Ecclesfield Primary,Bookbag,BB03,NB,4.5,0,
Junior,Eckington Camms CofE,Sweatshirt (With Logo),3SR,RD,8.5,0,
Junior,Eckington Camms CofE,Sweatshirt (With Logo),3SR,DD,8.5,0,
Junior,Eckington Camms CofE,Polo Shirt (With Logo),3PP,RD,6.75,0,
Junior,Eckington Camms CofE,Polo Shirt (With Logo),3PP,DR,6.75,0,
Junior,Eckington Camms CofE,Cardigan (With Logo),3SC,RD,9,0,
Junior,Eckington Camms CofE,Cardigan (With Logo),3SC,DD,9,0,
Junior,Eckington Camms CofE,Fleece (With Logo),3JP,RD,16,0,<b style=color:#ff0000;>Made to order only. This is a Non-Exchangeable & Non-Refundable product.</b>
Junior,Eckington Camms CofE,Fleece (With Logo),3JP,DR,16,0,
Junior,Eckington Camms CofE,Waterproof Fleece (NON REVERSIBLE),3JM,RD,23,0,<b style=color:#ff0000;>Made to order only. This is a Non-Exchangeable & Non-Refundable product.</b>
Junior,Eckington Camms CofE,Waterproof Fleece (NON REVERSIBLE),3JM,DR,23,0,
Junior,Eckington Camms CofE,Bookbag,BB03,RD,4.5,0,
Junior,Eckington Camms CofE,Bookbag,BB03,RY,4.5,0,
Junior,Eckington Junior,Sweatshirt (With Logo),3SR,DD,8.5,0,
Junior,Eckington Junior,Polo Shirt (With Logo),3PP,WHT,6.75,0,
Junior,Eckington Junior,Fleece (With Logo),3JP,DR,16,0,<b style=color:#ff0000;>Made to order only. This is a Non-Exchangeable & Non-Refundable product.</b>
Junior,Eckington Junior,Waterproof Fleece (NON REVERSIBLE),3JM,DR,23,0,<b style=color:#ff0000;>Made to order only. This is a Non-Exchangeable & Non-Refundable product.</b>
Junior,Eckington Junior,Cardigan (With Logo),3SC,DD,9,0,
Junior,Eckington Junior,Bookbag,BB03,RY,4.5,0,
Junior,Emmanuel Junior,Sweatshirt (With Logo),3SR,DD,8.5,0,
Junior,Emmanuel Junior,Polo Shirt (With Logo),3PP,DR,6.75,0,
Junior,Emmanuel Junior,Polo Shirt (With Logo),3PP,WHT,6.75,0,
Junior,Emmanuel Junior,Fleece (With Logo),3JP,DR,16,0,<b style=color:#ff0000;>Made to order only. This is a Non-Exchangeable & Non-Refundable product.</b>
Junior,Emmanuel Junior,Cardigan (With Logo),3SC,DD,9,0,
Junior,Emmanuel Junior,Bookbag,BB03,RY,4.5,0,
Junior,Emmanuel Junior,Waterproof Fleece (NON REVERSIBLE),3JM,DR,23,0,<b style=color:#ff0000;>Made to order only. This is a Non-Exchangeable & Non-Refundable product.</b>
Junior,Emmaus Primary,Sweatshirt (With Logo),3SR,NB,8.5,0,
Junior,Emmaus Primary,Polo Shirt (With Logo),3PP,DJ,6.75,0,
Junior,Emmaus Primary,Fleece (With Logo),3JP,NB,16,0,<b style=color:#ff0000;>Made to order only. This is a Non-Exchangeable & Non-Refundable product.</b>
Junior,Emmaus Primary,Cardigan (With Logo),3SC,NB,9,0,
Junior,Emmaus Primary,Waterproof Fleece (NON REVERSIBLE),3JM,NB,23,0,<b style=color:#ff0000;>Made to order only. This is a Non-Exchangeable & Non-Refundable product.</b>
Junior,Emmaus Primary,Bookbag,BB03,NB,4.5,0,
Junior,Ferham Primary,Sweatshirt (With Logo),3SR,DD,8.5,0,
Junior,Ferham Primary,Polo Shirt (With Logo),3PP,WHT,6.75,0,
Junior,Ferham Primary,Cardigan (With Logo),3SC,DD,9,0,
Junior,Ferham Primary,Bookbag,BB03,RY,4.5,0,
Junior,Thrybergh Fullerton,Sweatshirt (With Logo),3SR,RD,8.5,0,
Junior,Thrybergh Fullerton,Polo Shirt (With Logo),3PP,RD,6.75,0,
Junior,Thrybergh Fullerton,Polo Shirt (With Logo),3PP,WHT,6.75,0,
Senior,King Ecgbert,Falcon Rugby Shirt,R200,NB-SB-WHT,23,28,<b style=color:#ff0000;>Made to order only. This is a Non-Exchangeable & Non-Refundable product.</b>
Junior,Gorseybrigg Primary,Bookbag,BB03,BT,4.5,0,
Senior,King Ecgbert,Falcon T Shirt,ZR10,NB-SB-WHT,14,17,
Junior,Greasbrough Pre School,Sweatshirt (With Logo),3SR,JD,8.5,0,
Junior,Greasbrough Pre School,Cardigan (With Logo),3SC,JD,9,0,
Junior,Greasbrough Pre School,Polo Shirt (With Logo),3PP,DJ,6.75,0,
Junior,Greasbrough Primary,Sweatshirt (With Logo),3SR,JD,8.5,0,
Junior,Greasbrough Primary,Polo Shirt (With Logo),3PP,WHT,6.75,0,
Senior,All Saints Catholic High School,Blazer - Boys (Without Logo),1UA,NB,25,30,
Junior,Greenhill Primary School,PE T-Shirt (With Logo),3TC,BK,4.5,0,
Junior,Newbold C of E Primary School,Fleece (With Logo),3JP,NB,16,0,<b style=color:#ff0000;>Made to order only. This is a Non-Exchangeable & Non-Refundable product.</b>
Junior,Greasbrough Primary,Cardigan (With Logo),3SC,JD,9,0,
Junior,Greasbrough Primary,Waterproof Fleece (NON REVERSIBLE),3JM,NB,23,0,
Junior,Greasbrough Primary,Fleece (With Logo),3JP,NB,16,0,
Junior,Greenhill Primary School,Sweatshirt (With Logo),3SR,RD,8.5,0,
Junior,Greenhill Primary School,Polo Shirt (With Logo),3PP,BK,6.75,0,
Junior,Greenhill Primary School,Polo Shirt (With Logo),3PP,WHT,6.75,0,
Junior,Kilnhurst Primary,PE T-Shirt (With Logo),3TC,WHT,4.5,0,
Junior,Grenoside Primary,Sweatshirt (With Logo),3SR,NB,8.5,0,
Junior,Grenoside Primary,Polo Shirt (With Logo),3PP,EM,6.75,0,
Junior,Grenoside Primary,Fleece (With Logo),3JP,NB,16,0,<b style=color:#ff0000;>Made to order only. This is a Non-Exchangeable & Non-Refundable product.</b>
Junior,Grenoside Primary,Cardigan (With Logo),3SC,NB,9,0,
Junior,Grenoside Primary,Waterproof Fleece (NON REVERSIBLE),3JM,NB,23,0,<b style=color:#ff0000;>Made to order only. This is a Non-Exchangeable & Non-Refundable product.</b>
Junior,Grenoside Primary,Bookbag,BB03,NB,4.5,0,
Junior,Halfway Junior,Sweatshirt (With Logo),3SR,NB,8.5,0,
Junior,Halfway Junior,Sweatshirt (With Logo),3SR,JD,8.5,0,
Junior,Halfway Junior,Polo Shirt (With Logo),3PP,NB,6.75,0,
Junior,Halfway Junior,Polo Shirt (With Logo),3PP,DJ,6.75,0,
Junior,Halfway Junior,Fleece (With Logo),3JP,NB,16,0,<b style=color:#ff0000;>Made to order only. This is a Non-Exchangeable & Non-Refundable product.</b>
Junior,Halfway Junior,Cardigan (With Logo),3SC,NB,9,0,
Junior,Halfway Junior,Waterproof Fleece (NON REVERSIBLE),3JM,NB,23,0,<b style=color:#ff0000;>Made to order only. This is a Non-Exchangeable & Non-Refundable product.</b>
Junior,Halfway Junior,Bookbag,BB03,NB,4.5,0,
Junior,Harthill Primary,Sweatshirt (With Logo),3SR,NB,8.5,0,
Junior,Harthill Primary,Polo Shirt (With Logo),3PP,WHT,6.75,0,
Junior,Harthill Primary,Polo Shirt (With Logo),3PP,SB,6.75,0,
Junior,Harthill Primary,Fleece (With Logo),3JP,NB,16,0,<b style=color:#ff0000;>Made to order only. This is a Non-Exchangeable & Non-Refundable product.</b>
Junior,Harthill Primary,Cardigan (With Logo),3SC,NB,9,0,
Junior,Harthill Primary,Waterproof Fleece (NON REVERSIBLE),3JM,NB,23,0,<b style=color:#ff0000;>Made to order only. This is a Non-Exchangeable & Non-Refundable product.</b>
Junior,Harthill Primary,Bookbag,BB03,NB,4.5,0,
Junior,Hartley Brook Primary,Sweatshirt (With Logo),3SR,DD,8.5,0,
Junior,Hartley Brook Primary,Fleece (With Logo),3JP,DR,16,0,
Junior,Hartley Brook Primary,Waterproof Fleece (NON REVERSIBLE),3JM,DR,23,0,
Junior,Hartley Brook Primary,Bookbag,BB03,RY,4.5,0,
Junior,Wisewood Primary,Navy Beanie Hat (With Logo),B45B,NB,5.5,0,
Junior,Hasland Schools Infants,Sweatshirt (With Logo),3SR,RD,8.5,0,
Junior,Hasland Schools Infants,Cardigan (With Logo),3SC,RD,9,0,
Junior,Hasland Schools Infants,Fleece (With Logo),3JP,RD,16,0,
Junior,Hasland Schools Infants,Waterproof Fleece (NON REVERSIBLE),3JM,RD,23,0,
Junior,Hasland Schools Infants,Bookbag,BB03,RD,4.5,0,
Junior,Hasland Schools Primary,Sweatshirt (With Logo),3SR,NB,8.5,0,
Junior,Hasland Schools Primary,Fleece (With Logo),3JP,NB,16,0,
Junior,Hasland Schools Primary,Cardigan (With Logo),3SC,NB,9,0,
Junior,Hasland Schools Primary,Waterproof Fleece (NON REVERSIBLE),3JM,NB,23,0,
Junior,Hasland Schools Primary,Bookbag,BB03,NB,4.5,0,
Junior,Hatfield Academy,Pinders Acrylic Jumper,PAJ,GY,14,18.5,
Junior,Hatfield Academy,Pinders Acrylic Cardigan ,PAC,GY,15,19.5,
Junior,Hatfield Academy,Gildan Hoodie (Kids),18500B,BK,12,0,
Junior,Hatfield Academy,Polo Shirt (With Logo),3PP,WHT,6.75,0,
Junior,Hatfield Academy,Document Case,DC01,BK,9,0,
Junior,Hatfield Academy,Waterproof Fleece (NON REVERSIBLE),3JM,BK,23,0,<b style=color:#ff0000;>Made to order only. This is a Non-Exchangeable & Non-Refundable product.</b>
Junior,Hatfield Academy,Fleece,R36JY,OGY,15,0,<b style=color:#ff0000;>Made to order only. This is a Non-Exchangeable & Non-Refundable product.</b>
Junior,Trinity Croft C of E,Cardigan (With Logo),3SC,JD,9,0,
Junior,Hatfield Academy,Shadow Stripe Shorts,3BS,BK,2.5,0,
Junior,Trinity Croft C of E,Cardigan (With Logo),3SC,NB,9,0,
Junior,Hatfield Academy,Bookbag,BB03,BK,4.5,0,
Junior,Heather Garth Primary,Sweatshirt (With Logo),3SR,DD,8.5,0,
Junior,Heather Garth Primary,Polo Shirt (With Logo),3PP,SB,6.75,0,
Junior,Herringthorpe Infants,Sweatshirt (With Logo),3SR,RD,8.5,0,
Junior,Herringthorpe Infants,Sweatshirt (With Logo),3SR,NB,8.5,0,
Junior,Herringthorpe Infants,Polo Shirt (With Logo),3PP,WHT,6.75,0,
Junior,Herringthorpe Infants,Bookbag,BB03,RD,4.5,0,
Junior,Herringthorpe Infants,Bookbag,BB03,NB,4.5,0,
Junior,Herringthorpe Infants,Cardigan (With Logo),3SC,RD,9,0,
Junior,Herringthorpe Infants,Cardigan (With Logo),3SC,NB,9,0,
Junior,Herringthorpe Infants,Fleece (With Logo),3JP,RD,16,0,<b style=color:#ff0000;>Made to order only. This is a Non-Exchangeable & Non-Refundable product.</b>
Junior,Herringthorpe Infants,Fleece (With Logo),3JP,NB,16,0,<b style=color:#ff0000;>Made to order only. This is a Non-Exchangeable & Non-Refundable product.</b>
Junior,Herringthorpe Infants,Waterproof Fleece (NON REVERSIBLE),3JM,RD,23,0,<b style=color:#ff0000;>Made to order only. This is a Non-Exchangeable & Non-Refundable product.</b>
Junior,Herringthorpe Infants,Waterproof Fleece (NON REVERSIBLE),3JM,NB,23,0,<b style=color:#ff0000;>Made to order only. This is a Non-Exchangeable & Non-Refundable product.</b>
Junior,Herringthorpe Junior,Sweatshirt (With Logo),3SR,DD,8.5,0,
Junior,Herringthorpe Junior,Cardigan (With Logo),3SC,DD,9,0,
Junior,Herringthorpe Junior,Fleece (With Logo),3JP,DR,16,0,<b style=color:#ff0000;>Made to order only. This is a Non-Exchangeable & Non-Refundable product.</b>
Junior,Herringthorpe Junior,Waterproof Fleece (NON REVERSIBLE),3JM,DR,23,0,<b style=color:#ff0000;>Made to order only. This is a Non-Exchangeable & Non-Refundable product.</b>
Junior,Herringthorpe Junior,Polo Shirt (With Logo),3PP,WHT,6.75,0,
Junior,Herringthorpe Junior,Bookbag,BB03,RY,4.5,0,
Junior,High Greave Junior,Sweatshirt (With Logo),3SR,NB,8.5,0,
Junior,High Greave Junior,Polo Shirt (With Logo),3PP,WHT,6.75,0,
Junior,High Greave Junior,Bookbag,BB03,NB,4.5,0,
Junior,High Greave Junior,Cardigan (With Logo),3SC,NB,9,0,
Junior,High Greave Junior,Fleece (With Logo),3JP,NB,16,0,<b style=color:#ff0000;>Made to order only. This is a Non-Exchangeable & Non-Refundable product.</b>
Junior,High Green Primary,Sweatshirt (With Logo),3SR,RD,8.5,0,
Junior,High Green Primary,Polo Shirt (With Logo),3PP,RD,6.75,0,
Junior,Highfield Hall Primary,Sweatshirt (With Logo),3SR,RD,8.5,0,
Junior,Highfield Hall Primary,Cardigan (With Logo),3SC,RD,9,0,
Junior,Highfield Hall Primary,Fleece (With Logo),3JP,RD,16,0,
Junior,Highfield Hall Primary,Waterproof Fleece (NON REVERSIBLE),3JM,RD,23,0,
Junior,Highfield Hall Primary,Bookbag,BB03,RD,4.5,0,
Junior,High Hazels Academy,Pinders Acrylic Cardigan ,PAC,NB,15,19.5,
Junior,High Hazels Academy,Pinders Acrylic Jumper,PAJ,NB,14,18.5,
Junior,High Hazels Academy,Bookbag,BB03,NB,4.5,0,
Junior,High Hazels Academy,Document Case,DC01,NB,9,0,
Junior,High Hazels Academy,Drawstring Bag,SH5890,NB,3,0,
Junior,Highwoods Primary Mexborough,Sweatshirt (With Logo),3SR,DD,8.5,0,
Junior,Highwoods Primary Mexborough,Bookbag,BB03,RY,4.5,0,
Junior,Hill Top Tots Nursery,Sweatshirt (With Logo),3SR,RD,8.5,0,
Junior,Hill Top Tots Nursery,Polo Shirt (With Logo),3PP,RD,6.75,0,
Junior,Hill Top Tots Nursery,Cardigan (With Logo),3SC,RD,9,0,
Junior,Hill Top Tots Nursery,Fleece (With Logo),3JP,RD,16,0,
Junior,Hill Top Tots Nursery,Waterproof Fleece (NON REVERSIBLE),3JM,RD,23,0,
Junior,Holgate Meadows Comm,Sweatshirt (With Logo),3SR,BK,8.5,0,
Junior,Milton Special,Polo Shirt,3PP,RD,6.75,10,
Junior,Holgate Meadows Comm,Fleece (With Logo),3JP,BK,16,0,
Junior,Holgate Meadows Comm,Waterproof Fleece (NON REVERSIBLE),3JM,BK,23,0,
Junior,Hollingwood Primary,Sweatshirt (With Logo),3SR,NB,8.5,0,
Junior,Hollingwood Primary,Cardigan (With Logo),3SC,NB,9,0,
Junior,Hollingwood Primary,Fleece (With Logo),3JP,NB,16,0,<b style=color:#ff0000;>Made to order only. This is a Non-Exchangeable & Non-Refundable product.</b>
Junior,Hollingwood Primary,Waterproof Fleece (NON REVERSIBLE),3JM,NB,23,0,<b style=color:#ff0000;>Made to order only. This is a Non-Exchangeable & Non-Refundable product.</b>
Junior,Hollingwood Primary,Bookbag,BB03,NB,4.5,0,
Junior,Holmesdale Infant,Shadow Stripe Shorts,3BS,NB,2.5,0,
Junior,Holmesdale Infant,Waterproof Fleece (NON REVERSIBLE),3JM,NB,23,0,<b style=color:#ff0000;>Made to order only. This is a Non-Exchangeable & Non-Refundable product.</b>
Junior,Holy Trinity C of E,Sweatshirt (With Logo),3SR,DD,8.5,0,
Junior,Holy Trinity C of E,Cardigan (With Logo),3SC,DD,9,0,
Junior,Hoyland Common Primary,Sweatshirt (With Logo),3SR,JD,8.5,0,
Junior,Hoyland Common Primary,Cardigan (With Logo),3SC,JD,9,0,
Junior,Hoyland Common Primary,Polo Shirt (With Logo),3PP,NB,6.75,0,
Junior,Hoyland Common Primary,Fleece (With Logo),3JP,NB,16,0,
Junior,Hunloke Park Primary,Sweatshirt (With Logo),3SR,DD,8.5,0,
Junior,Inkersall Primary,Sweatshirt (With Logo),3SR,DD,8.5,0,
Junior,Inkersall Primary,Cardigan (With Logo),3SC,DD,9,0,
Junior,Inkersall Primary,Fleece (With Logo),3JP,DR,16,0,
Junior,Inkersall Primary,Waterproof Fleece (NON REVERSIBLE),3JM,DR,23,0,
Junior,Inkersall Primary,Bookbag,BB03,RY,4.5,0,
Junior,Intake Pre,Sweatshirt (With Logo),3SR,DD,8.5,0,
Junior,Intake Pre,Polo Shirt (With Logo),3PP,GD,6.75,0,
Junior,Nether Edge Nursery,Polo Shirt (With Logo),3PP,WHT,6.75,0,
Junior,Killamarsh Infant & Nursery,Sweatshirt (With Logo),3SR,RD,8.5,0,
Junior,Nether Edge Nursery,Sweatshirt,18000B,GH,9.5,0,
Junior,Killamarsh Infant & Nursery,Polo Shirt (With Logo),3PP,RD,6.75,0,
Junior,Killamarsh Infant & Nursery,Fleece (With Logo),3JP,RD,16,0,<b style=color:#ff0000;>Made to order only. This is a Non-Exchangeable & Non-Refundable product.</b>
Junior,Oasis Academy Don Valley Junior,Bookbag,BB03,NB,4.5,0,
Junior,Killamarsh Infant & Nursery,Waterproof Fleece (NON REVERSIBLE),3JM,RD,23,0,<b style=color:#ff0000;>Made to order only. This is a Non-Exchangeable & Non-Refundable product.</b>
Junior,Nether Edge Nursery,Cardigan (With Logo),3SC,JD,9,0,
Junior,Killamarsh Infant & Nursery,Cardigan (With Logo),3SC,RD,9,0,
Junior,Oasis Academy Don Valley Junior,Document Case,DC01,NB,9,0,
Junior,Killamarsh Junior,Sweatshirt (With Logo),3SR,NB,8.5,0,
Junior,Killamarsh Junior,Polo Shirt (With Logo),3PP,WHT,6.75,0,
Junior,Killamarsh Junior,Fleece (With Logo),3JP,NB,16,0,<b style=color:#ff0000;>Made to order only. This is a Non-Exchangeable & Non-Refundable product.</b>
Junior,Killamarsh Junior,Waterproof Fleece (NON REVERSIBLE),3JM,NB,23,0,<b style=color:#ff0000;>Made to order only. This is a Non-Exchangeable & Non-Refundable product.</b>
Junior,Killamarsh Junior,Cardigan (With Logo),3SC,NB,9,0,
Junior,Killamarsh Junior,Bookbag,BB03,NB,4.5,0,
Junior,Kilnhurst Primary,Sweatshirt (With Logo),3SR,RD,8.5,0,
Junior,Wharncliffe Side Primary School,PE T-Shirt (With Logo),3TC,WHT,4.5,0,
Junior,Kilnhurst Primary,Cardigan (With Logo),3SC,RD,9,0,
Junior,Kilnhurst Primary,Fleece (With Logo),3JP,RD,16,0,<b style=color:#ff0000;>Made to order only. This is a Non-Exchangeable & Non-Refundable product.</b>
Junior,Kilnhurst Primary,Waterproof Fleece (NON REVERSIBLE),3JM,RD,23,0,<b style=color:#ff0000;>Made to order only. This is a Non-Exchangeable & Non-Refundable product.</b>
Junior,Kilnhurst Primary,Bookbag,BB03,RD,4.5,0,
Junior,Foljambe Primary Campus,Cardigan (With Logo),3SC,BK,9,0,
Junior,Kingston Park Primary,Sweatshirt (With Logo),3SR,RD,8.5,0,
Junior,Kingston Park Primary,Polo Shirt (With Logo),3PP,NB,6.75,0,
Junior,Kirk Balk,Sweatshirt (With Logo),3SR,DD,8.5,0,
Junior,Kirk Balk,Polo Shirt (With Logo),3PP,SB,6.75,0,
Junior,Kirk Balk,Polo Shirt (With Logo),3PP,DR,6.75,0,
Junior,Kiveton Park Infants,Sweatshirt (With Logo),3SR,BY,8.5,0,
Junior,Kiveton Park Infants,Cardigan (With Logo),3SC,BY,9,0,
Junior,Kiveton Park Infants,Polo Shirt (With Logo),3PP,WHT,6.75,0,
Junior,Kiveton Park Infants,Bookbag,BB03,BY,4.5,0,
Junior,Kiveton Park Infants,Waterproof Fleece (NON REVERSIBLE),3JM,BY,23,0,<b style=color:#ff0000;>Made to order only. This is a Non-Exchangeable & Non-Refundable product.</b>
Junior,Kiveton Park Infants,Premier LC V Neck Jumper,1WW,MRN,16,0,
Junior,Kiveton Park Infants,Premier LC Cardigan,1WC,MRN,17,0,
Junior,Laughton J and I,Sweatshirt (With Logo),3SR,RD,8.5,0,
Junior,Laughton J and I,Polo Shirt (With Logo),3PP,WHT,6.75,0,
Junior,Lenthall Infants,Sweatshirt (With Logo),3SR,DD,8.5,0,
Junior,Lenthall Infants,Sweatshirt (With Logo),3SR,DR,8.5,0,
Junior,Lenthall Infants,Fleece (With Logo),3JP,DR,16,0,
Junior,Lenthall Infants,Waterproof Fleece (NON REVERSIBLE),3JM,DR,23,0,
Junior,Lenthall Infants,Cardigan (With Logo),3SC,DD,9,0,
Junior,Lenthall Infants,Bookbag,BB03,RY,4.5,0,
Junior,Lound Primary Academy,Sweatshirt (With Logo),3SR,NB,8.5,0,
Junior,Lound Primary Academy,Sweatshirt (With Logo),3SR,RD,8.5,0,
Junior,Lound Primary Academy,Cardigan (With Logo),3SC,NB,9,0,
Junior,Lound Primary Academy,Cardigan (With Logo),3SC,RD,9,0,
Junior,Lound Primary Academy,Waterproof Fleece (NON REVERSIBLE),3JM,NB,23,0,
Junior,Lound Primary Academy,Waterproof Fleece (NON REVERSIBLE),3JM,RD,23,0,
Junior,Lound Primary Academy,Shadow Stripe Shorts,3BS,BK,2.5,0,
Junior,Maltby Manor Academy,PE T-Shirt (With Logo),3TC,RD,4.5,0,
Junior,Lound Primary Academy,Bookbag,BB03,RD,4.5,0,
Junior,Springwood Junior Academy,ACET Gold Stripe Jumper,ACET,GD,14,18.5,<b style=color:#ff0000;>Made to order only. This is a Non-Exchangeable & Non-Refundable product.</b>
Junior,Lowedges Junior Academy,Polo Shirt (With Logo),3PP,GD,5.75,0,<b style=color:#ff0000;>Made to order only. This is a Non-Exchangeable & Non-Refundable product.</b>
Junior,Lowedges Junior Academy,Waterproof Fleece (NON REVERSIBLE),3JM,BK,23,0,<b style=color:#ff0000;>Made to order only. This is a Non-Exchangeable & Non-Refundable product.</b>
Junior,Lowedges Junior Academy,Bookbag,BB03,BK,4.5,0,<b style=color:#ff0000;>Made to order only. This is a Non-Exchangeable & Non-Refundable product.</b>
Junior,Lowedges Junior Academy,Document Case,DC01,BK,9,0,<b style=color:#ff0000;>Made to order only. This is a Non-Exchangeable & Non-Refundable product.</b>
Junior,Lowedges Junior Academy,PE T-Shirt  (Plain),3TC,GD,3.5,0,<b style=color:#ff0000;>Made to order only. This is a Non-Exchangeable & Non-Refundable product.</b>
Junior,Lowedges Junior Academy,Elasticated Tie,ETIE,BK-GD,3.5,0,<b style=color:#ff0000;>Made to order only. This is a Non-Exchangeable & Non-Refundable product.</b>
Junior,Lydgate Infant,Sweatshirt (With Logo),3SR,RD,8.5,0,
Junior,Lydgate Infant,Sweatshirt (With Logo),3SR,NB,8.5,0,
Junior,Lydgate Infant,Polo Shirt (With Logo),3PP,RD,6.75,0,
Junior,Lydgate Infant,Polo Shirt (With Logo),3PP,NB,6.75,0,
Junior,Lydgate Junior,Sweatshirt (With Logo),3SR,DD,8.5,0,
Junior,Lydgate Junior,Fleece (With Logo),3JP,DR,16,0,<b style=color:#ff0000;>Made to order only. This is a Non-Exchangeable & Non-Refundable product.</b>
Junior,Lydgate Junior,Waterproof Fleece (NON REVERSIBLE),3JM,DR,23,0,<b style=color:#ff0000;>Made to order only. This is a Non-Exchangeable & Non-Refundable product.</b>
Junior,Lydgate Junior,Cardigan (With Logo),3SC,DD,9,0,
Junior,Lydgate Junior,Bookbag,BB03,RY,4.5,0,
Junior,Malin Bridge,Sweatshirt (With Logo),3SR,NB,8.5,0,
Junior,Malin Bridge,Fleece (With Logo),3JP,NB,16,0,
Junior,Malin Bridge,Waterproof Fleece (NON REVERSIBLE),3JM,NB,23,0,
Junior,Malin Bridge,Cardigan (With Logo),3SC,NB,9,0,
Junior,Malin Bridge,Bookbag,BB03,NB,4.5,0,
Junior,Oasis Academy Watermead,Waterproof Fleece (NON REVERSIBLE),3JM,NB,23,0,<b style=color:#ff0000;>Made to order only. This is a Non-Exchangeable & Non-Refundable product.</b>
Junior,Oasis Academy Watermead,Shadow Stripe Shorts,3BS,NB,2.5,0,
Junior,Maltby Lilly Hall Academy,Polo Shirt (With Logo),3PP,WHT,6.75,0,
Junior,Maltby Lilly Hall Academy,Sweatshirt (With Logo),3SR,DD,8.5,0,
Junior,Maltby Lilly Hall Academy,Cardigan (With Logo),3SC,DD,9,0,
Junior,Maltby Lilly Hall Academy,Fleece (With Logo),3JP,DR,16,0,<b style=color:#ff0000;>Made to order only. This is a Non-Exchangeable & Non-Refundable product.</b>
Junior,Maltby Lilly Hall Academy,Waterproof Fleece (NON REVERSIBLE),3JM,DR,23,0,<b style=color:#ff0000;>Made to order only. This is a Non-Exchangeable & Non-Refundable product.</b>
Junior,Maltby Lilly Hall Academy,Bookbag,BB03,RY,4.5,0,
Junior,Maltby Manor Academy,Sweatshirt (With Logo),3SR,NB,8.5,0,
Junior,Maltby Manor Academy,Polo Shirt (With Logo),3PP,RD,6.75,0,
Junior,Maltby Manor Academy,Cardigan (With Logo),3SC,NB,9,0,
Junior,Maltby Manor Academy,Fleece (With Logo),3JP,NB,16,0,<b style=color:#ff0000;>Made to order only. This is a Non-Exchangeable & Non-Refundable product.</b>
Junior,Maltby Manor Academy,Waterproof Fleece (NON REVERSIBLE),3JM,NB,23,0,<b style=color:#ff0000;>Made to order only. This is a Non-Exchangeable & Non-Refundable product.</b>
Junior,Maltby Manor Academy,Bookbag,BB03,NB,4.5,0,
Junior,Maltby Manor Academy,Shadow Stripe Shorts,3BS,BK,2.5,0,
Junior,Maltby Manor Academy,Document Case,DC01,NB,9,0,
Junior,Manor Lodge,Sweatshirt (With Logo),3SR,DD,8.5,0,
Junior,Manor Lodge,Polo Shirt (With Logo),3PP,SB,6.75,0,
Junior,Manor Lodge,Fleece (With Logo),3JP,DR,16,0,<b style=color:#ff0000;>Made to order only. This is a Non-Exchangeable & Non-Refundable product.</b>
Junior,Manor Lodge,Waterproof Fleece (NON REVERSIBLE),3JM,DR,23,0,<b style=color:#ff0000;>Made to order only. This is a Non-Exchangeable & Non-Refundable product.</b>
Junior,Manor Lodge,Cardigan (With Logo),3SC,DD,9,0,
Junior,Manor Lodge,Bookbag,BB03,RY,4.5,0,
Junior,Marsh Lane,Sweatshirt (With Logo),3SR,DD,8.5,0,
Junior,Marsh Lane,Polo Shirt (With Logo),3PP,DR,6.75,0,
Junior,Marsh Lane,Fleece (With Logo),3JP,DR,16,0,<b style=color:#ff0000;>Made to order only. This is a Non-Exchangeable & Non-Refundable product.</b>
Junior,Marsh Lane,Waterproof Fleece (NON REVERSIBLE),3JM,DR,23,0,<b style=color:#ff0000;>Made to order only. This is a Non-Exchangeable & Non-Refundable product.</b>
Junior,Marsh Lane,Cardigan (With Logo),3SC,DD,9,0,
Junior,Marsh Lane,Bookbag,BB03,RY,4.5,0,
Junior,Dore Primary,Polo Shirt (With Logo),3PP,NB,6.75,0,
Senior,Meadowhead,FOLT T-Shirt,61036,KG,8,0,
Junior,Broom Valley Community School,Document Case,DC01,RY,9,0,
Senior,Meadowhead,Football Socks,KFS,BK,5,5.5,
Junior,Meadow View Primary,Sweatshirt (With Logo),3SR,NB,8.5,0,
Junior,Meadow View Primary,Polo Shirt (With Logo),3PP,SB,6.75,0,
Junior,Meadow View Primary,Bookbag,BB03,NB,4.5,0,
Junior,Meadow View Primary,Cardigan (With Logo),3SC,NB,9,0,
Junior,Aston Lodge,Document Case,DC01,NB,9,0,
Junior,Aston Lodge,Polo Shirt (With Logo),3PP,SB,6.75,0,
Senior,Tapton,FOLT T-Shirt (With Logo),61036,SB,8,0,
Junior,Gorseybrigg Primary,PE Polo Shirt,G920,BK-EM-WHT,14,0,
Junior,Gorseybrigg Primary,Drawstring Bag,SH5890,BT,3,0,
Junior,Milton Special,Sweatshirt (With Logo),3SR,BK,8.5,0,
Junior,Milton Special,Polo Shirt (With Logo),3PP,RD,6.75,0,
Junior,Monkwood Primary,Sweatshirt (With Logo),3SR,NB,8.5,0,
Junior,Monkwood Primary,Cardigan (With Logo),3SC,NB,9,0,
Junior,Monkwood Primary,Polo Shirt (With Logo),3PP,WHT,6.75,0,
Junior,Monkwood Primary,Fleece (With Logo),3JP,NB,16,0,<b style=color:#ff0000;>Made to order only. This is a Non-Exchangeable & Non-Refundable product.</b>
Junior,Monkwood Primary,Waterproof Fleece (NON REVERSIBLE),3JM,NB,23,0,<b style=color:#ff0000;>Made to order only. This is a Non-Exchangeable & Non-Refundable product.</b>
Junior,Monkwood Primary,Bookbag,BB03,NB,4.5,0,
Junior,Monteney Primary,Sweatshirt (With Logo),3SR,DD,8.5,0,
Junior,Monteney Primary,Polo Shirt (With Logo),3PP,WHT,6.75,0,
Junior,Monteney Primary,Fleece (With Logo),3JP,DR,16,0,<b style=color:#ff0000;>Made to order only. This is a Non-Exchangeable & Non-Refundable product.</b>
Junior,Monteney Primary,Waterproof Fleece (NON REVERSIBLE),3JM,DR,23,0,<b style=color:#ff0000;>Made to order only. This is a Non-Exchangeable & Non-Refundable product.</b>
Junior,Monteney Primary,Cardigan (With Logo),3SC,DD,9,0,
Junior,Monteney Primary,Bookbag,BB03,RY,4.5,0,
Junior,Nether Edge Primary and Nursery School,Sweatshirt (With Logo),3SR,JD,8.5,0,"<b>This is a Non-Exchangeable & Non-Refundable product.</b><br/> LIMITED OFFER, ITEMS ARE AVAILABLE ON A FIRST COME FIRST SERVE BASIS* TILL STOCK LAST."
Junior,Nether Edge Primary and Nursery School,Cardigan (With Logo),3SC,JD,9,0,"<b>This is a Non-Exchangeable & Non-Refundable product.</b><br/> LIMITED OFFER, ITEMS ARE AVAILABLE ON A FIRST COME FIRST SERVE BASIS* TILL STOCK LAST."
Junior,Nether Edge Primary and Nursery School,Polo Shirt (With Logo),3PP,WHT,6.75,0,"<b>This is a Non-Exchangeable & Non-Refundable product.</b><br/> LIMITED OFFER, ITEMS ARE AVAILABLE ON A FIRST COME FIRST SERVE BASIS* TILL STOCK LAST."
Junior,Nether Edge Primary and Nursery School,Polo Shirt (With Logo),3PP,SB,6.75,0,"<b>This is a Non-Exchangeable & Non-Refundable product.</b><br/> LIMITED OFFER, ITEMS ARE AVAILABLE ON A FIRST COME FIRST SERVE BASIS* TILL STOCK LAST."
Junior,Nether Edge Primary and Nursery School,Waterproof Fleece (NON REVERSIBLE),3JM,BK,23,0,
Junior,Nether Edge Primary and Nursery School,Bookbag,BB03,BK,4.5,0,
Junior,Nether Edge Primary and Nursery School,Drawstring Bag,SH5890,BK,3,0,
Junior,Nether Green Infant,Sweatshirt (With Logo),3SR,RD,8.5,0,
Junior,Nether Green Infant,Fleece (With Logo),3JP,RD,16,0,
Junior,Nether Green Infant,Cardigan (With Logo),3SC,RD,9,0,
Junior,Nether Green Infant,Waterproof Fleece (NON REVERSIBLE),3JM,RD,23,0,
Junior,Nether Green Infant,Bookbag,BB03,RD,4.5,0,
Junior,Newbold Pre School Nursery,Sweatshirt (With Logo),3SR,NB,8.5,0,
Junior,Newbold Pre School Nursery,Polo Shirt (With Logo),3PP,GD,6.75,0,
Junior,Norfolk Comm primary,Sweatshirt (With Logo),3SR,DD,8.5,0,
Junior,Norfolk Comm primary,Polo Shirt (With Logo),3PP,GD,6.75,0,
Junior,Norfolk Comm primary,Fleece (With Logo),3JP,DR,16,0,<b style=color:#ff0000;>Made to order only. This is a Non-Exchangeable & Non-Refundable product.</b>
Junior,Norfolk Comm primary,Cardigan (With Logo),3SC,DD,9,0,
Junior,Norfolk Park,Sweatshirt (With Logo),3SR,NB,8.5,0,
Junior,Norfolk Park,Fleece (With Logo),3JP,NB,16,0,
Junior,Norfolk Park,Waterproof Fleece (NON REVERSIBLE),3JM,NB,23,0,
Junior,Norfolk Park,Cardigan (With Logo),3SC,NB,9,0,
Junior,Norfolk Park,Bookbag,BB03,NB,4.5,0,
Junior,Norfolk Park,Polo Shirt (With Logo),3PP,GY,6.75,0,
Junior,Northfield Junior,Sweatshirt (With Logo),3SR,BT,8.5,0,
Junior,Northfield Junior,Polo Shirt (With Logo),3PP,WHT,6.75,0,
Junior,Northfield Junior,Fleece (With Logo),3JP,BT,16,0,<b style=color:#ff0000;>Made to order only. This is a Non-Exchangeable & Non-Refundable product.</b>
Junior,Northfield Junior,Cardigan (With Logo),3SC,BT,9,0,
Junior,Northfield Junior,Waterproof Fleece (NON REVERSIBLE),3JM,BT,23,0,<b style=color:#ff0000;>Made to order only. This is a Non-Exchangeable & Non-Refundable product.</b>
Junior,Northfield Junior,Bookbag,BB03,BT,4.5,0,
Junior,Northfield Nursery,Sweatshirt (With Logo),3SR,JD,8.5,0,
Junior,Northfield Nursery,Fleece (With Logo),3JP,BT,16,0,
Junior,Northfield Nursery,Cardigan (With Logo),3SC,JD,9,0,
Junior,Northfield Nursery,Waterproof Fleece (NON REVERSIBLE),3JM,BT,23,0,
Junior,Norton Free,Sweatshirt (With Logo),3SR,DD,8.5,0,
Junior,Norton Free,Polo Shirt (With Logo),3PP,WHT,6.75,0,
Junior,Norton Free,Polo Shirt (With Logo),3PP,DR,6.75,0,
Junior,Norton Free,Fleece (With Logo),3JP,DR,16,0,<b style=color:#ff0000;>Made to order only. This is a Non-Exchangeable & Non-Refundable product.</b>
Junior,Norton Free,Cardigan (With Logo),3SC,DD,9,0,
Junior,Norton Free,Waterproof Fleece (NON REVERSIBLE),3JM,DR,23,0,<b style=color:#ff0000;>Made to order only. This is a Non-Exchangeable & Non-Refundable product.</b>
Junior,Norton Free,Bookbag,BB03,RY,4.5,0,
Junior,Oasis Academy Don Valley Junior,Sweatshirt (With Logo),3SR,KG,8.5,0,
Junior,Oasis Academy Don Valley Junior,Polo Shirt (With Logo),3PP,WHT,6.75,0,
Junior,Oasis Academy Don Valley Junior,Fleece (With Logo),3JP,NB,16,0,
Junior,Oasis Academy Don Valley Junior,Waterproof Fleece (NON REVERSIBLE),3JM,NB,23,0,
Junior,Oasis Academy Don Valley Junior,Cardigan (With Logo),3SC,KG,9,0,
Junior,Oasis Academy Don Valley Junior,Shadow Stripe Shorts,3BS,BK,2.5,0,
Junior,Anston Park Junior School,Polo Shirt (With Logo),3PP,WHT,6.75,0,
Junior,Oasis Academy Don Valley Junior,Drawstring Bag,SH5890,BK,3,0,
Junior,Our Lady and St Josephs,Sweatshirt (With Logo),3SR,DD,8.5,0,
Junior,Our Lady and St Josephs,Cardigan (With Logo),3SC,DD,9,0,
Junior,Our Lady and St Josephs,Polo Shirt (With Logo),3PP,WHT,6.75,0,
Junior,Our Lady and St Josephs,Bookbag,BB03,RY,4.5,0,
Junior,Our Lady and St Josephs,Fleece (With Logo),3JP,DR,16,0,<b style=color:#ff0000;>Made to order only. This is a Non-Exchangeable & Non-Refundable product.</b>
Junior,Our Lady and St Josephs,Waterproof Fleece (NON REVERSIBLE),3JM,DR,23,0,<b style=color:#ff0000;>Made to order only. This is a Non-Exchangeable & Non-Refundable product.</b>
Junior,Parsons Cross Primary,Sweatshirt (With Logo),3SR,DD,8.5,0,
Junior,Parsons Cross Primary,Polo Shirt (With Logo),3PP,DR,6.75,0,
Junior,Parsons Cross Primary,Polo Shirt (With Logo),3PP,SB,6.75,0,
Junior,Peafield Lane Academy,Cardigan (With Logo),3SC,BT,9,0,
Junior,Phillimore Primary,Sweatshirt (With Logo),3SR,RD,8.5,0,
Junior,Phillimore Primary,Fleece (With Logo),3JP,RD,16,0,
Junior,Phillimore Primary,Cardigan (With Logo),3SC,RD,9,0,
Junior,Phillimore Primary,Waterproof Fleece (NON REVERSIBLE),3JM,RD,23,0,
Junior,Phillimore Primary,Bookbag,BB03,RD,4.5,0,
Junior,Plover Primary,Sweatshirt (With Logo),3SR,NB,8.5,0,
Junior,Prince Edward,Cardigan (With Logo),3SC,BY,9,0,
Junior,Prince Edward,Waterproof Fleece (NON REVERSIBLE),3JM,BY,23,0,<b style=color:#ff0000;>Made to order only. This is a Non-Exchangeable & Non-Refundable product.</b>
Junior,Rainbow Forge Academy,Sweatshirt (With Logo),3SR,NB,8.5,0,
Junior,Rainbow Forge Academy,Polo Shirt (With Logo),3PP,SB,6.75,0,
Junior,Rainbow Forge Academy,Fleece (With Logo),3JP,NB,16,0,<b style=color:#ff0000;>Made to order only. This is a Non-Exchangeable & Non-Refundable product.</b>
Junior,Rainbow Forge Academy,Waterproof Fleece (NON REVERSIBLE),3JM,NB,23,0,<b style=color:#ff0000;>Made to order only. This is a Non-Exchangeable & Non-Refundable product.</b>
Junior,Rainbow Forge Academy,Cardigan (With Logo),3SC,NB,9,0,
Junior,Rainbow Forge Academy,Bookbag,BB03,NB,4.5,0,
Junior,Ravenfield Primary,Sweatshirt (With Logo),3SR,RD,8.5,0,
Junior,Ravenfield Primary,Polo Shirt (With Logo),3PP,WHT,6.75,0,
Junior,Ravenfield Primary,Polo Shirt (With Logo),3PP,RD,6.75,0,
Junior,Rawmarsh Childrens Centre,Sweatshirt (With Logo),3SR,DD,8.5,0,
Junior,Rawmarsh Childrens Centre,Polo Shirt (With Logo),3PP,WHT,6.75,0,
Junior,Rawmarsh Childrens Centre,Cardigan (With Logo),3SC,DD,9,0,
Junior,Redscope Primary,Sweatshirt (With Logo),3SR,RD,8.5,0,
Junior,Redscope Primary,Polo Shirt (With Logo),3PP,WHT,6.75,0,
Junior,Redscope Primary,Bookbag,BB03,RD,4.5,0,
Junior,Redscope Primary,Fleece (With Logo),3JP,RD,16,0,<b style=color:#ff0000;>Made to order only. This is a Non-Exchangeable & Non-Refundable product.</b>
Junior,Redscope Primary,Cardigan (With Logo),3SC,RD,9,0,
Junior,Redscope Primary,Waterproof Fleece (NON REVERSIBLE),3JM,RD,23,0,<b style=color:#ff0000;>Made to order only. This is a Non-Exchangeable & Non-Refundable product.</b>
Junior,Rosehill and Ryecroft Primary,PE T-Shirt (With Logo),3TC,WHT,4.5,0,
Junior,Redscope Primary,Shadow Stripe Shorts,3BS,BK,2.5,0,
Junior,Renishaw Primary,Sweatshirt (With Logo),3SR,NB,8.5,0,
Junior,Renishaw Primary,Polo Shirt (With Logo),3PP,WHT,6.75,0,
Junior,Renishaw Primary,Polo Shirt (With Logo),3PP,SB,6.75,0,
Junior,Renishaw Primary,Fleece (With Logo),3JP,NB,16,0,<b style=color:#ff0000;>Made to order only. This is a Non-Exchangeable & Non-Refundable product.</b>
Junior,Renishaw Primary,Cardigan (With Logo),3SC,NB,9,0,
Junior,Renishaw Primary,Waterproof Fleece (NON REVERSIBLE),3JM,NB,23,0,<b style=color:#ff0000;>Made to order only. This is a Non-Exchangeable & Non-Refundable product.</b>
Junior,Renishaw Primary,Bookbag,BB03,NB,4.5,0,
Junior,Ridgeway Primary,Sweatshirt (With Logo),3SR,BY,8.5,0,
Junior,Ridgeway Primary,Cardigan (With Logo),3SC,BY,9,0,
Junior,Ridgeway Primary,Waterproof Fleece (NON REVERSIBLE),3JM,BY,23,0,<b style=color:#ff0000;>Made to order only. This is a Non-Exchangeable & Non-Refundable product.</b>
Junior,Ridgeway Primary,Fleece (With Logo),3JP,BY,16,0,<b style=color:#ff0000;>Made to order only. This is a Non-Exchangeable & Non-Refundable product.</b>
Junior,Ridgeway Primary,Polo Shirt (With Logo),3PP,GD,6.75,0,
Junior,Ridgeway Primary,Bookbag,BB03,MRN,4.5,0,
Junior,Rockingham Primary,Sweatshirt (With Logo),3SR,NB,8.5,0,
Junior,Rockingham Primary,Polo Shirt (With Logo),3PP,WHT,6.75,0,
Junior,Rockingham Primary,Polo Shirt (With Logo),3PP,SB,6.75,0,
Junior,Rockingham Primary,Bookbag,BB03,NB,4.5,0,
Junior,Rockingham Primary,Cardigan (With Logo),3SC,NB,9,0,
Junior,Rosehill and Ryecroft Primary,Sweatshirt (With Logo),3SR,RD,8.5,0,
Junior,Rosehill and Ryecroft Primary,Polo Shirt (With Logo),3PP,WHT,6.75,0,
Junior,Rosehill and Ryecroft Primary,Polo Shirt (With Logo),3PP,RD,6.75,0,
Junior,Rosehill and Ryecroft Primary,Cardigan (With Logo),3SC,RD,9,0,
Junior,Rosehill and Ryecroft Primary,Fleece (With Logo),3JP,RD,16,0,<b style=color:#ff0000;>Made to order only. This is a Non-Exchangeable & Non-Refundable product.</b>
Junior,Rosehill and Ryecroft Primary,Waterproof Fleece (NON REVERSIBLE),3JM,RD,23,0,<b style=color:#ff0000;>Made to order only. This is a Non-Exchangeable & Non-Refundable product.</b>
Senior,Hasland Hall Community,Sweatshirt,3SR,BK,8.5,13,
Junior,Roughwood Primary,PE T-Shirt (With Logo),3TC,WHT,4.5,0,
Junior,Rosehill and Ryecroft Primary,Shadow Stripe Shorts,3BS,BK,2.5,0,
Junior,Roughwood Primary,Sweatshirt (With Logo),3SR,DD,8.5,0,
Junior,Roughwood Primary,Polo Shirt (With Logo),3PP,DR,6.75,0,
Junior,Roughwood Primary,Polo Shirt (With Logo),3PP,WHT,6.75,0,
Junior,Thorpe Hesley Primary School,PE T-Shirt (With Logo),3TC,WHT,4.5,0,
Junior,Roughwood Primary,Cardigan (With Logo),3SC,DD,9,0,
Junior,Roughwood Primary,Waterproof Fleece (NON REVERSIBLE),3JM,DR,23,0,<b style=color:#ff0000;>Made to order only. This is a Non-Exchangeable & Non-Refundable product.</b>
Junior,Roughwood Primary,Fleece (With Logo),3JP,DR,16,0,<b style=color:#ff0000;>Made to order only. This is a Non-Exchangeable & Non-Refundable product.</b>
Junior,Roughwood Primary,Pump Bag (Plain),1BK,RY,3,0,
Junior,Roughwood Primary,Shadow Stripe Shorts,3BS,RY,2.5,0,
Junior,Sacred Heart Primary,Sweatshirt (With Logo),3SR,NB,8.5,0,
Junior,St Mary's Catholic Primary School Herringthorpe,Sweatshirt (With Logo),3SR,DD,8.5,0,
Junior,St Mary's Catholic Primary School Herringthorpe,Polo Shirt (With Logo),3PP,DR,6.75,0,
Junior,St Ann's Stocksbridge,PE T-Shirt (With Logo),3TC,WHT,4.5,0,
Junior,St Mary's Catholic Primary School Herringthorpe,Shadow Stripe Shorts,3BS,BK,2.5,0,
Junior,St Mary's Catholic Primary School Herringthorpe,Bookbag,BB03,RY,4.5,0,
Junior,St Mary's Catholic Primary School Herringthorpe,Waterproof Fleece (NON REVERSIBLE),3JM,DR,23,0,<b style=color:#ff0000;>Made to order only. This is a Non-Exchangeable & Non-Refundable product.</b>
Junior,St Mary's Catholic Primary School Herringthorpe,Fleece (With Logo),3JP,DR,16,0,<b style=color:#ff0000;>Made to order only. This is a Non-Exchangeable & Non-Refundable product.</b>
Junior,St Mary's Catholic Primary School Herringthorpe,Cardigan (With Logo),3SC,DD,9,0,
Junior,Sandhill Primary,Sweatshirt (With Logo),3SR,BY,8.5,0,
Junior,Sandhill Primary,Polo Shirt (With Logo),3PP,WHT,6.75,0,
Junior,Sandhill Primary,Cardigan (With Logo),3SC,BY,9,0,
Junior,Sandhill Primary,Fleece (With Logo),3JP,BY,16,0,<b style=color:#ff0000;>Made to order only. This is a Non-Exchangeable & Non-Refundable product.</b>
Senior,Seven Hills,Waterproof Fleece (NON REVERSIBLE),3JM,NB,23,28,<b style=color:#ff0000;>Made to order only. This is a Non-Exchangeable & Non-Refundable product.</b>
Senior,Seven Hills,Fleece,3JP,NB,23,23,<b style=color:#ff0000;>Made to order only. This is a Non-Exchangeable & Non-Refundable product.</b>
Senior,Seven Hills,Polo Shirt,3PP,SB,6.75,10,<b style=color:#ff0000;>Made to order only. This is a Non-Exchangeable & Non-Refundable product.</b>
Senior,Seven Hills,Cardigan,3SC,NB,9,13.5,<b style=color:#ff0000;>Made to order only. This is a Non-Exchangeable & Non-Refundable product.</b>
Junior,Sharley Park Primary,Sweatshirt (With Logo),3SR,RD,8.5,0,
Junior,Sharley Park Primary,Cardigan (With Logo),3SC,RD,9,0,
Junior,Sharley Park Primary,Fleece (With Logo),3JP,RD,16,0,
Junior,Sharley Park Primary,Waterproof Fleece (NON REVERSIBLE),3JM,RD,23,0,
Junior,Sharley Park Primary,Bookbag,BB03,RD,4.5,0,
Junior,Shooters Grove Primary,Sweatshirt (With Logo),3SR,DD,8.5,0,
Junior,Shooters Grove Primary,Cardigan (With Logo),3SC,DD,9,0,
Junior,Shooters Grove Primary,Fleece (With Logo),3JP,DR,16,0,<b style=color:#ff0000;>Made to order only. This is a Non-Exchangeable & Non-Refundable product.</b>
Junior,Shooters Grove Primary,Waterproof Fleece (NON REVERSIBLE),3JM,DR,23,0,<b style=color:#ff0000;>Made to order only. This is a Non-Exchangeable & Non-Refundable product.</b>
Junior,Shooters Grove Primary,Bookbag,BB03,RY,4.5,0,
Junior,Sitwell School,Polo Shirt (With Logo),3PP,NB,6.75,0,
Junior,Thurcroft Junior Academy,ACET Gold Stripe Jumper,ACET,GD,14,18.5,<b style=color:#ff0000;>Made to order only. This is a Non-Exchangeable & Non-Refundable product.</b>
Junior,Springwood Junior Academy,Polo Shirt (With Logo),3PP,GD,6.75,0,<b style=color:#ff0000;>Made to order only. This is a Non-Exchangeable & Non-Refundable product.</b>
Junior,Springwood Junior Academy,Waterproof Fleece (NON REVERSIBLE),3JM,BK,23,0,<b style=color:#ff0000;>Made to order only. This is a Non-Exchangeable & Non-Refundable product.</b>
Junior,Springwood Junior Academy,Bookbag,BB03,BK,4.5,0,<b style=color:#ff0000;>Made to order only. This is a Non-Exchangeable & Non-Refundable product.</b>
Junior,Springwood Junior Academy,Document Case,DC01,BK,9,0,<b style=color:#ff0000;>Made to order only. This is a Non-Exchangeable & Non-Refundable product.</b>
Junior,Springwood Junior Academy,PE T-Shirt  (Plain),3TC,GD,3.5,0,<b style=color:#ff0000;>Made to order only. This is a Non-Exchangeable & Non-Refundable product.</b>
Junior,Springwood Junior Academy,Elasticated Tie,ETIE,BK-GD,3.5,0,<b style=color:#ff0000;>Made to order only. This is a Non-Exchangeable & Non-Refundable product.</b>
Junior,Spotbrough Orchard Infant,Sweatshirt (With Logo),3SR,NB,8.5,0,
Junior,St Albans Denaby,Sweatshirt (With Logo),3SR,NB,8.5,0,
Junior,St Andrews,Sweatshirt (With Logo),3SR,NB,8.5,0,
Junior,St Andrews,Polo Shirt (With Logo),3PP,WHT,6.75,0,
Junior,St Andrews,Fleece (With Logo),3JP,NB,16,0,
Junior,St Andrews,Cardigan (With Logo),3SC,NB,9,0,
Junior,St Andrews,Waterproof Fleece (NON REVERSIBLE),3JM,NB,23,0,
Junior,St Andrews,Bookbag,BB03,NB,4.5,0,
Junior,St Andrews Pre,Sweatshirt (With Logo),3SR,NB,8.5,0,
Junior,St Andrews Pre,Cardigan (With Logo),3SC,NB,9,0,
Junior,St Andrews Pre,Fleece (With Logo),3JP,NB,16,0,
Junior,St Andrews Pre,Waterproof Fleece (NON REVERSIBLE),3JM,NB,23,0,
Junior,St Andrews Pre,Bookbag,BB03,NB,4.5,0,
Junior,St Anns Primary,Sweatshirt (With Logo),3SR,NB,8.5,0,
Junior,St Anns Primary,Polo Shirt (With Logo),3PP,SB,6.75,0,
Junior,St Anns Primary,Bookbag,BB03,NB,4.5,0,
Junior,St Anns Primary,Cardigan (With Logo),3SC,NB,9,0,
Junior,St Andrews - Dronfield,Polo Shirt (With Logo),3PP,WHT,6.75,0,
Junior,St Andrews - Dronfield,Sweatshirt (With Logo),3SR,NB,8.5,0,
Junior,St Andrews - Dronfield,Cardigan (With Logo),3SC,NB,9,0,
Junior,St Andrews - Dronfield,Fleece (With Logo),3JP,NB,16,0,<b style=color:#ff0000;>Made to order only. This is a Non-Exchangeable & Non-Refundable product.</b>
Junior,St Andrews - Dronfield,Waterproof Fleece (NON REVERSIBLE),3JM,NB,23,0,<b style=color:#ff0000;>Made to order only. This is a Non-Exchangeable & Non-Refundable product.</b>
Junior,St Andrews - Dronfield,Shadow Stripe Shorts,3BS,BK,2.5,0,
Junior,St Andrews - Dronfield,PE T-Shirt  (Plain),3TC,RD,3.5,0,
Junior,St Andrews - Dronfield,PE T-Shirt  (Plain),3TC,DR,3.5,0,
Junior,St Andrews - Dronfield,PE T-Shirt  (Plain),3TC,GD,3.5,0,
Junior,Brookfield Junior Academy,Waterproof Fleece (NON REVERSIBLE),3JM,BK,23,0,<b style=color:#ff0000;>Made to order only. This is a Non-Exchangeable & Non-Refundable product.</b>
Junior,Anns Grove,Bookbag,BB03,NB,4.5,0,
Junior,St Ann's Stocksbridge,Sweatshirt (With Logo),3SR,BY,8.5,0,
Junior,St Ann's Stocksbridge,Cardigan (With Logo),3SC,BY,9,0,
Junior,St Ann's Stocksbridge,Polo Shirt (With Logo),3PP,SB,6.75,0,
Junior,St Bedes Primary,PE T-Shirt (With Logo),3TC,GD,4.5,0,
Junior,St Ann's Stocksbridge,Shadow Stripe Shorts,3BS,BK,2.5,0,
Junior,St Ann's Stocksbridge,Knitted Jumper,1WP,MRN,21.5,26,
Junior,St Ann's Stocksbridge,Knitted Cardigan,1WQ,MRN,24,28,
Junior,St Ann's Stocksbridge,Elasticated Tie,ETIE,MRN-SB,3.5,0,
Junior,St Bedes Primary,Sweatshirt (With Logo),3SR,BT,8.5,0,
Junior,St Bedes Primary,Polo Shirt (With Logo),3PP,GD,6.75,0,
Junior,St Josephs Catholic School Rawmarsh,PE T-Shirt (With Logo),3TC,WHT,4.5,0,
Junior,St Bedes Primary,Shadow Stripe Shorts,3BS,BT,2.5,0,
Junior,St Bedes Primary,Cardigan (With Logo),3SC,BT,9,0,
Junior,St Bedes Primary,Fleece (With Logo),3JP,BT,16,0,<b style=color:#ff0000;>Made to order only. This is a Non-Exchangeable & Non-Refundable product.</b>
Junior,St Bedes Primary,Bookbag,BB03,BT,4.5,0,
Junior,St Bedes Primary,Waterproof Fleece (NON REVERSIBLE),3JM,BT,23,0,<b style=color:#ff0000;>Made to order only. This is a Non-Exchangeable & Non-Refundable product.</b>
Junior,St Gerards Catholic Primary School,Cardigan (With Logo),3SC,NB,9,0,
Junior,St Gerards Catholic Primary School,Polo Shirt (With Logo),3PP,WHT,6.75,0,
Junior,St Gerards Catholic Primary School,Shadow Stripe Shorts,3BS,NB,2.5,0,
Junior,St Johns Worksop Primary,Sweatshirt (With Logo),3SR,DD,8.5,0,
Junior,St Johns Worksop Primary,Polo Shirt (With Logo),3PP,GD,6.75,0,
Junior,St Johns Worksop Primary,Fleece (With Logo),3JP,DR,16,0,
Junior,St Johns Worksop Primary,Cardigan (With Logo),3SC,DD,9,0,
Junior,St Johns Worksop Primary,Waterproof Fleece (NON REVERSIBLE),3JM,DR,23,0,
Junior,St Johns Worksop Primary,Bookbag,BB03,RY,4.5,0,
Junior,St Josephs Catholic School Rawmarsh,Sweatshirt (With Logo),3SR,RD,8.5,0,
Junior,St Josephs Catholic School Rawmarsh,Polo Shirt (With Logo),3PP,RD,6.75,0,
Junior,St Josephs Catholic School Rawmarsh,Polo Shirt (With Logo),3PP,WHT,6.75,0,
Junior,St Josephs Catholic School Rawmarsh,Cardigan (With Logo),3SC,RD,9,0,
Junior,Stocksbridge Junior,PE T-Shirt (With Logo),3TC,NB,4.5,0,
Junior,St Josephs Catholic School Rawmarsh,Shadow Stripe Shorts,3BS,BK,2.5,0,
Junior,St Josephs Catholic School Rawmarsh,Waterproof Fleece (NON REVERSIBLE),3JM,RD,10,0,Offer valid till stock last<br/><b style=color:#ff0000;>Made to order only. This is a Non-Exchangeable & Non-Refundable product.</b>
Junior,St Josephs Catholic School Rawmarsh,Bookbag,BB03,RD,4.5,0,
Junior,St Josephs Dinnington,Sweatshirt (With Logo),3SR,DD,8.5,0,
Junior,St Josephs Dinnington,Cardigan (With Logo),3SC,DD,9,0,
Junior,St Josephs Dinnington,Polo Shirt (With Logo),3PP,GD,6.75,0,
Junior,St Josephs Dinnington,Fleece (With Logo),3JP,DR,16,0,
Junior,St Josephs Dinnington,Waterproof Fleece (NON REVERSIBLE),3JM,DR,23,0,
Junior,St Josephs Dinnington,Bookbag,BB03,RY,4.5,0,
Junior,St Josephs Sheffield,Sweatshirt (With Logo),3SR,BT,8.5,0,
Junior,St Josephs Sheffield,Polo Shirt (With Logo),3PP,GD,6.75,0,
Junior,St Lukes C of E Shireoaks,Sweatshirt (With Logo),3SR,BT,8.5,0,
Junior,St Lukes C of E Shireoaks,Cardigan (With Logo),3SC,BT,9,0,
Junior,St Lukes C of E Shireoaks,Polo Shirt (With Logo),3PP,WHT,6.75,0,
Junior,St Lukes C of E Shireoaks,Polo Shirt (With Logo),3PP,GD,6.75,0,
Junior,St Lukes C of E Shireoaks,Fleece (With Logo),3JP,BT,16,0,<b style=color:#ff0000;>Made to order only. This is a Non-Exchangeable & Non-Refundable product.</b>
Junior,St Lukes C of E Shireoaks,Waterproof Fleece (NON REVERSIBLE),3JM,BT,23,0,<b style=color:#ff0000;>Made to order only. This is a Non-Exchangeable & Non-Refundable product.</b>
Junior,St Lukes C of E Shireoaks,Bookbag,BB03,BT,4.5,0,
Junior,St Lukes C of E Shireoaks,Shadow Stripe Shorts,3BS,BK,2.5,0,
Junior,St Lukes C of E Shireoaks,Sweatshirt (With Logo),3SR,BK,8.5,0,
Junior,St Lukes C of E Shireoaks,PE T-Shirt (With Logo),3TC,WHT,4.5,0,
Junior,St Lukes C of E Shireoaks,Premier LC V Neck Jumper,1WW,BT,16,0,
Junior,St Maries,Sweatshirt (With Logo),3SR,NB,8.5,0,
Junior,St Maries,Cardigan (With Logo),3SC,NB,9,0,
Junior,St Maries,Fleece (With Logo),3JP,NB,16,0,
Junior,St Maries,Waterproof Fleece (NON REVERSIBLE),3JM,NB,23,0,
Junior,St Maries,Bookbag,BB03,NB,4.5,0,
Junior,St Marys Tickhill,Sweatshirt (With Logo),3SR,DD,8.5,0,
Junior,St Patricks Primary,Sweatshirt (With Logo),3SR,BT,8.5,0,
Junior,St Patricks Primary,Polo Shirt (With Logo),3PP,GD,6.75,0,
Junior,St Patricks Primary,Polo Shirt (With Logo),3PP,BT,6.75,0,
Junior,St Patricks Primary,Fleece (With Logo),3JP,BT,16,0,
Junior,St Patricks Primary,Cardigan (With Logo),3SC,BT,9,0,
Junior,St Patricks Primary,Waterproof Fleece (NON REVERSIBLE),3JM,BT,23,0,
Junior,St Patricks Primary,Bookbag,BB03,BT,4.5,0,
Junior,St Thomas More Primary,Sweatshirt (With Logo),3SR,BY,8.5,0,
Junior,St Thomas More Primary,Polo Shirt (With Logo),3PP,WHT,6.75,0,
Junior,St Thomas More Primary,Fleece (With Logo),3JP,BY,16,0,
Junior,St Thomas More Primary,Cardigan (With Logo),3SC,BY,9,0,
Junior,St Thomas More Primary,Waterproof Fleece (NON REVERSIBLE),3JM,BY,23,0,
Junior,St Thomas More Primary,Bookbag,BB03,MRN,4.5,0,
Junior,St Thomas of Canterbury Primary,Sweatshirt (With Logo),3SR,RD,8.5,0,
Junior,St Thomas of Canterbury Primary,Polo Shirt (With Logo),3PP,WHT,6.75,0,
Junior,St Thomas of Canterbury Primary,Cardigan (With Logo),3SC,RD,9,0,
Junior,St Thomas of Canterbury Primary,Waterproof Fleece (NON REVERSIBLE),3JM,RD,23,0,
Junior,St Thomas of Canterbury Primary,Bookbag,BB03,RD,4.5,0,
Junior,St Giles C of E,Sweatshirt (With Logo),3SR,NB,8.5,0,
Junior,St Giles C of E,Polo Shirt (With Logo),3PP,WHT,6.75,0,
Junior,St Giles C of E,Polo Shirt (With Logo),3PP,SB,6.75,0,
Junior,St Giles C of E,Fleece (With Logo),3JP,NB,16,0,<b style=color:#ff0000;>Made to order only. This is a Non-Exchangeable & Non-Refundable product.</b>
Junior,St Giles C of E,Cardigan (With Logo),3SC,NB,9,0,
Junior,St Giles C of E,Waterproof Fleece (NON REVERSIBLE),3JM,NB,23,0,<b style=color:#ff0000;>Made to order only. This is a Non-Exchangeable & Non-Refundable product.</b>
Junior,St Giles C of E,Bookbag,BB03,NB,4.5,0,
Junior,St Theresas Catholic Primary,Sweatshirt (With Logo),3SR,DD,8.5,0,
Junior,St Theresas Catholic Primary,Polo Shirt (With Logo),3PP,WHT,6.75,0,
Junior,St Theresas Catholic Primary,Polo Shirt (With Logo),3PP,DR,6.75,0,
Junior,St Theresas Catholic Primary,Fleece (With Logo),3JP,DR,16,0,<b style=color:#ff0000;>Made to order only. This is a Non-Exchangeable & Non-Refundable product.</b>
Junior,St Theresas Catholic Primary,Cardigan (With Logo),3SC,DD,9,0,
Junior,St Theresas Catholic Primary,Waterproof Fleece (NON REVERSIBLE),3JM,DR,23,0,<b style=color:#ff0000;>Made to order only. This is a Non-Exchangeable & Non-Refundable product.</b>
Junior,St Theresas Catholic Primary,Bookbag,BB03,RY,4.5,0,
Junior,Standfast St Thomas C of E,Sweatshirt (With Logo),3SR,DD,8.5,0,
Junior,Standfast St Thomas C of E,Cardigan (With Logo),3SC,DD,9,0,
Junior,Standfast St Thomas C of E,Polo Shirt (With Logo),3PP,DR,6.75,0,
Junior,Standfast St Thomas C of E,Waterproof Fleece (NON REVERSIBLE),3JM,DR,23,0,
Junior,Standfast St Thomas C of E,Fleece (With Logo),3JP,DR,16,0,
Junior,Stannington Infants,Sweatshirt (With Logo),3SR,RD,8.5,0,
Junior,Stannington Infants,Sweatshirt (With Logo),3SR,NB,8.5,0,
Junior,Stannington Infants,Polo Shirt (With Logo),3PP,NB,6.75,0,
Junior,Stannington Infants,Cardigan (With Logo),3SC,RD,9,0,
Junior,Stannington Infants,Cardigan (With Logo),3SC,NB,9,0,
Junior,Stannington Infants,Fleece (With Logo),3JP,RD,16,0,
Junior,Stannington Infants,Fleece (With Logo),3JP,NB,16,0,
Junior,Stannington Infants,Waterproof Fleece (NON REVERSIBLE),3JM,RD,23,0,
Junior,Stannington Infants,Waterproof Fleece (NON REVERSIBLE),3JM,NB,23,0,
Junior,Stannington Infants,Bookbag,BB03,RD,4.5,0,
Junior,Stannington Infants,Bookbag,BB03,NB,4.5,0,
Junior,Stocksbridge Junior,Sweatshirt (With Logo),3SR,NB,8.5,0,
Junior,Stocksbridge Junior,Polo Shirt (With Logo),3PP,WHT,6.75,0,
Junior,Swinton Queen Primary,PE T-Shirt (With Logo),3TC,WHT,4.5,0,
Junior,Stocksbridge Junior,Fleece (With Logo),3JP,NB,16,0,<b style=color:#ff0000;>Made to order only. This is a Non-Exchangeable & Non-Refundable product.</b>
Junior,Stocksbridge Junior,Waterproof Fleece (NON REVERSIBLE),3JM,NB,23,0,<b style=color:#ff0000;>Made to order only. This is a Non-Exchangeable & Non-Refundable product.</b>
Junior,Stocksbridge Junior,Bookbag,BB03,NB,4.5,0,
Junior,Stocksbridge Nursey Infant School,Sweatshirt (With Logo),3SR,RD,8.5,0,
Junior,Stocksbridge Nursey Infant School,Sweatshirt (With Logo),3SR,DD,8.5,0,
Junior,Stocksbridge Nursey Infant School,Cardigan (With Logo),3SC,RD,9,0,
Junior,Stocksbridge Nursey Infant School,Cardigan (With Logo),3SC,DD,9,0,
Junior,Stocksbridge Nursey Infant School,Fleece (With Logo),3JP,RD,16,0,<b style=color:#ff0000;>Made to order only. This is a Non-Exchangeable & Non-Refundable product.</b>
Junior,Stocksbridge Nursey Infant School,Fleece (With Logo),3JP,DR,16,0,<b style=color:#ff0000;>Made to order only. This is a Non-Exchangeable & Non-Refundable product.</b>
Junior,Stocksbridge Nursey Infant School,Waterproof Fleece (NON REVERSIBLE),3JM,RD,23,0,<b style=color:#ff0000;>Made to order only. This is a Non-Exchangeable & Non-Refundable product.</b>
Junior,Stocksbridge Nursey Infant School,Waterproof Fleece (NON REVERSIBLE),3JM,DR,23,0,<b style=color:#ff0000;>Made to order only. This is a Non-Exchangeable & Non-Refundable product.</b>
Junior,Stocksbridge Nursey Infant School,Bookbag,BB03,RD,4.5,0,
Junior,Stocksbridge Nursey Infant School,Bookbag,BB03,RY,4.5,0,
Junior,Stonelow School,Sweatshirt (With Logo),3SR,DD,8.5,0,
Junior,Stonelow School,Polo Shirt (With Logo),3PP,DR,6.75,0,
Junior,Stonelow School,Cardigan (With Logo),3SC,DD,9,0,
Junior,Stonelow School,Fleece (With Logo),3JP,DR,16,0,<b style=color:#ff0000;>Made to order only. This is a Non-Exchangeable & Non-Refundable product.</b>
Junior,Stonelow School,Waterproof Fleece (NON REVERSIBLE),3JM,DR,23,0,<b style=color:#ff0000;>Made to order only. This is a Non-Exchangeable & Non-Refundable product.</b>
Junior,Stonelow School,Bookbag,BB03,RY,4.5,0,
Junior,Stradbroke Primary,Sweatshirt (With Logo),3SR,BY,8.5,0,
Junior,Stradbroke Primary,Polo Shirt (With Logo),3PP,SB,6.75,0,
Junior,Stradbroke Primary,Fleece (With Logo),3JP,BY,16,0,<b style=color:#ff0000;>Made to order only. This is a Non-Exchangeable & Non-Refundable product.</b>
Junior,Stradbroke Primary,Cardigan (With Logo),3SC,BY,9,0,
Junior,Stradbroke Primary,Waterproof Fleece (NON REVERSIBLE),3JM,BY,23,0,<b style=color:#ff0000;>Made to order only. This is a Non-Exchangeable & Non-Refundable product.</b>
Junior,Stradbroke Primary,Bookbag,BB03,MRN,4.5,0,
Junior,Swinton Fitzwilliam Primary,Sweatshirt (With Logo),3SR,RD,8.5,0,
Junior,Swinton Fitzwilliam Primary,Cardigan (With Logo),3SC,RD,9,0,
Junior,Swinton Fitzwilliam Primary,Bookbag,BB03,RD,4.5,0,
Junior,Swinton Queen Primary,Sweatshirt (With Logo),3SR,BK,8.5,0,
Junior,Swinton Queen Primary,Polo Shirt (With Logo),3PP,BK,6.75,0,
Junior,Swinton Queen Primary,Cardigan (With Logo),3SC,BK,9,0,
Junior,Swinton Queen Primary,Bookbag,BB03,BK,4.5,0,
Junior,Swinton Queen Primary,Waterproof Fleece (NON REVERSIBLE),3JM,BK,23,0,
Junior,Swinton Queen Primary,Fleece (With Logo),3JP,BK,16,0,<b style=color:#ff0000;>Made to order only. This is a Non-Exchangeable & Non-Refundable product.</b>
Junior,Swinton Queen Primary,Gildan Hoodie (Adult),18500,BK,11,0,
Junior,Swinton Queen Primary,Shadow Stripe Shorts,3BS,BK,2.5,0,
Junior,The Willows,Polo Shirt (With Logo),3PP,WHT,6.75,0,
Junior,The Willows,Sweatshirt (With Logo),3SR,BY,8.5,0,
Junior,The Willows,Sweatshirt (With Logo),3SR,BK,8.5,0,
Junior,Thornhill Primary,Waterproof Fleece (NON REVERSIBLE),3JM,RD,23,0,<b style=color:#ff0000;>Made to order only. This is a Non-Exchangeable & Non-Refundable product.</b>
Junior,Thornhill Primary,Sweatshirt (With Logo),3SR,RD,8.5,0,
Junior,Thornhill Primary,Cardigan (With Logo),3SC,RD,9,0,
Junior,Thornhill Primary,Fleece (With Logo),3JP,RD,16,0,<b style=color:#ff0000;>Made to order only. This is a Non-Exchangeable & Non-Refundable product.</b>
Junior,Thornhill Primary,Bookbag,BB03,RD,4.5,0,
Junior,Thornhill Primary,Polo Shirt (With Logo),3PP,WHT,6.75,0,
Junior,Thorpe Hesley Infants,Sweatshirt (With Logo),3SR,RD,8.5,0,
Junior,Thorpe Hesley Infants,Polo Shirt (With Logo),3PP,RD,6.75,0,
Junior,Thorpe Hesley Infants,Polo Shirt (With Logo),3PP,WHT,6.75,0,
Junior,Thorpe Hesley Infants,PE T-Shirt  (Plain),3TC,WHT,3.5,0,
Junior,Thorpe Hesley Infants,Shadow Stripe Shorts,3BS,BK,2.5,0,
Junior,Thorpe Hesley Infants,Bookbag,BB03,RD,4.5,0,
Junior,Thorpe Hesley Infants,Cardigan (With Logo),3SC,RD,9,0,
Junior,Thorpe Hesley Primary School,Sweatshirt (With Logo),3SR,RD,8.5,0,
Junior,Thorpe Hesley Primary School,Polo Shirt (With Logo),3PP,RD,6.75,0,
Junior,Thorpe Hesley Primary School,Polo Shirt (With Logo),3PP,WHT,6.75,0,
Junior,Thrybergh Primary,PE T-Shirt (With Logo),3TC,WHT,4.5,0,
Junior,Thorpe Hesley Primary School,Shadow Stripe Shorts,3BS,BK,2.5,0,
Junior,Thorpe Hesley Primary School,Cardigan (With Logo),3SC,RD,9,0,
Junior,Thorpe Hesley Primary School,Bookbag,BB03,RD,4.5,0,
Junior,Thrybergh Primary,Sweatshirt (With Logo),3SR,DD,8.5,0,
Junior,Thrybergh Primary,Polo Shirt (With Logo),3PP,RD,6.75,0,
Junior,Thrybergh Primary,Cardigan (With Logo),3SC,DD,9,0,
Junior,Thrybergh Primary,Waterproof Fleece (NON REVERSIBLE),3JM,DR,23,0,<b style=color:#ff0000;>Made to order only. This is a Non-Exchangeable & Non-Refundable product.</b>
Junior,Thrybergh Primary,Fleece (With Logo),3JP,DR,16,0,<b style=color:#ff0000;>Made to order only. This is a Non-Exchangeable & Non-Refundable product.</b>
Junior,Todwick Primary,PE T-Shirt (With Logo),3TC,WHT,4.5,0,
Junior,Thrybergh Primary,Shadow Stripe Shorts,3BS,BK,2.5,0,
Junior,Thrybergh Primary,Pump Bag (Plain),1BK,RY,3,0,
Junior,Gorseybrigg Primary,Polo Shirt,3PP_Jnr,BT,6.75,0,
Junior,Thrybergh Primary,Bookbag,BB03,RD,4.5,0,
Junior,Thrybergh Primary,Document Case,DC01,RD,9,0,
Junior,Thrybergh Primary,Infant Backpack,IBMP12,RY,14,0,
Junior,Thrybergh Primary,Infant Backpack,IBMP12,RD,14,0,
Junior,Thrybergh Primary,Junior Backpack,JBMP12,RY,15,0,
Junior,Thrybergh Primary,Junior Backpack,JBMP12,RD,15,0,
Junior,Thrybergh Primary Foundation Unit,Sweatshirt (With Logo),3SR,DD,8.5,0,
Junior,Thrybergh Primary Foundation Unit,Polo Shirt (With Logo),3PP,RD,6.75,0,
Junior,Thrybergh Primary Foundation Unit,Cardigan (With Logo),3SC,DD,9,0,
Junior,Thurcroft Infants,Sweatshirt (With Logo),3SR,RD,8.5,0,
Junior,Thurcroft Infants,Polo Shirt (With Logo),3PP,WHT,6.75,0,
Junior,Holgate Meadows Comm,Gildan Hoodie (Kids),18500B,BK,12,0,
Junior,Thurcroft Junior Academy,Polo Shirt (With Logo),3PP,GD,6.75,0,<b style=color:#ff0000;>Made to order only. This is a Non-Exchangeable & Non-Refundable product.</b>
Junior,Thurcroft Junior Academy,Waterproof Fleece (NON REVERSIBLE),3JM,BK,23,0,<b style=color:#ff0000;>Made to order only. This is a Non-Exchangeable & Non-Refundable product.</b>
Junior,Thurcroft Junior Academy,Bookbag,BB03,BK,4.5,0,<b style=color:#ff0000;>Made to order only. This is a Non-Exchangeable & Non-Refundable product.</b>
Junior,Thurcroft Junior Academy,Document Case,DC01,BK,9,0,<b style=color:#ff0000;>Made to order only. This is a Non-Exchangeable & Non-Refundable product.</b>
Junior,Thurcroft Junior Academy,PE T-Shirt  (Plain),3TC,GD,3.5,0,<b style=color:#ff0000;>Made to order only. This is a Non-Exchangeable & Non-Refundable product.</b>
Junior,Thurcroft Junior Academy,Elasticated Tie,ETIE,BK-GD,3.5,0,<b style=color:#ff0000;>Made to order only. This is a Non-Exchangeable & Non-Refundable product.</b>
Junior,Tinsley Junior,Sweatshirt (With Logo),3SR,NB,8.5,0,
Junior,Tinsley Junior,Polo Shirt (With Logo),3PP,RD,6.75,0,
Junior,Todwick Primary,Sweatshirt (With Logo),3SR,DD,5,0,<b style=color:red>CURRENT UNIFORM. This is a Non-Exchangeable & Non-Refundable product. WHILE STOCK LAST </b>
Junior,Todwick Primary,Cardigan (With Logo),3SC,DD,5,0,<b style=color:red>CURRENT UNIFORM. This is a Non-Exchangeable & Non-Refundable product. WHILE STOCK LAST </b>
Junior,Todwick Primary,Polo Shirt (With Logo),3PP,WHT,5,0,<b style=color:red>CURRENT UNIFORM. This is a Non-Exchangeable & Non-Refundable product. WHILE STOCK LAST </b>
Junior,Todwick Primary,Fleece (With Logo),3JP,DR,16,0,
Junior,Todwick Primary,Waterproof Fleece (NON REVERSIBLE),3JM,DR,23,0,
Junior,Todwick Primary,Bookbag,BB03,RY,4.5,0,
Junior,Todwick Primary,Document Case,DC01,RY,9,0,
Junior,Todwick Primary,Pump Bag (Plain),1BK,RY,3,0,
Junior,St Mary's Catholic Primary School Herringthorpe,PE T-Shirt (With Logo),3TC,WHT,4.5,0,
Junior,Todwick Primary,Shadow Stripe Shorts,3BS,BK,2.5,0,
Junior,Todwick Primary,Gildan Hoodie (Adult),18500,BK,11,0,
Junior,Totley All Saints,Sweatshirt (With Logo),3SR,BT,8.5,0,
Junior,Totley All Saints,Polo Shirt (With Logo),3PP,BT,6.75,0,
Junior,Totley All Saints,Polo Shirt (With Logo),3PP,WHT,6.75,0,
Junior,Totley All Saints,Cardigan (With Logo),3SC,BT,9,0,
Junior,Totley All Saints,Waterproof Fleece (NON REVERSIBLE),3JM,BT,23,0,<b style=color:#ff0000;>Made to order only. This is a Non-Exchangeable & Non-Refundable product.</b>
Junior,Totley All Saints,Bookbag,BB03,BT,4.5,0,
Junior,Totley All Saints,Fleece (With Logo),3JP,BT,16,0,<b style=color:#ff0000;>Made to order only. This is a Non-Exchangeable & Non-Refundable product.</b>
Junior,Totley Primary,Sweatshirt (With Logo),3SR,NB,7.5,0,
Junior,Totley Primary,Sweatshirt (With Logo),3SR,JD,8.5,0,
Junior,Totley Primary,Polo Shirt (With Logo),3PP,NB,5.75,0,
Junior,Totley Primary,Polo Shirt (With Logo),3PP,DJ,5.75,0,
Junior,Totley Primary,Polo Shirt (With Logo),3PP,WHT,5.75,0,
Junior,Totley Primary,Cardigan (With Logo),3SC,JD,9,0,
Junior,Totley Primary,Waterproof Fleece (NON REVERSIBLE),3JM,NB,23,0,
Junior,Totley Primary,Fleece (With Logo),3JP,NB,16,0,<b style=color:#ff0000;>Made to order only. This is a Non-Exchangeable & Non-Refundable product.</b>
Junior,Treeton Cof E,Sweatshirt (With Logo),3SR,NB,8.5,0,
Junior,Treeton Cof E,Polo Shirt (With Logo),3PP,RD,6.75,0,
Junior,Treeton Cof E,Cardigan (With Logo),3SC,NB,9,0,
Junior,Treeton Cof E,Waterproof Fleece (NON REVERSIBLE),3JM,NB,23,0,<b style=color:#ff0000;>Made to order only. This is a Non-Exchangeable & Non-Refundable product.</b>
Junior,Treeton Cof E,Fleece (With Logo),3JP,NB,16,0,<b style=color:#ff0000;>Made to order only. This is a Non-Exchangeable & Non-Refundable product.</b>
Junior,Treeton Cof E,Bookbag,BB03,NB,4.5,0,
Junior,Unstone Infants,Sweatshirt (With Logo),3SR,RD,8.5,0,
Junior,Unstone Infants,Polo Shirt (With Logo),3PP,WHT,6.75,0,
Junior,Unstone Infants,Polo Shirt (With Logo),3PP,SB,6.75,0,
Junior,Unstone Infants,Cardigan (With Logo),3SC,RD,9,0,
Junior,Unstone Infants,Waterproof Fleece (NON REVERSIBLE),3JM,RD,23,0,<b style=color:#ff0000;>Made to order only. This is a Non-Exchangeable & Non-Refundable product.</b>
Junior,Unstone Infants,Bookbag,BB03,RD,4.5,0,
Junior,Unstone Infants,Fleece (With Logo),3JP,RD,16,0,<b style=color:#ff0000;>Made to order only. This is a Non-Exchangeable & Non-Refundable product.</b>
Junior,Unstone Junior,Sweatshirt (With Logo),3SR,RD,8.5,0,
Junior,Unstone Junior,Polo Shirt (With Logo),3PP,WHT,6.75,0,
Junior,Unstone Junior,Polo Shirt (With Logo),3PP,SB,6.75,0,
Junior,Unstone Junior,Cardigan (With Logo),3SC,RD,9,0,
Junior,Unstone Junior,Fleece (With Logo),3JP,RD,16,0,<b style=color:#ff0000;>Made to order only. This is a Non-Exchangeable & Non-Refundable product.</b>
Junior,Unstone Junior,Waterproof Fleece (NON REVERSIBLE),3JM,RD,23,0,<b style=color:#ff0000;>Made to order only. This is a Non-Exchangeable & Non-Refundable product.</b>
Junior,Unstone Junior,Bookbag,BB03,RD,4.5,0,
Junior,Valley Park Primary,Fleece (With Logo),3JP,BT,16,0,
Junior,Valley Park Primary,Sweatshirt (With Logo),3SR,EM,8.5,0,
Junior,Valley Park Primary,Cardigan (With Logo),3SC,EM,9,0,
Junior,Valley Park Primary,Waterproof Fleece (NON REVERSIBLE),3JM,BT,23,0,
Junior,Valley Park Primary,Bookbag,BB03,BT,4.5,0,
Junior,Valley Park Primary,Polo Shirt (With Logo),3PP,WHT,6.75,0,
Junior,Wales Primary,Sweatshirt (With Logo),3SR,NB,8.5,0,
Junior,Wales Primary,Cardigan (With Logo),3SC,NB,9,0,
Junior,Wales Primary,Fleece (With Logo),3JP,NB,16,0,<b style=color:#ff0000;>Made to order only. This is a Non-Exchangeable & Non-Refundable product.</b>
Junior,Wales Primary,Waterproof Fleece (NON REVERSIBLE),3JM,NB,23,0,<b style=color:#ff0000;>Made to order only. This is a Non-Exchangeable & Non-Refundable product.</b>
Junior,Watercliffe Meadow,Sweatshirt (With Logo),3SR,DD,8.5,0,
Junior,Watercliffe Meadow,Cardigan (With Logo),3SC,DD,9,0,
Junior,Watercliffe Meadow,Fleece (With Logo),3JP,DR,16,0,
Junior,Watercliffe Meadow,Waterproof Fleece (NON REVERSIBLE),3JM,DR,23,0,
Junior,Watercliffe Meadow,Bookbag,BB03,RY,4.5,0,
Junior,Wath C of E Primary,Sweatshirt (With Logo),3SR,RD,8.5,0,
Junior,Wath C of E Primary,Cardigan (With Logo),3SC,RD,9,0,
Junior,Wath C of E Primary,Fleece (With Logo),3JP,RD,16,0,<b style=color:#ff0000;>Made to order only. This is a Non-Exchangeable & Non-Refundable product.</b>
Junior,Wath C of E Primary,Waterproof Fleece (NON REVERSIBLE),3JM,RD,23,0,<b style=color:#ff0000;>Made to order only. This is a Non-Exchangeable & Non-Refundable product.</b>
Junior,Wath C of E Primary,Polo Shirt (With Logo),3PP,WHT,6.75,0,
Junior,Wath C of E Primary,Children's Parka Coat,R207JY,RD,25,0,<b style=color:#ff0000;>Made to order only. This is a Non-Exchangeable & Non-Refundable product.</b>
Junior,Wath Central Primary,Sweatshirt (With Logo),3SR,NB,8.5,0,
Junior,Wath Central Primary,Sweatshirt (With Logo),3SR,RD,8.5,0,
Junior,Wath Central Primary,Polo Shirt (With Logo),3PP,NB,6.75,0,
Junior,Wath Central Primary,Polo Shirt (With Logo),3PP,RD,6.75,0,
Junior,Wath Central Primary,Cardigan (With Logo),3SC,NB,9,0,
Junior,Wath Central Primary,Cardigan (With Logo),3SC,RD,9,0,
Junior,Wath Central Primary,Fleece (With Logo),3JP,NB,16,0,
Junior,Wath Central Primary,Fleece (With Logo),3JP,RD,16,0,<b style=color:#ff0000;>Made to order only. This is a Non-Exchangeable & Non-Refundable product.</b>
Junior,Wath Central Primary,Waterproof Fleece (NON REVERSIBLE),3JM,NB,23,0,
Junior,Wath Central Primary,Waterproof Fleece (NON REVERSIBLE),3JM,RD,23,0,<b style=color:#ff0000;>Made to order only. This is a Non-Exchangeable & Non-Refundable product.</b>
Junior,Wath Victoria Primary,Sweatshirt (With Logo),3SR,NB,8.5,0,
Junior,Wath Victoria Primary,Polo Shirt (With Logo),3PP,WHT,6.75,0,
Junior,Wath Victoria Primary,Bookbag,BB03,NB,4.5,0,
Junior,Wentworth C of E,Polo Shirt (With Logo),3PP,WHT,6.75,0,
Junior,Wentworth C of E,Sweatshirt (With Logo),3SR,BT,8.5,0,
Junior,Wentworth C of E,Polo Shirt (With Logo),3PP,BT,6.75,0,
Junior,Wentworth C of E,Cardigan (With Logo),3SC,BT,9,0,
Junior,Wentworth C of E,Fleece (With Logo),3JP,BT,16,0,<b style=color:#ff0000;>Made to order only. This is a Non-Exchangeable & Non-Refundable product.</b>
Junior,Wentworth C of E,Waterproof Fleece (NON REVERSIBLE),3JM,BT,23,0,<b style=color:#ff0000;>Made to order only. This is a Non-Exchangeable & Non-Refundable product.</b>
Junior,Wentworth C of E,Document Case,DC01,BT,9,0,
Junior,Wentworth C of E,Bookbag,BB03,BT,4.5,0,
Junior,West Melton Primary,Polo Shirt (With Logo),3PP,WHT,6.75,0,
Junior,West Melton Primary,Sweatshirt (With Logo),3SR,PU,8.5,0,
Junior,West Melton Primary,Cardigan (With Logo),3SC,PU,9,0,
Junior,West Melton Primary,Waterproof Fleece (NON REVERSIBLE),3JM,PU,23,0,
Junior,West Melton Primary,Fleece (With Logo),3JP,PU,16,0,
Junior,West Melton Primary,Bookbag,BB03,PU,4.5,0,
Junior,Whiston J and I,Sweatshirt (With Logo),3SR,NB,8.5,0,
Junior,Whiston J and I,Polo Shirt (With Logo),3PP,DJ,6.75,0,
Junior,Whiston J and I,Fleece (With Logo),3JP,NB,16,0,<b style=color:#ff0000;>Made to order only. This is a Non-Exchangeable & Non-Refundable product.</b>
Junior,Whiston J and I,Cardigan (With Logo),3SC,NB,9,0,
Junior,Whiston Worrygoose Primary,Sweatshirt (With Logo),3SR,BY,8.5,0,
Junior,Whiston Worrygoose Primary,Cardigan (With Logo),3SC,BY,9,0,
Junior,Whiston Worrygoose Primary,Polo Shirt (With Logo),3PP,WHT,6.75,0,
Junior,Whitwell Primary,Sweatshirt (With Logo),3SR,NB,8.5,0,
Junior,Whitwell Primary,Polo Shirt (With Logo),3PP,WHT,6.75,0,
Junior,Whitwell Primary,Polo Shirt (With Logo),3PP,SB,6.75,0,
Junior,Whitwell Primary,Cardigan (With Logo),3SC,NB,9,0,
Junior,Whitwell Primary,Fleece (With Logo),3JP,NB,16,0,
Junior,Whitwell Primary,Bookbag,BB03,NB,4.5,0,
Junior,Whitwell Primary,Waterproof Fleece (NON REVERSIBLE),3JM,NB,23,0,
Junior,Wickersley Northfield,Sweatshirt (With Logo),3SR,BY,8.5,0,
Junior,Wickersley Northfield,Polo Shirt (With Logo),3PP,SB,6.75,0,
Junior,Wickersley Northfield,V Neck Sweatshirt,3SV,BY,12,0,
Junior,Wickersley Northfield,Cardigan (With Logo),3SC,BY,9,0,
Junior,Wickersley Northfield,Waterproof Fleece (NON REVERSIBLE),3JM,BY,23,0,<b style=color:#ff0000;>Made to order only. This is a Non-Exchangeable & Non-Refundable product.</b>
Junior,William Levick Primary School,Polo Shirt (With Logo),3PP,WHT,6.75,0,
Junior,William Levick Primary School,Polo Shirt (With Logo),3PP,RD,6.75,0,
Junior,William Levick Primary School,Sweatshirt (With Logo),3SR,RD,8.5,0,
Junior,William Levick Primary School,Cardigan (With Logo),3SC,RD,9,0,
Junior,William Levick Primary School,Fleece (With Logo),3JP,RD,16,0,<b style=color:#ff0000;>Made to order only. This is a Non-Exchangeable & Non-Refundable product.</b>
Junior,William Levick Primary School,Waterproof Fleece (NON REVERSIBLE),3JM,RD,23,0,<b style=color:#ff0000;>Made to order only. This is a Non-Exchangeable & Non-Refundable product.</b>
Junior,William Levick Primary School,Bookbag,BB03,RD,4.5,0,
Senior,St Bernards Catholic High School,Polo Shirt,3PP,WHT,6.75,10,
Senior,Winterhill,100% Cotton Knitted V Neck Jumper (With Logo).,PTHINJ,BK,16,0,
Senior,St Bernards Catholic High School,Polo Shirt,3PP,WHT,6.75,10,
Junior,Wisewood Community Pre School,Sweatshirt (With Logo),3SR,JD,8.5,0,
Junior,Wisewood Community Pre School,Polo Shirt (With Logo),3PP,GD,6.75,0,
Junior,Wisewood Community Pre School,Waterproof Fleece (NON REVERSIBLE),3JM,DR,23,0,
Junior,Wisewood Community Pre School,Fleece (With Logo),3JP,DR,16,0,
Junior,Wisewood Community Pre School,PE T-Shirt  (Plain),3TC,GD,3.5,0,
Junior,Wisewood Community Pre School,PE T-Shirt  (Plain),3TC,DJ,3.5,0,
Junior,Wisewood Primary,Sweatshirt (With Logo),3SR,NB,8.5,0,
Junior,Wisewood Primary,Sweatshirt (With Logo),3SR,RD,8.5,0,
Junior,Wisewood Primary,Polo Shirt (With Logo),3PP,WHT,6.75,0,
Junior,Wisewood Primary,Polo Shirt (With Logo),3PP,RD,6.75,0,
Junior,Wisewood Primary,Polo Shirt (With Logo),3PP,NB,6.75,0,
Junior,Wisewood Primary,Fleece (With Logo),3JP,RD,16,0,
Junior,Wisewood Primary,Fleece (With Logo),3JP,NB,16,0,<b style=color:#ff0000;>Made to order only. This is a Non-Exchangeable & Non-Refundable product.</b>
Junior,Wisewood Primary,Cardigan (With Logo),3SC,RD,9,0,
Junior,Wisewood Primary,Cardigan (With Logo),3SC,NB,9,0,
Junior,Wisewood Primary,Waterproof Fleece (NON REVERSIBLE),3JM,RD,23,0,
Junior,Wisewood Primary,Waterproof Fleece (NON REVERSIBLE),3JM,NB,23,0,<b style=color:#ff0000;>Made to order only. This is a Non-Exchangeable & Non-Refundable product.</b>
Junior,Wisewood Primary,Bookbag,BB03,RD,4.5,0,
Junior,Wisewood Primary,Bookbag,BB03,NB,4.5,0,
Junior,Woodhouse West,Sweatshirt (With Logo),3SR,BY,8.5,0,
Junior,Woodhouse West,Polo Shirt (With Logo),3PP,WHT,6.75,0,
Junior,Woodhouse West,Cardigan (With Logo),3SC,BY,9,0,
Junior,Woodhouse West,Fleece (With Logo),3JP,BY,16,0,<b style=color:#ff0000;>Made to order only. This is a Non-Exchangeable & Non-Refundable product.</b>
Junior,Woodhouse West,Waterproof Fleece (NON REVERSIBLE),3JM,BY,23,0,<b style=color:#ff0000;>Made to order only. This is a Non-Exchangeable & Non-Refundable product.</b>
Junior,Woodhouse West,Bookbag,BB03,MRN,4.5,0,
Junior,Woodseats Primary,Sweatshirt (With Logo),3SR,NB,8.5,0,
Junior,Woodseats Primary,Polo Shirt (With Logo),3PP,NB,6.75,0,
Junior,Woodseats Primary,Cardigan (With Logo),3SC,NB,9,0,
Junior,Woodseats Primary,Fleece (With Logo),3JP,NB,16,0,<b style=color:#ff0000;>Made to order only. This is a Non-Exchangeable & Non-Refundable product.</b>
Junior,Woodseats Primary,Waterproof Fleece (NON REVERSIBLE),3JM,NB,23,0,<b style=color:#ff0000;>Made to order only. This is a Non-Exchangeable & Non-Refundable product.</b>
Junior,Woodseats Primary,Bookbag,BB03,NB,4.5,0,
Junior,Woodthorpe C of E Primary,Sweatshirt (With Logo),3SR,NB,8.5,0,
Junior,Woodthorpe C of E Primary,Polo Shirt (With Logo),3PP,NB,6.75,0,
Junior,Woodthorpe C of E Primary,Cardigan (With Logo),3SC,NB,9,0,
Junior,Woodthorpe C of E Primary,Fleece (With Logo),3JP,NB,16,0,
Junior,Woodthorpe C of E Primary,Waterproof Fleece (NON REVERSIBLE),3JM,NB,23,0,
Junior,Woodthorpe C of E Primary,Bookbag,BB03,NB,4.5,0,
Junior,Woodthorpe Community Primary,Sweatshirt (With Logo),3SR,NB,8.5,0,
Junior,Woodthorpe Community Primary,Polo Shirt (With Logo),3PP,NB,6.75,0,
Junior,Woodthorpe Community Primary,Cardigan (With Logo),3SC,NB,9,0,
Junior,Woodthorpe Community Primary,Fleece (With Logo),3JP,NB,16,0,<b style=color:#ff0000;>Made to order only. This is a Non-Exchangeable & Non-Refundable product.</b>
Junior,Woodthorpe Community Primary,Waterproof Fleece (NON REVERSIBLE),3JM,NB,23,0,<b style=color:#ff0000;>Made to order only. This is a Non-Exchangeable & Non-Refundable product.</b>
Junior,Woodthorpe Community Primary,Bookbag,BB03,NB,4.5,0,
Senior,Tapton,Honeycomb Shorts,1BU,NB,7.5,0,
Junior,Brinsworth Howarth Primary,Cardigan (With Logo),3SC,JD,9,0,
Junior,Brinsworth Howarth Primary,Sweatshirt (With Logo),3SR,JD,8.5,0,
Senior,All Saints Catholic High School,Polo Shirt,3PP,SB,6.75,10,
Junior,Broom Valley Community School,Polo Shirt (With Logo),3PP,WHT,6.75,0,
Junior,Broom Valley Community School,Waterproof Fleece (NON REVERSIBLE),3JM,DR,23,0,<b style=color:#ff0000;>Made to order only. This is a Non-Exchangeable & Non-Refundable product.</b>
Senior,Aston Academy,Polo Shirt,3PP,RD,6.75,10,
Senior,Aston Academy,PE Hoodie,18500,RD,12,14,
Senior,Aston Academy,Blazer - Boys (With Logo),1UA,BK,25,30,<b style=color:#ff0000;>Made to order only. This is a Non-Exchangeable & Non-Refundable product.</b>
Senior,Aston Academy,Blazer - Girls (With Logo),1UJ,BK,25,30,<b style=color:#ff0000;>Made to order only. This is a Non-Exchangeable & Non-Refundable product.</b>
Junior,Listerdale Junior Academy,ACET Gold Stripe Jumper,ACET,GD,14,18.5,<b style=color:#ff0000;>Made to order only. This is a Non-Exchangeable & Non-Refundable product.</b>
Senior,Aston Academy,Football Socks,KFS,BK,5,5.5,
Senior,Aston Academy,Shadow Stripe Shorts,3BS,BK,2.5,6,<b style=color:#ff0000;>Made to order only. This is a Non-Exchangeable & Non-Refundable product.</b>
Senior,Aston Academy,Clip on Tie,CTIE,ASTON,6.5,0,<b style=color:#ff0000;>Made to order only. This is a Non-Exchangeable & Non-Refundable product.</b>
Senior,Aston Academy,Basic Tie,BTIE,ASTON,5.5,0,
Senior,Brinsworth Comprehensive,Football Socks,KFS,NB,5,5.5,
Senior,Brinsworth Comprehensive,Polo Shirt,G920,NB-SB-WHT,14,17,
Senior,Brinsworth Comprehensive,Girls Polo Shirt,G925,NB-SB-WHT,14,17,
Senior,Brinsworth Comprehensive,Falcon Rugby Shirt,R200,NB-SB-WHT,23,28,
Senior,Brinsworth Comprehensive,Honeycomb Shorts,1BU,BK,7.5,0,
Senior,Clifton Comprehensive,PE Hoodie,18500,BY,12,14,"<b>This is a Non-Exchangeable & Non-Refundable product.</b><br/> LIMITED OFFER, ITEMS ARE AVAILABLE ON A FIRST COME FIRST SERVE BASIS* TILL STOCK LAST."
Senior,Clifton Comprehensive,Gildan T-Shirt,5000,BY,4.5,0,
Senior,Clifton Comprehensive,Football Socks,KFS,BK,5,5.5,
Senior,Clifton Comprehensive,Pinders Acrylic Cardigan (with stripe),PACS,BK-BY-Clifton,15,21.5,
Junior,Aughton Junior Academy,Rugby Shirt,ACETR,RUGBY,8.5,19,<b style=color:#ff0000;>Made to order only. This is a Non-Exchangeable & Non-Refundable product.</b>
Senior,Clifton Comprehensive,Pinders Acrylic Jumper (with stripe),PAJS,BK-BY-Clifton,14,20.5,
Senior,Clifton Comprehensive,Clip on Tie with logo,LTIE,BK-BY,7,0,
Senior,Eckington Comprehensive,Blazer - Boys (With Logo),1UA,BK,25,30,
Senior,Eckington Comprehensive,Blazer - Girls (With Logo),1UJ,BK,25,30,
Senior,Eckington Comprehensive,PE Hoodie,18500,RY,12,14,
Senior,Eckington Comprehensive,Polo Shirt,3PP,DR,6.75,10,
Senior,Eckington Comprehensive,Football Socks,KFS,RY,5,5.5,
Category,Doc & Bags,Jungle Camp Premium Gymsac,BG10,JC,3.25,0,
Senior,Eckington Comprehensive,Clip on Tie,CTIE,ECK,6.5,0,
Junior,St Andrews - Dronfield,Classic Bookbag,QD456,RY,4.5,0,
Senior,Wath Academy,Spirit Hoodie,B550,MRN-BK-GD,14.8,20,
Senior,Fir Vale,Blazer - Boys (With Logo),1UA,BK,25,30,
Senior,Fir Vale,Blazer - Girls (With Logo),1UJ,BK,25,30,
Senior,Fir Vale,Basic Tie,BTIE,FIRVALE-BK,5.5,0,
Senior,Fir Vale,Basic Tie,BTIE,FIRVALE,5.5,0,
Senior,Fir Vale,Basic Tie,BTIE,FIRVALE-PU,5.5,0,
Senior,Forge Valley,PE Hoodie,18500,NB,12,14,
Senior,Forge Valley,PE T-Shirt (With Logo),3TC,DR,4.5,0,
Junior,Swallownest Primary School,Polo Shirt (With Logo),3PP,WHT,6.75,0,
Junior,St Ann's Stocksbridge,Bluemax Hoodie,3SH,BY,15,0,
Senior,Forge Valley,Blazer - Boys (With Logo),1UA,BK,25,30,
Senior,Forge Valley,Blazer - Girls (With Logo),1UJ,BK,25,30,
Senior,Forge Valley,Clip on Tie,CTIE,FORGE,6.5,0,
Senior,Gainsborough Academy,Blazer - Boys (With Logo),1UA,BK,25,30,
Senior,Gainsborough Academy,Blazer - Girls (With Logo),1UJ,BK,25,30,
Senior,King Ecgbert,100% Cotton Knitted V Neck Jumper (With Logo).,PTHINJ,BK-KEcgbert,16,0,
Senior,Gainsborough Academy,100% Cotton Knitted V Neck Jumper (With Logo).,PTHINJ,BK-Gainborough,16,0,"<b>This is a Non-Exchangeable & Non-Refundable product.</b><br/> LIMITED OFFER, ITEMS ARE AVAILABLE ON A FIRST COME FIRST SERVE BASIS* TILL STOCK LAST."
Senior,Gainsborough Academy,Encore Hoodie,ZR40,BK-PU-Gainsborough,10,0,"<b>This is a Non-Exchangeable & Non-Refundable product.</b><br/> LIMITED OFFER, ITEMS ARE AVAILABLE ON A FIRST COME FIRST SERVE BASIS* TILL STOCK LAST."
Senior,Gainsborough Academy,PE Falcon Girls Leggings,ZR38,BK,15.5,24.5,
Senior,Gainsborough Academy,PE Encore Training Trousers,ZR35,BK,18,25,
Senior,Gainsborough Academy,Clip on Tie with logo,LTIE,GAINS,7,0,"<b>This is a Non-Exchangeable & Non-Refundable product.</b><br/> LIMITED OFFER, ITEMS ARE AVAILABLE ON A FIRST COME FIRST SERVE BASIS* TILL STOCK LAST."
Senior,Handsworth Grange,PE Hoodie,18500,NB,12,14,
Senior,Handsworth Grange,Polo Shirt,3PP,DR,6.75,10,
Senior,Handsworth Grange,Football Socks,KFS,RY,5,5.5,
Senior,Handsworth Grange,Football Socks,KFS,NB,5,5.5,
Senior,Handsworth Grange,Honeycomb Shorts,1BU,NB,7.5,0,
Senior,Handsworth Grange,Blazer - Boys (With Logo),1UA,BK,25,30,<b style=color:#ff0000;>Made to order only. This is a Non-Exchangeable & Non-Refundable product.</b>
Senior,Handsworth Grange,Blazer - Girls (With Logo),1UJ,BK,25,30,<b style=color:#ff0000;>Made to order only. This is a Non-Exchangeable & Non-Refundable product.</b>
Senior,Wickersley School & Sports College,Encore Hoodie,ZR40,BK-YW-WHT,10,10,"<b>This is a Non-Exchangeable & Non-Refundable product.</b><br/> LIMITED OFFER, ITEMS ARE AVAILABLE ON A FIRST COME FIRST SERVE BASIS* TILL STOCK LAST."
Senior,Handsworth Grange,Basic Tie,BTIE,HANDS,5.5,0,<b style=color:#ff0000;>Made to order only. This is a Non-Exchangeable & Non-Refundable product.</b>
Senior,King Ecgbert,V Neck Sweatshirt,3SV,BK,15.5,0,<b style=color:#ff0000;>Made to order only. This is a Non-Exchangeable & Non-Refundable product.</b>
Senior,King Ecgbert,Polo Shirt,3PP,RD,6.75,10,
Senior,King Ecgbert,Polo Shirt,3PP,BK,6.75,10,
Senior,King Ecgbert,Polo Shirt,3PP,WHT,6.75,10,
Senior,King Ecgbert,Sweatshirt,3SR,BK,8.5,13,
Senior,Bradfield School,Blazer - Girls (With Logo),1UJ,BK,25,30,<b style=color:#ff0000;>Made to order only. This is a Non-Exchangeable & Non-Refundable product.</b>
Senior,King Ecgbert,Fleece,3JP,BK,23,23,<b style=color:#ff0000;>Made to order only. This is a Non-Exchangeable & Non-Refundable product.</b>
Junior,Oasis Academy Watermead,Fleece (With Logo),3JP,NB,16,0,<b style=color:#ff0000;>Made to order only. This is a Non-Exchangeable & Non-Refundable product.</b>
Senior,King Ecgbert,Gildan Zip Hoodie (Adults),18600,BK,22,0,
Senior,King Ecgbert,Long Sleeve Polo,63310,BK,15,0,<b style=color:#ff0000;>Made to order only. This is a Non-Exchangeable & Non-Refundable product.</b>
Senior,King Ecgbert,Long Sleeve Polo,63310,WHT,15,0,<b style=color:#ff0000;>Made to order only. This is a Non-Exchangeable & Non-Refundable product.</b>
Senior,King Ecgbert,Long Sleeve Polo,63310,RD,15,0,<b style=color:#ff0000;>Made to order only. This is a Non-Exchangeable & Non-Refundable product.</b>
Senior,Maltby Academy,Blazer - Boys (With Logo),1UA,BK,25,30,
Senior,Maltby Academy,Blazer - Girls (With Logo),1UJ,BK,25,30,
Senior,Maltby Academy,Pinders Acrylic Jumper (with stripe),PAJS,BK-TL-Maltby,14,20.5,
Senior,Maltby Academy,Polo Shirt,G920,BK-TQ-Maltby,14,17,
Senior,Maltby Academy,Drawstring Bag,QD71,BK-Maltby,7,0,
Senior,Maltby Academy,Maltby Hoodie,B950,BK-TQ-Maltby,16.5,22.5,
Senior,Maltby Academy,PE Falcon Girls Leggings,ZR38,BK,15.5,24.5,
Senior,Maltby Academy,PE Encore Training Trousers,ZR35,BK,18,25,
Senior,Stocksbridge High School,Encore Hoodie,ZR40,BK-BY-SHS,22.5,29,
Senior,Maltby Academy,Rucksack,SH5363,BK-Maltby,22,0,
Senior,Stocksbridge High School,Honeycomb Shorts,1BU,BK,7.5,0,
Senior,Maltby Academy,Portfolio Case,SH1172,BK-Maltby,16,0,
Senior,Maltby Academy,Slipover,1WZ,BK,15,0,
Senior,Maltby Academy,Rugby Shirt,R151,BK-TQ-Maltby,18.5,22.5,
Senior,Maltby Academy,Clip on Tie,CTIE,BEDE,6.5,0,
Senior,Maltby Academy,Clip on Tie,CTIE,BARTS,6.5,0,
Senior,Maltby Academy,Clip on Tie,CTIE,YORK,6.5,0,
Senior,Maltby Academy,Clip on Tie,CTIE,ROLES,6.5,0,
Senior,Newfield School,Polo Shirt,3PP,BK,6.75,10,
Senior,Newfield School,100% Cotton Knitted V Neck Jumper (With Logo).,PTHINJ,BK,16,0,
Senior,Newfield School,100% Cotton Cardigan (With Logo).,PTHINC,BK,17.5,20,
Senior,Newfield School,Blazer - Boys (With Logo),1UA,BY,25,30,
Senior,Newfield School,Blazer - Girls (With Logo),1UJ,BY,25,30,
Junior,Gleadless Primary,Polo Shirt (With Logo),3PP,GD,6.75,0,
Senior,Newfield School,Gildan T-Shirt,5000,BY,4.5,0,
Senior,Oakwood High,PE Hoodie,18500,BK,12,14,
Senior,Oakwood High,Shadow Stripe Shorts,3BS,BK,2.5,6,
Senior,Oakwood High,Football Socks,KFS,RY,5,5.5,
Senior,Oakwood High,Pinders Acrylic Jumper,PAJ,GY,14,20.5,
Senior,Oakwood High,Pinders Acrylic Cardigan ,PAC,GY,15,21.5,
Senior,Oakwood High,Blazer - Boys (With Logo),1UA,BK,25,30,
Senior,Oakwood High,Blazer - Girls (With Logo),1UJ,BK,25,30,
Senior,Oakwood High,Victory Polo,3PJ,NB,10,0,
Senior,Oakwood High,Challenge Polo,3PI,NB,10,0,
Senior,Sheffield Park Academy,PE Hoodie,18500,BK,12,14,
Senior,Sheffield Park Academy,Polo Shirt,3PP,DR,6.75,10,
Senior,Sheffield Park Academy,Football Socks,KFS,BK,5,5.5,
Senior,Winterhill,Encore Hoodie,ZR40,BK-PU-WHILL,22.5,29,
Senior,Sheffield Park Academy,Blazer - Boys (With Logo),1UA,BK,25,30,
Senior,Sheffield Park Academy,Blazer - Girls (With Logo),1UJ,BK,25,30,
Senior,Sheffield Park Academy,Clip on Tie,CTIE,PARK,6.5,0,
Senior,Rawmarsh Community School,Pinders Acrylic Jumper (with stripe),PAJS,BK-WHT-RCS,14,20.5,
Senior,Rawmarsh Community School,Pinders Acrylic Cardigan (with stripe),PACS,BK-WHT-RCS,15,21.5,
Senior,Rawmarsh Community School,Spirit Shorts,P231,BK-WHT-GD-RCS,11,13.5,"<b>This is a Non-Exchangeable & Non-Refundable product.</b><br/> LIMITED OFFER, ITEMS ARE AVAILABLE ON A FIRST COME FIRST SERVE BASIS* TILL STOCK LAST."
Senior,Rawmarsh Community School,Spirit 1/4 Zip Top,B250,BK-WHT-GD-RCS,10,10,"<b>This is a Non-Exchangeable & Non-Refundable product.</b><br/> LIMITED OFFER, ITEMS ARE AVAILABLE ON A FIRST COME FIRST SERVE BASIS* TILL STOCK LAST."
Senior,Wingfield,Falcon Girls Leggings (With logo),ZR38,BK,17,26.5,
Senior,Rawmarsh Community School,Clip on Tie with logo,LTIE,RAWM,7,0,
Senior,Sir Thomas Wharton,Blazer - Boys (With Logo),1UA,BK,22,28,
Senior,Sir Thomas Wharton,Blazer - Girls (With Logo),1UJ,BK,22,28,
Senior,Sir Thomas Wharton,Girls Polo Shirt,G925,BK-SB-STW,11.2,13.6,
Senior,Sir Thomas Wharton,Polo Shirt,G920,BK-SB-STW,11.2,13.6,
Senior,Sir Thomas Wharton,Rucksack,SH5363,BK,22,0,
Senior,Maltby Academy,Honeycomb Shorts (with Logo),1BU,BK-WL,8.5,0,
Senior,Sir Thomas Wharton,PE Falcon Girls Leggings,ZR38,BK,15.5,24.5,
Senior,Sir Thomas Wharton,PE Encore Training Trousers,ZR35,BK,18,25,
Senior,Sir Thomas Wharton,Pinders Acrylic Cardigan ,PAC,BK,15,21.5,
Senior,Sir Thomas Wharton,Pinders Acrylic Jumper,PAJ,BK,14,20.5,
Senior,Sir Thomas Wharton,Drawstring Bag,QD71,BK,7,0,
Senior,Sir Thomas Wharton,Clip on Tie,CTIE,CUS,5.5,0,
Senior,Sir Thomas Wharton,Clip on Tie,CTIE,CHATS,5.5,0,
Senior,Sir Thomas Wharton,Clip on Tie,CTIE,WENT,5.5,0,
Senior,Sir Thomas Wharton,Clip on Tie,CTIE,BRODS,5.5,0,
Senior,Sheffield Springs Academy,Blazer - Boys (With Logo),1UA,NB,25,30,
Senior,Sheffield Springs Academy,Blazer - Girls (With Logo),1UJ,NB,25,30,
Senior,Wales High School,Spirit 1/4 Zip Top,B250,WHT-BK-BK,18.5,25,
Junior,Trinity Croft C of E,Sweatshirt (With Logo),3SR,JD,8.5,0,
Senior,Sheffield Springs Academy,Basic Tie,BTIE,SPRINGS,5.5,0,
Senior,Sheffield Springs Academy,Clip on Tie,CTIE,SPRINGS,6.5,0,
Senior,Springwell Community College,Blazer - Boys (With Logo),1UA,BK,25,30,
Senior,Springwell Community College,Blazer - Girls (With Logo),1UJ,BK,25,30,
Senior,Springwell Community College,Clip on Tie,CTIE,SPRINGW,6.5,0,
Senior,St Bernards Catholic High School,Polo Shirt,3PP,WHT,6.75,10,
Senior,St Bernards Catholic High School,Football Socks,KFS,BK,5,5.5,
Senior,St Bernards Catholic High School,Honeycomb Shorts,1BU,BK,7.5,0,
Senior,St Bernards Catholic High School,Holdall,QS70,BK-RD,18,0,
Senior,St Bernards Catholic High School,Pinders Acrylic Jumper,PAJ,BK,14,20.5,
Senior,St Bernards Catholic High School,Spirit 1/4 Zip Top,B250,BK-RD,18.5,25,
Senior,St Bernards Catholic High School,Velcro Tie,VTIE,ROCHE,9,0,
Senior,St Bernards Catholic High School,Velcro Tie,VTIE,KIRK,9,0,
Senior,St Bernards Catholic High School,Velcro Tie,VTIE,RIEV,9,0,
Senior,St Bernards Catholic High School,Velcro Tie,VTIE,FOUNT,9,0,
Senior,St Pius Catholic High School,Blazer - Boys (With Logo),1UA,BK,25,30,
Senior,St Pius Catholic High School,Blazer - Girls (With Logo),1UJ,BK,25,30,
Senior,St Pius Catholic High School,Football Socks,KFS,NB,5,5.5,
Senior,St Pius Catholic High School,Spirit Shorts,P231,NB-AM-WHT-PIUS,11,13.5,
Senior,Rawmarsh Community School,Spirit Hoodie,B550,BK-WHT-GD-RCS,10,10,"<b>This is a Non-Exchangeable & Non-Refundable product.</b><br/> LIMITED OFFER, ITEMS ARE AVAILABLE ON A FIRST COME FIRST SERVE BASIS* TILL STOCK LAST."
Senior,St Pius Catholic High School,Spirit 1/4 Zip Top,B250,NB-AM-WHT-PIUS,18.5,25,
Senior,St Pius Catholic High School,Clip on Tie,CTIE,PIUS,6.5,0,
Senior,St Bernards Catholic High School,Polo Shirt,3PP,WHT,6.75,10,
Senior,Stocksbridge High School,GIRLS SLIM FIT HIGH RISE TROUSERS,OBGTH,BK,14,0,
Senior,Sheffield Springs Academy,Honeycomb Shorts,1BU,NB,7.5,0,
Senior,Stocksbridge High School,Clip on Tie,CTIE,STOCKSBREAR,6.5,0,
Senior,Tapton,Sweatshirt,3SR,BK,8.5,13,
Senior,Tapton,Polo Shirt,3PP,BK,6.75,10,
Senior,Tapton,Polo Shirt,3PP,WHT,6.75,10,
Senior,Winterhill,Encore Shorts,ZR50,BK-PU-WHILL,12,14,
Senior,Tapton,PE Hoodie,18500,RY,12,14,
Junior,Wharncliffe Side Primary School,Sweatshirt (With Logo),3SR,NB,8.5,0,
Senior,Tapton,Football Socks,KFS,SB,5,5.5,
Senior,Winterhill,Encore T-Shirt,ZR10,BK-PU-WHILL,14.5,17,
Senior,Thrybergh School & Sports College,100% Cotton Knitted V Neck Jumper (With Logo).,PTHINJ,BK,16,0,
Senior,Thrybergh School & Sports College,100% Cotton Cardigan (With Logo).,PTHINC,BK,17.5,20,
Senior,Thrybergh School & Sports College,PE Hoodie,18500,BK,12,14,
Senior,Thrybergh School & Sports College,Encore Unisex Polo,ZR20,BK-PUR,16.5,10,"<b>This is a Non-Exchangeable & Non-Refundable product.</b><br/> LIMITED OFFER, ITEMS ARE AVAILABLE ON A FIRST COME FIRST SERVE BASIS* TILL STOCK LAST."
Senior,Thrybergh School & Sports College,Football Socks,KFS,BK,5,5.5,
Senior,Thrybergh School & Sports College,Shadow Stripe Shorts,3BS,BK,2.5,6,
Senior,Thrybergh School & Sports College,Clip on Tie,CTIE,THRY,6.5,0,
Senior,Wales High School,Blazer - Boys (With Logo),1UA,BK,25,30,
Senior,Wales High School,Blazer - Girls (With Logo),1UJ,BK,25,30,
Senior,Wales High School,Honeycomb Shorts,1BU,BK,7.5,0,
Senior,Sheffield Springs Academy,Spirit Unisex Polo,G920,NB-SB,14,17,
Senior,Wales High School,Football Socks,KFS,BK,5,5.5,
Senior,Wales High School,PE Encore Training Trousers,ZR35,BK,18,25,
Senior,Wales High School,PE Falcon Girls Leggings,ZR38,BK,15.5,24.5,
Senior,Wales High School,Apron,AP,WHT,8,0,
Senior,Wales High School,Clip on Tie,CTIE,WALES,6.5,0,
Senior,Wales High School,Clip on Tie with logo,LTIE,WALES,7,0,
Senior,Whittington Green,100% Cotton Knitted V Neck Jumper (With Logo).,PTHINJ,BK,16,0,
Junior,Temple Normanton,Waterproof Fleece (NON REVERSIBLE),3JM,BK,23,0,<b style=color:#ff0000;>Made to order only. This is a Non-Exchangeable & Non-Refundable product.</b>
Junior,Temple Normanton,Polo Shirt (With Logo),3PP,SB,5.75,0,<b style=color:#ff0000;>Made to order only. This is a Non-Exchangeable & Non-Refundable product.</b>
Senior,Whittington Green,Shadow Stripe Shorts,3BS,BK,2.5,6,
Senior,Whittington Green,PE Hoodie,18500,BK,12,14,
Senior,Whittington Green,Football Socks,KFS,BK,5,5.5,
Senior,Whittington Green,Blazer - Boys (With Logo),1UA,BK,25,30,
Senior,Whittington Green,Blazer - Girls (With Logo),1UJ,BK,25,30,
Senior,Whittington Green,Clip on Tie,CTIE,WHITT,6.5,0,
Senior,Wickersley School & Sports College,V Neck Sweatshirt,3SV,BT,15.5,0,
Senior,Wickersley School & Sports College,50/50 Cardigan,1WQ,BT,24,0,
Senior,Wickersley School & Sports College,Football Socks,KFS,BK,5,5.5,
Senior,Wickersley School & Sports College,Clip on Tie with logo,LTIE,WICK,7,0,
Senior,Wingfield,100% Cotton Knitted V Neck Jumper (With Logo).,PTHINJ,BK,16,0,
Senior,Wingfield,100% Cotton Cardigan (With Logo).,PTHINC,BK,17.5,20,
Senior,Wingfield,Clip on Tie,CTIE,WING,6.5,0,
Senior,Winterhill,100% Cotton Cardigan (With Logo).,PTHINC,BK,17.5,20,
Senior,Westfield School,PE Hoodie,18500,BK,12,14,
Senior,Westfield School,Honeycomb Shorts,1BU,BK,7.5,0,
Senior,Winterhill,Clip on Tie,CTIE,WINT,6.5,0,
Junior,Wharncliffe Side Primary School,Sweatshirt (With Logo),3SR,JD,8.5,0,
Junior,Wharncliffe Side Primary School,Cardigan (With Logo),3SC,NB,9,0,
Junior,Wharncliffe Side Primary School,Cardigan (With Logo),3SC,JD,9,0,
Junior,Wharncliffe Side Primary School,Polo Shirt (With Logo),3PP,JD,6.75,0,
Junior,Wharncliffe Side Primary School,Fleece (With Logo),3JP,NB,16,0,<b style=color:#ff0000;>Made to order only. This is a Non-Exchangeable & Non-Refundable product.</b>
Junior,Wharncliffe Side Primary School,Waterproof Fleece (NON REVERSIBLE),3JM,NB,23,0,<b style=color:#ff0000;>Made to order only. This is a Non-Exchangeable & Non-Refundable product.</b>
Junior,Wharncliffe Side Primary School,Bookbag,BB03,NB,4.5,0,
Junior,Wharncliffe Side Primary School,Bookbag,BB03,JD,4.5,0,
Junior,Greasbrough Primary,Polo Shirt (With Logo),3PP,JD,6.75,0,
Junior,Wharncliffe Side Primary School,Document Case,DC01,NB,9,0,
Junior,Wharncliffe Side Primary School,Document Case,DC01,JD,9,0,
Junior,Wharncliffe Side Primary School,Honeycomb Shorts,1BU,BK,7.5,0,
Junior,Ecclesfield Primary,Polo Shirt (With Logo),3PP,NB,6.75,0,
Junior,Milton Special,Sweatshirt,3SR,BK,8.5,13,
Senior,Oakwood High,Clip on Tie,CTIE,BOSTON,6.5,0,
Senior,Oakwood High,Clip on Tie,CTIE,WENTWORTH,6.5,0,
Senior,Oakwood High,Clip on Tie,CTIE,KEPPEL,6.5,0,
Senior,Oakwood High,Clip on Tie,CTIE,HOOBER,6.5,0,
Junior,Peafield Lane Academy,Clip on Tie,CTIE,BT,6.5,0,
Junior,Peafield Lane Academy,Clip on Tie,CTIE,BT,6.5,0,
Senior,Stocksbridge High School,Clip on Tie,CTIE,STOCKSBESS,6.5,0,
Senior,Stocksbridge High School,Clip on Tie,CTIE,STOCKSFOX,6.5,0,
Senior,Stocksbridge High School,Clip on Tie,CTIE,STOCKSHUNT,6.5,0,<b style=color:#ff0000;>NEW YEAR 7'S (INTAKE 2025) ONLY.<b/>
Junior,Listerdale Junior Academy,Rugby Shirt,ACETR,RUGBY,8.5,19,<b style=color:#ff0000;>Made to order only. This is a Non-Exchangeable & Non-Refundable product.</b>
Senior,Aston Academy,Rugby Shirt,ACETR,RUGBY,8.5,19,
Junior,Thurcroft Junior Academy,Rugby Shirt,ACETR,RUGBY,8.5,19,<b style=color:#ff0000;>Made to order only. This is a Non-Exchangeable & Non-Refundable product.</b>
Junior,Springwood Junior Academy,Rugby Shirt,ACETR,RUGBY,8.5,19,<b style=color:#ff0000;>Made to order only. This is a Non-Exchangeable & Non-Refundable product.</b>
Junior,Lowedges Junior Academy,Rugby Shirt,ACETR,RUGBY,8.5,19,<b style=color:#ff0000;>Made to order only. This is a Non-Exchangeable & Non-Refundable product.</b>
Junior,High Hazels Academy,Clip on Tie,CTIE,HH,6.5,0,
Senior,Gainsborough Academy,Honeycomb Shorts (with Logo),1BU,BK-Gainborough,3,0,"<b>This is a Non-Exchangeable & Non-Refundable product.</b><br/> LIMITED OFFER, ITEMS ARE AVAILABLE ON A FIRST COME FIRST SERVE BASIS* TILL STOCK LAST."
Senior,Gainsborough Academy,Encore T-Shirt,ZR10,BK-PU-Gainsborough,10,0,"<b>This is a Non-Exchangeable & Non-Refundable product.</b><br/> LIMITED time OFFER <b>Only 30/32 Size available</b> , ITEMS ARE AVAILABLE ON A FIRST COME FIRST SERVE BASIS* TILL STOCK LAST."
Senior,Maltby Academy,Girls Polo Shirt,G925,BK-TQ-Maltby,14,17,
Senior,Sir Thomas Wharton,Spirit Hoodie,B550,BK-SB-STW,14.8,20,
Senior,Stocksbridge High School,Encore T-Shirt,ZR10,BK-BY-SHS,14.5,17,
Senior,Handsworth Grange,Pinders Acrylic Jumper,PAJ,GY-HG,14,20.5,<b style=color:#ff0000;>Made to order only. This is a Non-Exchangeable & Non-Refundable product.</b>
Senior,Wickersley School & Sports College,T-Shirt,JC001,BK,5,7,
Senior,Wickersley School & Sports College,GCSE T-Shirt,JC003,BK-GD,5,0,
Senior,St Pius Catholic High School,Spirit Unisex Polo,G920,NB-AM-WHT-PIUS,14,17,
Senior,Rawmarsh Community School,Polo Shirt,G920,BK-WHT-GD-RCS,14,17,"<b>This is a Non-Exchangeable & Non-Refundable product.</b><br/> LIMITED OFFER, ITEMS ARE AVAILABLE ON A FIRST COME FIRST SERVE BASIS* TILL STOCK LAST."
Senior,Westfield School,Blazer - Boys (With Logo),1UA,BK,25,30,"<b>This is a Non-Exchangeable & Non-Refundable product.</b><br/> LIMITED OFFER, ITEMS ARE AVAILABLE ON A FIRST COME FIRST SERVE BASIS* TILL STOCK LAST."
Senior,Westfield School,Blazer - Girls (With Logo),1UJ,BK,25,30,"<b>This is a Non-Exchangeable & Non-Refundable product.</b><br/> LIMITED OFFER, ITEMS ARE AVAILABLE ON A FIRST COME FIRST SERVE BASIS* TILL STOCK LAST."
Senior,Westfield School,Spirit Unisex Polo,G920,BK-BK-WHT-WESTF,11.2,13.6,
Senior,Westfield School,Spirit Girl's Polo,G925,BK-BK-WHT-WESTF,11.2,13.6,
Senior,Springwell Community College,Falcon T Shirt,ZR10,BK-BK-WHT,14,17,
Senior,Springwell Community College,Falcon Girls Polo Shirt,ZR25,BK-BK-WHT,16.5,20,
Senior,Springwell Community College,Falcon Full Zip Jacket,ZR46,BK-BK-WHT,25,30,
Senior,Stocksbridge High School,Pinders Acrylic Cardigan (with stripe),PACS,GY-BY-SHS,15,21.5,38
Senior,Stocksbridge High School,Pinders Acrylic Jumper (with stripe),PAJS,GY-BY-SHS,14,20.5,Acrylic Jumper With Stripe
Junior,Hatfield Academy,Drawstring Bag,SH5890,BK,3,0,
Junior,Hatfield Academy,PE T-Shirt (With Logo),3TC,WHT,4.5,0,
Junior,Prince Edward,Sweatshirt (With Logo),3SR,BY,8.5,0,
Junior,Prince Edward,Fleece (With Logo),3JP,BY,16,0,<b style=color:#ff0000;>Made to order only. This is a Non-Exchangeable & Non-Refundable product.</b>
Junior,Prince Edward,Bookbag,BB03,BY,4.5,0,
Junior,Prince Edward,Document Case,DC01,BY,9,0,
Junior,Prince Edward,PE T-Shirt (With Logo),3TC,WHT,4.5,0,
Junior,Prince Edward,PE T-Shirt  (Plain),3TC,WHT,3.5,0,
Junior,Prince Edward,Polo Shirt (With Logo),3PP,WHT,6.75,0,
Junior,Prince Edward,Drawstring Bag,SH5890,BY,3,0,
Junior,Trinity Croft C of E,Polo Shirt (With Logo),3PP,NB,6.75,0,
Junior,Trinity Croft C of E,Bookbag,BB03,NB,4.5,0,
Junior,Trinity Croft C of E,Drawstring Bag,SH5890,NB,3,0,
Junior,Trinity Croft C of E,Fleece (With Logo),3JP,NB,16,0,<b style=color:#ff0000;>Made to order only. This is a Non-Exchangeable & Non-Refundable product.</b>
Junior,St Ann's Stocksbridge,Drawstring Bag,SH5890,BY,3,0,
Junior,Unstone Infants,Gildan Hoodie (Kids),18500B,RD,12,0,
Junior,Unstone Junior,Gildan Hoodie (Kids),18500B,RD,12,0,
Senior,Meadowhead,Polo Shirt,3PP,BK,6.75,10,
Senior,Meadowhead,Polo Shirt,3PP,WHT,6.75,10,
Senior,St Bernards Catholic High School,Falcon Rugby Shirt,R200,BK-RD,23,28,<b style=color:#ff0000;>Made to order only. This is a Non-Exchangeable & Non-Refundable product.</b>
Senior,St Bernards Catholic High School,Spirit 1/4 Zip Top,B250,BK-RD,18.5,25,
Senior,St Bernards Catholic High School,Spirit 1/4 Zip Top,B250,BK-RD,18.5,25,
Senior,St Bernards Catholic High School,Spirit 1/4 Zip Top,B250,BK-RD,18.5,25,
Junior,Holmesdale Infant,Fleece (With Logo),3JP,NB,16,0,<b style=color:#ff0000;>Made to order only. This is a Non-Exchangeable & Non-Refundable product.</b>
Junior,Holmesdale Infant,Bookbag,BB03,NB,4.5,0,
Junior,Holmesdale Infant,Document Case,DC01,NB,9,0,
Junior,Holmesdale Infant,Drawstring Bag,SH5890,NB,3,0,
Junior,Holmesdale Infant,Trutex Cardigan,TRUC,NB,14.5,0,
Junior,Holmesdale Infant,Trutex Polo Shirts,TRUP,NB,9.5,0,
Junior,Holmesdale Infant,Trutex Sweatshirt,TRUS,NB,13.5,0,
Junior,Holmesdale Infant,Trutex Cardigan,TRUC,RD,14.5,0,
Junior,Holmesdale Infant,Trutex Polo Shirts,TRUP,RD,9.5,0,
Junior,Holmesdale Infant,Trutex Sweatshirt,TRUS,RD,13.5,0,
Senior,Forge Valley,100% Cotton Knitted V Neck Jumper (With Logo).,PTHINJ,BK,16,0,
Junior,Wharncliffe Side Primary School,Infant Backpack,IBMP12,NB,14,0,
Junior,Wharncliffe Side Primary School,Junior Backpack,JBMP12,NB,15,0,
Senior,St Bernards Catholic High School,Pinders Acrylic Jumper,PAJ,BK,14,20.5,
Senior,St Bernards Catholic High School,Pinders Acrylic Jumper,PAJ,BK,14,20.5,
Senior,St Bernards Catholic High School,Pinders Acrylic Jumper,PAJ,BK,14,20.5,
Junior,Newbold C of E Primary School,FOLT T-shirt with logo,61033,SB,6,0,
Senior,Stocksbridge High School,Football Socks,KFS,BK,5,5.5,
Senior,Wingfield,PE Hoodie,18500,BK,12,14,
Senior,Wingfield,Polo Shirt,G920,BK-WHT-GD,14,17,
Senior,Wingfield,Spirit Shorts,P231,BK-WHT-GD,11,13.5,
Junior,St Lukes C of E Shireoaks,Drawstring Bag,SH5890,BT,3,0,
Junior,St Lukes C of E Shireoaks,PE T-Shirt (With Logo),3TC,GD,4.5,0,
Senior,Fir Vale,Basic Tie,BTIE,FIRVALEPU-SV,5.5,0,
Junior,Oasis Academy Don Valley Junior,PE T-Shirt (With Logo),3TC,WHT,4.5,0,
Senior,Wales High School,PE T-Shirt,G920S,RD-BK,14,17,
Junior,Gorseybrigg Primary,Sweatshirt (With Logo),3SR,BT,8.5,0,
Senior,Swinton Academy,Blazer - Boys (With Logo),1UA,BK,25,30,<b style=color:#ff0000;>Made to order only. This is a Non-Exchangeable & Non-Refundable product.</b>
Senior,Swinton Academy,Blazer - Girls (With Logo),1UJ,BK,25,30,<b style=color:#ff0000;>Made to order only. This is a Non-Exchangeable & Non-Refundable product.</b>
Senior,Swinton Academy,Shadow Stripe Shorts,3BS,BK,2.5,6,
Senior,Swinton Academy,PE T-Shirt  (Plain),3TC,WHT,4.5,0,
Senior,Swinton Academy,Rugby Shirt,ACETR,RUGBY,8.5,19,
Junior,Wath Victoria Primary,Polo Shirt (With Logo),3PP,SB,6.75,0,
Junior,Wath Victoria Primary,Cardigan (With Logo),3SC,NB,9,0,
Senior,Swinton Academy,Polo Shirt,3PP,DR,6.75,10,
Junior,Foljambe Primary Campus,Polo Shirt (With Logo),3PP,PU,6.75,0,
Senior,Wingfield,PE Encore Training Trousers,ZR35,BK,18,25,
Senior,Rawmarsh Community School,PE Encore Training Trousers,ZR35,BK,10,10,"<b>This is a Non-Exchangeable & Non-Refundable product.</b><br/> LIMITED OFFER, ITEMS ARE AVAILABLE ON A FIRST COME FIRST SERVE BASIS* TILL STOCK LAST."
Junior,Kilnhurst Primary,Gildan Hoodie (Kids),18500B,RD,12,0,
Senior,Rawmarsh Community School,Falcon Girls Leggings (With logo),ZR38,BK,10,10,
Senior,Bents Green,PE T-Shirt (With Logo),3TC,WHT,4.5,0,
Senior,Meadowhead,Rugby Shirt,R150,BK-EM,18.5,22.5,<b style=color:#ff0000;>Made to order only. This is a Non-Exchangeable & Non-Refundable product.</b>
Senior,Birley Academy,Boys Blazer,BCJ,GY,25,30,
Senior,Birley Academy,Girls Blazers,GCJ,GY,25,30,
Senior,Birley Academy,Trutex Unisex PE Polo,SPB,NVW,13,15,
Senior,Birley Academy,Trutex Girls PE Polo,SPG,NVW,13,15,
Senior,Birley Academy,Spirit 1/4 Zip Top,B250,NB-NB-WHT,18.5,25,
Senior,Birley Academy,Basic Tie,BTIE,BIRLEY,5.5,0,
Junior,Waterthorpe Nursery & Infant,Polo Shirt (With Logo),3PP,RD,6.75,0,
Junior,Waterthorpe Nursery & Infant,Sweatshirt (With Logo),3SR,RD,8.5,0,
Junior,Waterthorpe Nursery & Infant,Sweatshirt (With Logo),3SR,NB,8.5,0,
Junior,Waterthorpe Nursery & Infant,Polo Shirt (With Logo),3PP,NB,6.75,0,
Junior,Waterthorpe Nursery & Infant,Polo Shirt (With Logo),3PP,WHT,6.75,0,
Junior,Castle View Primary School,PE T-Shirt (With Logo),3TC,WHT,4.5,0,
Junior,Anns Grove,PE T-Shirt (With Logo),3TC,WHT,4.5,0,
Junior,Lound Primary Academy,PE T-Shirt (With Logo),3TC,WHT,4.5,0,
Junior,Lenthall Infants,PE T-Shirt (With Logo),3TC,DR,4.5,0,
Junior,Redscope Primary,PE T-Shirt (With Logo),3TC,WHT,4.5,0,
Junior,Marsh Lane,PE T-Shirt (With Logo),3TC,WHT,4.5,0,
Junior,Stocksbridge Junior,PE T-Shirt (With Logo),3TC,WHT,4.5,0,
Junior,Totley Primary,Cardigan (With Logo),3SC,NB,8,0,
Junior,Newbold C of E Primary School,Bookbag,BB03,NB,4.5,0,
Junior,Abbey Lane,Drawstring PE Bag,QD71,BK,5.5,0,
Senior,Bradfield School,Blazer - Boys (With Logo),1UA,BK,25,30,<b style=color:#ff0000;>Made to order only. This is a Non-Exchangeable & Non-Refundable product.</b>
Junior,Waterthorpe Nursery & Infant,Cardigan (With Logo),3SC,NB,9,0,
Junior,Waterthorpe Nursery & Infant,Cardigan (With Logo),3SC,RD,9,0,
Junior,Newbold C of E Primary School,Document Case,DC01,NB,9,0,
Junior,Newbold C of E Primary School,Drawstring Bag,SH5890,NB,3,0,
Junior,St Ann's Stocksbridge,Bookbag,BB03,BY,4.5,0,
Junior,St Ann's Stocksbridge,Document Case,DC01,BY,9,0,
Junior,St Ann's Stocksbridge,Junior Backpack,JBMP12,MRN,15,0,
Senior,Tapton,PE Encore Training Trousers,ZR35,BK,18,25,<b style=color:#ff0000;>Made to order only. This is a Non-Exchangeable & Non-Refundable product.</b>
Junior,Newbold C of E Primary School,Slipover,1WZ,NB,15,0,
Senior,Oasis Academy Don Valley Senior,Blazer - Boys (With Logo),1UA,BK,25,30,
Senior,Oasis Academy Don Valley Senior,Blazer - Girls (With Logo),1UJ,BK,25,30,
Senior,Oasis Academy Don Valley Senior,Cardigan,OADVC,GY-GN,24,35.5,
Senior,Oasis Academy Don Valley Senior,Jumper,OADVJ,GY-GN,22,34,
Senior,Oasis Academy Don Valley Senior,Clip on Tie,CTIE,OADV,6.5,0,
Senior,Oasis Academy Don Valley Senior,Falcon T Shirt,ZR10,NB-EM-WHT,14,17,
Senior,Oasis Academy Don Valley Senior,Encore Shorts,ZR50,NB-EM-WHT,12,14,
Senior,Oasis Academy Don Valley Senior,Falcon 1/4 Zip Top,ZR45,NB-EM-WHT,21.5,26.5,
Junior,Oasis Academy Don Valley Junior,Clip on Tie,CTIE,OADV,6.5,0,
Junior,Oasis Academy Don Valley Junior,Cardigan,OADVC,GY-GN,24,35.5,
Junior,Oasis Academy Don Valley Junior,Jumper,OADVJ,GY-GN,22,34,
Senior,Gainsborough Academy,Football Socks (With Logo),KFSL,BK-PU,2,0,"<b>This is a Non-Exchangeable & Non-Refundable product.</b><br/> LIMITED OFFER, ITEMS ARE AVAILABLE ON A FIRST COME FIRST SERVE BASIS* TILL STOCK LAST."
Junior,Peafield Lane Academy,Waterproof Fleece (NON REVERSIBLE),3JM,BT,23,0,<b style=color:#ff0000;>Made to order only. This is a Non-Exchangeable & Non-Refundable product.</b>
Junior,Peafield Lane Academy,Fleece (With Logo),3JP,BT,16,0,<b style=color:#ff0000;>Made to order only. This is a Non-Exchangeable & Non-Refundable product.</b>
Junior,Peafield Lane Academy,Bookbag,BB03,BT,4.5,0,
Junior,Peafield Lane Academy,Document Case,DC01,BT,9,0,
Senior,Bradfield School,FOLT T-Shirt (With Logo),61036,NB,8,0,
Junior,Peafield Lane Academy,Basic Tie,BTIE,BT,5.5,0,
Senior,Bradfield School,PE Hoodie (With Logo & Print),B18500,NB,13.25,15.25,<b style=color:#ff0000;>Made to order only. This is a Non-Exchangeable & Non-Refundable product.</b>
Senior,Bradfield School,Clip on Tie,CTIE,BRAD,6.5,0,<b style=color:#ff0000;>Made to order only. This is a Non-Exchangeable & Non-Refundable product.</b>
Junior,Birley Spa Primary Academy,Cardigan (With Logo),3SC,BK,9,0,
Junior,Birley Spa Primary Academy,Sweatshirt (With Logo),3SR,BK,8.5,0,
Junior,Birley Spa Primary Academy,Bookbag,BB03,BK,4.5,0,
Junior,Birley Spa Primary Academy,Waterproof Fleece (NON REVERSIBLE),3JM,BK,23,0,
Junior,Birley Spa Primary Academy,Fleece (With Logo),3JP,BK,16,0,
Senior,Talbot Specialist School,Waterproof Fleece (NON REVERSIBLE),3JM,PU,23,28,<b style=color:#ff0000;>Made to order only. This is a Non-Exchangeable & Non-Refundable product.</b>
Senior,Talbot Specialist School,Fleece,3JP,PU,23,23,
Senior,Talbot Specialist School,Polo Shirt,3PP,PU,6.75,10,
Senior,Talbot Specialist School,Cardigan,3SC,PU,9,13.5,
Senior,Talbot Specialist School,Sweatshirt,3SR,PU,8.5,13,
Senior,Talbot Specialist School,PE T-Shirt (With Logo),3TC,PU,4.5,0,
Senior,Bradfield School,100% Cotton Knitted V Neck Jumper (With Logo).,PTHINJ,NB,16,0,<b style=color:#ff0000;>Made to order only. This is a Non-Exchangeable & Non-Refundable product.</b>
Junior,Peafield Lane Academy,Basic Tie,BTIE,BT,5.5,0,
Senior,Bradfield School,100% Cotton Cardigan (With Logo).,PTHINC,NB,17.5,20,
Senior,Newfield School,PE Hoodie,18500,BY,12,14,<b style=color:#ff0000;>Made to order only. This is a Non-Exchangeable & Non-Refundable product.While stock last </b>
Junior,Peafield Lane Academy,Slipover,1WZ,BT,15,0,
Senior,Forge Valley,Football Socks,KFS,NB,5,5.5,
Junior,Swallownest Primary School,Cardigan (With Logo),3SC,NB,9,0,
Junior,Swallownest Primary School,Sweatshirt (With Logo),3SR,NB,8.5,0,
Junior,Swallownest Primary School,PE T-Shirt (With Logo),3TC,WHT,4.5,0,
Junior,Swallownest Primary School,Bookbag,BB03,RY,4.5,0,
Junior,Swallownest Primary School,Document Case,DC01,RY,9,0,
Junior,Swallownest Primary School,Waterproof Fleece (NON REVERSIBLE),3JM,NB,23,0,<b style=color:#ff0000;>Made to order only. This is a Non-Exchangeable & Non-Refundable product.</b>
Junior,Swallownest Primary School,Fleece (With Logo),3JP,NB,16,0,<b style=color:#ff0000;>Made to order only. This is a Non-Exchangeable & Non-Refundable product.</b>
Junior,Dinnington Community Primary,Cardigan (With Logo),3SC,RD,9,0,
Junior,Dinnington Community Primary,Sweatshirt (With Logo),3SR,RD,8.5,0,
Junior,Dinnington Community Primary,Fleece (With Logo),3JP,RD,16,0,<b style=color:#ff0000;>Made to order only. This is a Non-Exchangeable & Non-Refundable product.</b>
Junior,Dinnington Community Primary,Polo Shirt (With Logo),3PP,WHT,6.75,0,
Junior,Dinnington Community Primary,Bookbag,BB03,RD,4.5,0,
Junior,William Levick Primary School,PE T-Shirt (Front & Back Print),3TCWL,RD,6,0,
Junior,William Levick Primary School,PE T-Shirt (Front & Back Print),3TCWL,GD,6,0,
Junior,William Levick Primary School,PE T-Shirt (Front & Back Print),3TCWL,BT,6,0,
Junior,William Levick Primary School,PE T-Shirt (Front & Back Print),3TCWL,DR,6,0,
Senior,Wales High School,PE T-Shirt,G920S,RD-RY,14,17,
Senior,Wales High School,PE T-Shirt,G920S,RD-WHT,14,17,
Senior,Wales High School,PE T-Shirt,G920S,RD-YW,14,17,
Senior,Wales High School,Rugby Shirt,R151,RD-WHT,18.5,22.5,
Senior,Wales High School,Rugby Shirt,R151,RD-RY,18.5,22.5,
Senior,Wales High School,Rugby Shirt,R151,RD-BK,18.5,22.5,
Senior,Wales High School,Rugby Shirt,R151,RD-YW,18.5,22.5,
Junior,Gorseybrigg Primary,Cardigan (With Logo),3SC,BT,9,0,
Junior,Gorseybrigg Primary,Polo Shirt (With Logo),3PP,WHT,6.75,0,
Senior,King Ecgbert,Falcon 1/4 Zip Top,ZR45,NB-SB-WHT,21.5,26.5,
Junior,Killamarsh Infant & Nursery,PE T-Shirt (With Logo),3TC,WHT,4.5,0,
Junior,Killamarsh Infant & Nursery,Bookbag,BB03,RD,4.5,0,
Junior,Killamarsh Infant & Nursery,Drawstring Bag,SH5890,RD,3,0,
Junior,Greasbrough Primary,Bookbag,BB03,JD,4.5,0,
Senior,Westfield School,100% Cotton Knitted V Neck Jumper (With Logo).,PTHINJ,BK,16,0,"<b>This is a Non-Exchangeable & Non-Refundable product.</b><br/> LIMITED OFFER, ITEMS ARE AVAILABLE ON A FIRST COME FIRST SERVE BASIS* TILL STOCK LAST."
Senior,Stocksbridge High School,PE Encore Training Trousers,ZR35,BK,18,25,
Senior,Stocksbridge High School,PE Falcon Girls Leggings,ZR38,BK,15.5,24.5,
Senior,Handsworth Grange,PE Falcon Girls Leggings,ZR38,NB,15.5,24.5,
Junior,Wisewood Primary,Document Case,DC01,NB,9,0,
Junior,Wisewood Primary,"Pinders Set which includes 3TC T-Shirt, 3BS Shorts & SH5890 PE Bag",PEKIT,NB-NB-WHT,10,0,
Senior,Forge Valley,Honeycomb Shorts,1BU,NB,7.5,0,
Senior,Seven Hills,Sweatshirt,3SR,NB,8.5,13,<b style=color:#ff0000;>Made to order only. This is a Non-Exchangeable & Non-Refundable product.</b>
Senior,Wath Academy,Honeycomb Shorts,1BU,BK,7.5,0,
Junior,St Mary's Maltby,Shadow Stripe Shorts,3BS,NB,2.5,0,
Junior,Anns Grove,Document Case,DC01,NB,9,0,
Senior,Wath Academy,Football Socks,KFS,BK,5,5.5,
Senior,Wath Academy,PE Encore Training Trousers,ZR35,BK,18,25,
Senior,Wath Academy,PE Falcon Girls Leggings,ZR38,BK,15.5,24.5,
Junior,St Mary's Maltby,Waterproof Fleece (NON REVERSIBLE),3JM,NB,23,0,<b style=color:#ff0000;>Made to order only. This is a Non-Exchangeable & Non-Refundable product.</b>
Senior,Fir Vale,Honeycomb Shorts,1BU,BK,7.5,0,
Senior,Fir Vale,PE T-Shirt (With Logo),3TC,BK,4.5,0,
Senior,Fir Vale,Football Socks,KFS,BK,5,5.5,
Senior,Wath Academy,Unisex PE T-Shirt,G910,MRN-BK-GD,12,14.4,
Senior,Wath Academy,Girls Polo Shirt,G925,MRN-BK-GD,11.2,13.6,
Senior,Wath Academy,Falcon Rugby Shirt,R200,MRN-BK-GD,18.4,22.4,<b style=color:#ff0000;>Made to order only. This is a Non-Exchangeable & Non-Refundable product.</b>
Junior,St Mary's Maltby,Polo Shirt (With Logo),3PP,WHT,6.75,0,
Junior,St Mary's Maltby,Cardigan (With Logo),3SC,NB,9,0,
Junior,St Mary's Maltby,Sweatshirt (With Logo),3SR,NB,8.5,0,
Junior,St Mary's Maltby,V Neck Sweatshirt,3SV,NB,12,0,
Junior,St Mary's Maltby,PE T-Shirt (With Logo),3TC,WHT,4.5,0,
Junior,St Mary's Maltby,Bookbag,BB03,NB,4.5,0,
Junior,St Mary's Maltby,Document Case,DC01,NB,9,0,
Junior,St Mary's Maltby,Clip on Tie,CTIE,HH,6.5,0,
Junior,St Mary's Maltby,Elasticated Tie,ETIE,HH,3.5,0,
Junior,St Mary's Maltby,Fleece (With Logo),3JP,NB,16,0,<b style=color:#ff0000;>Made to order only. This is a Non-Exchangeable & Non-Refundable product.</b>
Junior,St Mary's Maltby,Pinders Acrylic Jumper,PAJ,NB,14,18.5,
Senior,Maltby Academy,MALP Sweatshirt,3SRM,BK,8.5,19.5,<b style=color:#ff0000;>Made to order only. This is a Non-Exchangeable & Non-Refundable product.</b>
Junior,Badsley Primary,Polo Shirt (With Logo),3PP,WHT,6.75,0,
Senior,Springwell Community College,STRAIGHT SKIRTS,STRSKTS,BK,14,16,
Junior,Westways Primary School,Polo Shirt (With Logo),3PP,WHT,6.75,0,
Junior,Westways Primary School,Cardigan (With Logo),3SC,NB,9,0,
Junior,Westways Primary School,Sweatshirt (With Logo),3SR,NB,8.5,0,
Junior,Westways Primary School,Bookbag,BB03,RY,4.5,0,
Junior,Westways Primary School,Drawstring Bag,SH5890,RD,3,0,
Senior,Fir Vale,Basic Tie,BTIE,FIRVALE-SV,5.5,0,
Junior,Peafield Lane Academy, V Neck Sweatshirt,3SY,BT,9.75,0,
Senior,Meadowhead,Sweatshirt,3SR,BK,8.5,13,
Senior,Meadowhead,Spirit Hoodie,B550,BK-EM-WHT,18.5,25,<b style=color:#ff0000;>Made to order only. This is a Non-Exchangeable & Non-Refundable product.</b>
Junior,Holmesdale Infant,PE T-Shirt (With Logo),3TC,RD,4.5,0,
Junior,Holmesdale Infant,PE T-Shirt (With Logo),3TC,WHT,4.5,0,
Junior,Broom Valley Community School,Sweatshirt (With Logo),3SR,DD,8.5,0,
Junior,Broom Valley Community School,Fleece (With Logo),3JP,DR,16,0,<b style=color:#ff0000;>Made to order only. This is a Non-Exchangeable & Non-Refundable product.</b>
Junior,Holmesdale Infant,PE T-Shirt (With Logo),3TC,NB,4.5,0,
Junior,Nether Edge Primary and Nursery School,Fleece (With Logo),3JP,BT,16,0,"<b>This is a Non-Exchangeable & Non-Refundable product.</b><br/> LIMITED OFFER, ITEMS ARE AVAILABLE ON A FIRST COME FIRST SERVE BASIS* TILL STOCK LAST."
Junior,St Gerards Catholic Primary School,PE T-Shirt  (Plain),3TC,WHT,3.5,0,
Senior,Springwell Community College,100% Cotton Knitted V Neck Jumper plain,PTHINJ,BK,16,0,
Junior,St Gerards Catholic Primary School,Bookbag,BB03,NB,4.5,0,
Junior,St Gerards Catholic Primary School,Polo Shirt (With Logo),3PP,SB,6.75,0,
Junior,St Gerards Catholic Primary School,Sweatshirt (With Logo),3SR,NB,8.5,0,
Junior,St Gerards Catholic Primary School,Drawstring Bag,SH5890,NB,3,0,
Senior,Sheffield Park Academy,Waterproof Fleece (NON REVERSIBLE),3JM,RY,23,28,<b style=color:#ff0000;>Made to order only. This is a Non-Exchangeable & Non-Refundable product.</b>
Senior,Eckington Comprehensive,Falcon Girls Leggings (With logo),ZR38,NB,17,26.5,
Junior,Foljambe Primary Campus,Sweatshirt (With Logo),3SR,BK,8.5,0,
Junior,Foljambe Primary Campus,Waterproof Fleece (NON REVERSIBLE),3JM,BK,23,0,<b style=color:#ff0000;>Made to order only. This is a Non-Exchangeable & Non-Refundable product.</b>
Junior,Foljambe Primary Campus,Fleece (With Logo),3JP,BK,16,0,<b style=color:#ff0000;>Made to order only. This is a Non-Exchangeable & Non-Refundable product.</b>
Junior,Foljambe Primary Campus,Bookbag,BB03,PU,4.5,0,
Category,Boys Trousers,BOYS LEG LENGTH TROUSERS,BLL,BK_GY,11,14,
Category,Boys Trousers,BOYS SLIM FIT TROUSERS,BSF,BK,14,17,
Category,Boys Trousers,MENS SLIM FIT TROUSERS,MSF,BK,18,20,
Category,Boys Trousers,BOYS COMFORT FIT TROUSERS,BCFT,BK_GY,14,24,
Category,Girls Dress,4 BUTTON PINAFORE DRESS,4BPFD,BK_NB_GY,10,0,
Category,Girls Dress,BIB PINAFORE DRESS,BPFD,BK_NB_GY,10,0,
Category,Girls Dress,BOW BACK PINAFORE DRESS,BOWPFD,BK_NB_GY,10,0,
Category,Doc & Bags,P.E BAGS,SH5890,BK_NB_RD_DR_BT_MRN,2,0,
Category,Girls Skirts,STRAIGHT SKIRTS,STRSKTS,BK,14,16,
Category,Doc & Bags,DOCUMENT CASE,DCO1,BK_NB_RD_RY,9,0,
Category,Doc & Bags,BOOK BAG,PRBB19,BK_NB_RD_RY_JD_BT_MRN_PU_EM,4.5,0,
Category,Socks,KNEE HIGH SOCKS WITH BOW (Single Pair),KHSWB,BK_NB_GY_WHT,3.5,0,
Category,Socks,PLAIN KNEE HIGH SOCKS (Pack of 3),KHS,BK_NB_GY_WHT,5,0,
Category,Socks,ANKLE SOCKS (Pack of 3),BSS,BK_NB_GY_WHT,3,0,
Category,Girls Tights,GIRLS SCHOOL TIGHTS,GST,BK_NB_GY_WHT_RD,4,0,
Category,Socks,FOOTBALL SOCKS,3RF,BK_NB_DR_SB_WHT,5,5.5,
Category,Shorts,ADULT SHADOW STRIPE SHORTS,ASSS,BK_NB_RD,3.5,0,
Category,Shorts,KIDS SHADOW STRIPE SHORTS,KSSS,BK_NB_RD_RY_BT_MRN_WHT,2.5,0,
Junior,Monkwood Primary,Gildan Hoodie (Kids),18500B,NB,12,0,
Junior,Monkwood Primary,Polo Shirt (With Logo),3PP,NB,6.75,0,
Junior,Aston Hall,Polo Shirt (With Logo),3PP,DR,6.75,0,
Junior,Aston Hall,Cardigan (With Logo),3SC,DD,9,0,
Junior,Aston Hall,Sweatshirt (With Logo),3SR,DD,8.5,0,
Junior,Aston Hall,Polo Shirt,KK406,CY,8,0,
Junior,Aston Hall,Fleece (With Logo),3JP,NB,16,0,<b style=color:#ff0000;>Made to order only. This is a Non-Exchangeable & Non-Refundable product.</b>
Junior,Aston Hall,Bookbag,BB03,RY,4.5,0,
Junior,Aston Hall,Document Case,DC01,RY,9,0,
Category,Girls Skirts,BOX PLEATED SKIRTS,BPS,BK_NB_GY,7,9,
Category,PPE,Pack of 50 Pieces Three Ply Face Mask,FACM,Standard,3,0,
Category,Shoes,VELCRO PUMPS,VP,BK,4.5,0,
Category,Boys Shirts,LONG SLEEVE SHIRTS TWIN PACK NON IRON,PSSL,WHT_SB,10,12,
Category,Boys Shirts,SHORT SLEEVE SHIRT TWIN PACK NON IRON,PSSH,WHT_SB,10,12,
Category,Girls Blouses,LONG SLEEVE BLOUSE TWIN PACK NON IRON,PSBL,WHT_SB,10,25,
Category,Girls Blouses,SHORT SLEEVE BLOUSE TWIN PACK NON IRON,PSBH,WHT_SB,10,25,
Junior,Birley Primary Academy,Cardigan (With Logo),3SC,NB,9,0,
Junior,Birley Primary Academy,Sweatshirt (With Logo),3SR,NB,8.5,0,
Junior,Birley Primary Academy,Polo Shirt (With Logo),3PP,WHT,6.75,0,
Junior,Birley Primary Academy,Polo Shirt (With Logo),3PP,NB,6.75,0,
Junior,Tinsley Meadows,Pinders Acrylic Cardigan ,PAC,NB,15,19.5,
Junior,Tinsley Meadows,Pinders Acrylic Jumper,PAJ,NB,14,18.5,
Junior,Tinsley Meadows,Pinders Acrylic Cardigan ,PAC,BY,15,19.5,
Junior,Tinsley Meadows,Pinders Acrylic Jumper,PAJ,BY,14,18.5,
Junior,Tinsley Meadows,Clip on Tie,CTIE,TINS,6.5,0,
Junior,Birley Primary Academy,Bookbag,BB03,NB,4.5,0,
Junior,Birley Primary Academy,Document Case,DC01,NB,9,0,
Junior,St Joseph’s Staveley,Shadow Stripe Shorts,3BS,RD,2.5,0,
Junior,St Joseph’s Staveley,Waterproof Fleece (NON REVERSIBLE),3JM,RD,23,0,<b style=color:#ff0000;>Made to order only. This is a Non-Exchangeable & Non-Refundable product.</b>
Junior,St Joseph’s Staveley,Fleece (With Logo),3JP,RD,16,0,<b style=color:#ff0000;>Made to order only. This is a Non-Exchangeable & Non-Refundable product.</b>
Junior,St Joseph’s Staveley,Polo Shirt (With Logo),3PP,WHT,6.75,0,
Junior,St Joseph’s Staveley,Cardigan (With Logo),3SC,RD,9,0,
Junior,St Joseph’s Staveley,Sweatshirt (With Logo),3SR,RD,8.5,0,
Junior,St Joseph’s Staveley,Bookbag,BB03,RD,4.5,0,
Junior,St Joseph’s Staveley,Document Case,DC01,RD,9,0,
Junior,St Joseph’s Staveley,Drawstring Bag,SH5890,RD,3,0,
Junior,St Joseph’s Staveley,PE T-Shirt (With Logo),3TC,WHT,4.5,0,
Senior,Wickersley School & Sports College,BOYS LEG LENGTH TROUSERS,BLL,BK,11,14,
Senior,Wickersley School & Sports College,BOYS SLIM FIT TROUSERS,BSF,BK,14,17,
Senior,Wickersley School & Sports College,BOYS COMFORT FIT TROUSERS,BCFT,BK_GY,14,24,
Senior,Wickersley School & Sports College,MENS SLIM FIT TROUSERS,MSF,BK,18,20,
Senior,Wickersley School & Sports College,STRAIGHT SKIRTS,STRSKTS,BK,14,16,
Category,Polo Shirts & T-shirts,WHITE KIDS CHAMPION T-SHIRTS,3TCWK,WHT,2.5,0,
Senior,Rawmarsh Community School,BOYS SLIM FIT TROUSERS,BSF,BK,5,0,"<b>This is a Non-Exchangeable & Non-Refundable product.</b><br/> LIMITED OFFER, ITEMS ARE AVAILABLE ON A FIRST COME FIRST SERVE BASIS* TILL STOCK LAST."
Senior,Rawmarsh Community School,BOYS COMFORT FIT TROUSERS,BCFT,BK_GY,14,24,"<b>This is a Non-Exchangeable & Non-Refundable product.</b><br/> LIMITED OFFER, ITEMS ARE AVAILABLE ON A FIRST COME FIRST SERVE BASIS* TILL STOCK LAST."
Senior,Rawmarsh Community School,MENS SLIM FIT TROUSERS,MSF,BK,5,0,"<b>This is a Non-Exchangeable & Non-Refundable product.</b><br/> LIMITED OFFER, ITEMS ARE AVAILABLE ON A FIRST COME FIRST SERVE BASIS* TILL STOCK LAST."
Senior,Rawmarsh Community School,STRAIGHT SKIRTS,STRSKTS,BK,14,16,"<b>This is a Non-Exchangeable & Non-Refundable product.</b><br/> LIMITED OFFER, ITEMS ARE AVAILABLE ON A FIRST COME FIRST SERVE BASIS* TILL STOCK LAST."
Senior,Clifton Comprehensive,BOYS LEG LENGTH TROUSERS,BLL,BK,5,0,"<b>This is a Non-Exchangeable & Non-Refundable product.</b><br/> LIMITED OFFER, ITEMS ARE AVAILABLE ON A FIRST COME FIRST SERVE BASIS* TILL STOCK LAST."
Senior,Clifton Comprehensive,BOYS SLIM FIT TROUSERS,BSF,BK,5,0,"<b>This is a Non-Exchangeable & Non-Refundable product.</b><br/> LIMITED OFFER, ITEMS ARE AVAILABLE ON A FIRST COME FIRST SERVE BASIS* TILL STOCK LAST."
Senior,Clifton Comprehensive,BOYS COMFORT FIT TROUSERS,BCFT,BK_GY,14,24,"<b>This is a Non-Exchangeable & Non-Refundable product.</b><br/> LIMITED OFFER, ITEMS ARE AVAILABLE ON A FIRST COME FIRST SERVE BASIS* TILL STOCK LAST."
Senior,Clifton Comprehensive,MENS SLIM FIT TROUSERS,MSF,BK,5,0,"<b>This is a Non-Exchangeable & Non-Refundable product.</b><br/> LIMITED OFFER, ITEMS ARE AVAILABLE ON A FIRST COME FIRST SERVE BASIS* TILL STOCK LAST."
Senior,Clifton Comprehensive,STRAIGHT SKIRTS,STRSKTS,BK,14,16,"<b>This is a Non-Exchangeable & Non-Refundable product.</b><br/> LIMITED OFFER, ITEMS ARE AVAILABLE ON A FIRST COME FIRST SERVE BASIS* TILL STOCK LAST."
Senior,Gainsborough Academy,BOYS LEG LENGTH TROUSERS,BLL,BK,5,0,"<b>This is a Non-Exchangeable & Non-Refundable product.</b><br/> LIMITED OFFER, ITEMS ARE AVAILABLE ON A FIRST COME FIRST SERVE BASIS* TILL STOCK LAST."
Senior,Gainsborough Academy,BOYS SLIM FIT TROUSERS,BSF,BK,5,0,"<b>This is a Non-Exchangeable & Non-Refundable product.</b><br/> LIMITED OFFER, ITEMS ARE AVAILABLE ON A FIRST COME FIRST SERVE BASIS* TILL STOCK LAST."
Senior,Gainsborough Academy,BOYS COMFORT FIT TROUSERS,BCFT,BK_GY,14,24,"<b>This is a Non-Exchangeable & Non-Refundable product.</b><br/> LIMITED OFFER, ITEMS ARE AVAILABLE ON A FIRST COME FIRST SERVE BASIS* TILL STOCK LAST."
Senior,Gainsborough Academy,MENS SLIM FIT TROUSERS,MSF,BK,5,0,"<b>This is a Non-Exchangeable & Non-Refundable product.</b><br/> LIMITED OFFER, ITEMS ARE AVAILABLE ON A FIRST COME FIRST SERVE BASIS* TILL STOCK LAST."
Senior,Gainsborough Academy,STRAIGHT SKIRTS,STRSKTS,BK,14,16,"<b>This is a Non-Exchangeable & Non-Refundable product.</b><br/> LIMITED OFFER, ITEMS ARE AVAILABLE ON A FIRST COME FIRST SERVE BASIS* TILL STOCK LAST."
Senior,Wath Academy,Clip on Tie,CTIE,WATH,5.5,0,
Senior,Wath Academy,Girls Viscount Blazer,SS29E,MRN,33,39,
Senior,Wath Academy,Boys Viscount Blazer,SS39E,MRN,33,39,
Senior,Rawmarsh Community School,BOYS LEG LENGTH TROUSERS,BLL,BK,5,0,"<b>This is a Non-Exchangeable & Non-Refundable product.</b><br/> LIMITED OFFER, ITEMS ARE AVAILABLE ON A FIRST COME FIRST SERVE BASIS* TILL STOCK LAST."
Category,Polo Shirts & T-shirts,WHITE ADULT CHAMPION T-SHIRTS,3TCWA,WHT,3,0,
Category,Polo Shirts & T-shirts,ADULT CHAMPION T SHIRTS,3TCA,BK_NB_RD_RY,5.5,0,
Category,Polo Shirts & T-shirts,KIDS CHAMPION TSHIRTS,3TCK,BK_NB_RD_RY,3.5,0,
Category,Polo Shirts & T-shirts,KIDS UNIFORM FOR LESS POLO SHIRTS,3UFL,NB,5.5,0,
Category,Shorts,BOYS GABERDINE SHORTS ZIP AND CLIP ,BGS,BK,8,0,
Category,Shorts,GIRLS COTTON SHORTS,GCS,BK_NB,4,0,
Category,Shorts,GIRLS SHINY SHORTS,GSS,BK_NB,4,0,
Category,Shorts,BOYS CARGO SHORTS,BCS,BK_GY,10,12,
Senior,Wath Academy,Blazer - Boys (With Logo),1UA,BK,25,30,
Senior,Wath Academy,Blazer - Girls (With Logo),1UJ,BK,25,30,
Category,Girls Trousers,GIRLS SLIM FIT HIGH RISE TROUSERS,OBGTH,BK,14,0,
Category,Girls Trousers,GIRLS SLIM FIT LOW RISE TROUSERS,OBGTL,BK,5,0,"<b>This is a Non-Exchangeable & Non-Refundable product.</b><br/> LIMITED OFFER, ITEMS ARE AVAILABLE ON A FIRST COME FIRST SERVE BASIS* TILL STOCK LAST."
Category,Girls Trousers,LADIES SLIM FIT HIGH RISE TROUSERS,OBLTH,BK,15,17,
Category,Girls Trousers,LADIES SLIM FIT LOW RISE TROUSERS,OBLTL,BK,5,0,"<b>This is a Non-Exchangeable & Non-Refundable product.</b><br/> LIMITED OFFER, ITEMS ARE AVAILABLE ON A FIRST COME FIRST SERVE BASIS* TILL STOCK LAST."
Senior,Rawmarsh Community School,GIRLS SLIM FIT HIGH RISE TROUSERS,OBGTH,BK,5,0,"<b>This is a Non-Exchangeable & Non-Refundable product.</b><br/> LIMITED OFFER, ITEMS ARE AVAILABLE ON A FIRST COME FIRST SERVE BASIS* TILL STOCK LAST."
Senior,Rawmarsh Community School,GIRLS SLIM FIT LOW RISE TROUSERS,OBGTL,BK,5,0,"<b>This is a Non-Exchangeable & Non-Refundable product.</b><br/> Only 7-8 Size left. LIMITED OFFER, ITEMS ARE AVAILABLE ON A FIRST COME FIRST SERVE BASIS* TILL STOCK LAST."
Senior,Rawmarsh Community School,LADIES SLIM FIT HIGH RISE TROUSERS,OBLTH,BK,5,0,"<b>This is a Non-Exchangeable & Non-Refundable product.</b><br/> LIMITED OFFER, ITEMS ARE AVAILABLE ON A FIRST COME FIRST SERVE BASIS* TILL STOCK LAST."
Senior,Rawmarsh Community School,LADIES SLIM FIT LOW RISE TROUSERS,OBLTL,BK,5,0,"<b>This is a Non-Exchangeable & Non-Refundable product.</b><br/> LIMITED OFFER, ITEMS ARE AVAILABLE ON A FIRST COME FIRST SERVE BASIS* TILL STOCK LAST."
Senior,Gainsborough Academy,GIRLS SLIM FIT HIGH RISE TROUSERS,OBGTH,BK,5,0,"<b>This is a Non-Exchangeable & Non-Refundable product.</b><br/> LIMITED OFFER, ITEMS ARE AVAILABLE ON A FIRST COME FIRST SERVE BASIS* TILL STOCK LAST."
Senior,Gainsborough Academy,GIRLS SLIM FIT LOW RISE TROUSERS,OBGTL,BK,5,0,"<b>This is a Non-Exchangeable & Non-Refundable product.</b><br/> LIMITED OFFER, ITEMS ARE AVAILABLE ON A FIRST COME FIRST SERVE BASIS* TILL STOCK LAST."
Senior,Gainsborough Academy,LADIES SLIM FIT HIGH RISE TROUSERS,OBLTH,BK,5,0,"<b>This is a Non-Exchangeable & Non-Refundable product.</b><br/> LIMITED OFFER, ITEMS ARE AVAILABLE ON A FIRST COME FIRST SERVE BASIS* TILL STOCK LAST."
Senior,Gainsborough Academy,LADIES SLIM FIT LOW RISE TROUSERS,OBLTL,BK,5,0,"<b>This is a Non-Exchangeable & Non-Refundable product.</b><br/> LIMITED OFFER, ITEMS ARE AVAILABLE ON A FIRST COME FIRST SERVE BASIS* TILL STOCK LAST."
Senior,Clifton Comprehensive,GIRLS SLIM FIT HIGH RISE TROUSERS,OBGTH,BK,5,0,"<b>This is a Non-Exchangeable & Non-Refundable product.</b><br/> LIMITED OFFER, ITEMS ARE AVAILABLE ON A FIRST COME FIRST SERVE BASIS* TILL STOCK LAST."
Senior,Clifton Comprehensive,GIRLS SLIM FIT LOW RISE TROUSERS,OBGTL,BK,5,0,"<b>This is a Non-Exchangeable & Non-Refundable product.</b><br/> Only 7-8 Size left. LIMITED OFFER, ITEMS ARE AVAILABLE ON A FIRST COME FIRST SERVE BASIS* TILL STOCK LAST."
Senior,Clifton Comprehensive,LADIES SLIM FIT HIGH RISE TROUSERS,OBLTH,BK,5,0,"<b>This is a Non-Exchangeable & Non-Refundable product.</b><br/> LIMITED OFFER, ITEMS ARE AVAILABLE ON A FIRST COME FIRST SERVE BASIS* TILL STOCK LAST."
Senior,Clifton Comprehensive,LADIES SLIM FIT LOW RISE TROUSERS,OBLTL,BK,5,0,"<b>This is a Non-Exchangeable & Non-Refundable product.</b><br/> LIMITED OFFER, ITEMS ARE AVAILABLE ON A FIRST COME FIRST SERVE BASIS* TILL STOCK LAST."
Senior,Eckington Comprehensive,Shadow Stripe Shorts,3BS,NB,2.5,6,
Category,Doc & Bags,Athleisure Gymsac,BG542,BK_NB_RD_RY,11,0,
Category,Doc & Bags,Mesh Gymsac,QD460,BK_NB_RD_RY,3.25,0,
Category,Doc & Bags,Premium Gymsac,QD71,BK_NB_RD_RY,7,0,
Category,Doc & Bags,PRINTED PE BAGS,NCS,BK_MRN,3,0,
Category,Doc & Bags,INFANT BACKPACK WITHOUT WATER BOTTLE,IBMP12,BK_NB_RD_RY_BT_GY_MRN_PU_BR,13,0,
Category,Doc & Bags,JUNIOR BACKPACK WITHOUT WATER BOTTLE,JBMP12,BK_NB_RD_RY_BT_GY_MRN_PU_BR,15,0,
Category,Doc & Bags,380cc WATER BOTTLE,WB18,RD_EM_MRN_NB_RY_PU,3,0,
Senior,Eckington Comprehensive,BOYS LEG LENGTH TROUSERS,BLL,BK,11,14,
Senior,Eckington Comprehensive,BOYS SLIM FIT TROUSERS,BSF,BK,14,17,
Senior,Eckington Comprehensive,BOYS COMFORT FIT TROUSERS,BCFT,BK,14,24,
Senior,Eckington Comprehensive,MENS SLIM FIT TROUSERS,MSF,BK,18,20,
Senior,Eckington Comprehensive,GIRLS SLIM FIT HIGH RISE TROUSERS,OBGTH,BK,14,0,
Senior,Eckington Comprehensive,GIRLS SLIM FIT LOW RISE TROUSERS,OBGTL,BK,5,0,
Senior,Eckington Comprehensive,LADIES SLIM FIT HIGH RISE TROUSERS,OBLTH,BK,15,17,
Senior,Eckington Comprehensive,LADIES SLIM FIT LOW RISE TROUSERS,OBLTL,BK,5,0,
Senior,Springwell Community College,BOYS LEG LENGTH TROUSERS,BLL,BK,11,14,
Senior,Springwell Community College,BOYS SLIM FIT TROUSERS,BSF,BK,14,17,
Senior,Springwell Community College,BOYS COMFORT FIT TROUSERS,BCFT,BK,14,24,
Senior,Springwell Community College,MENS SLIM FIT TROUSERS,MSF,BK,18,20,
Senior,Springwell Community College,GIRLS SLIM FIT HIGH RISE TROUSERS,OBGTH,BK,14,0,
Senior,Springwell Community College,GIRLS SLIM FIT LOW RISE TROUSERS,OBGTL,BK,5,0,
Senior,Springwell Community College,LADIES SLIM FIT HIGH RISE TROUSERS,OBLTH,BK,15,17,
Senior,Springwell Community College,LADIES SLIM FIT LOW RISE TROUSERS,OBLTL,BK,5,0,
Senior,Wickersley School & Sports College,GIRLS SLIM FIT HIGH RISE TROUSERS,OBGTH,BK,14,0,
Senior,Wickersley School & Sports College,GIRLS SLIM FIT LOW RISE TROUSERS,OBGTL,BK,5,0,"<b>This is a Non-Exchangeable & Non-Refundable product.</b><br/> Only 7-8 Size left. LIMITED OFFER, ITEMS ARE AVAILABLE ON A FIRST COME FIRST SERVE BASIS* TILL STOCK LAST."
Senior,Wickersley School & Sports College,LADIES SLIM FIT HIGH RISE TROUSERS,OBLTH,BK,15,17,
Senior,Wickersley School & Sports College,LADIES SLIM FIT LOW RISE TROUSERS,OBLTL,BK,5,0,
Senior,Bents Green,SHORT SLEEVE SHIRT TWIN PACK NON IRON,PSSH,WHT,10,12,
Senior,Hasland Hall Community,SHORT SLEEVE SHIRT TWIN PACK NON IRON,PSSH,WHT,10,12,
Senior,Meadowhead,SHORT SLEEVE SHIRT TWIN PACK NON IRON,PSSH,WHT,10,12,
Senior,Seven Hills,SHORT SLEEVE SHIRT TWIN PACK NON IRON,PSSH,WHT,10,12,<b style=color:#ff0000;>Made to order only. This is a Non-Exchangeable & Non-Refundable product.</b>
Senior,All Saints Catholic High School,SHORT SLEEVE SHIRT TWIN PACK NON IRON,PSSH,WHT,10,12,
Senior,Aston Academy,SHORT SLEEVE SHIRT TWIN PACK NON IRON,PSSH,WHT,10,12,<b style=color:#ff0000;>Made to order only. This is a Non-Exchangeable & Non-Refundable product.</b>
Senior,Clifton Comprehensive,SHORT SLEEVE SHIRT TWIN PACK NON IRON,PSSH,WHT,10,12,
Senior,Eckington Comprehensive,SHORT SLEEVE SHIRT TWIN PACK NON IRON,PSSH,WHT,10,12,
Senior,Fir Vale,SHORT SLEEVE SHIRT TWIN PACK NON IRON,PSSH,WHT,10,12,
Senior,Forge Valley,SHORT SLEEVE SHIRT TWIN PACK NON IRON,PSSH,WHT,10,12,
Senior,Gainsborough Academy,SHORT SLEEVE SHIRT TWIN PACK NON IRON,PSSH,WHT,10,12,
Senior,Handsworth Grange,SHORT SLEEVE SHIRT TWIN PACK NON IRON,PSSH,WHT,10,12,<b style=color:#ff0000;>Made to order only. This is a Non-Exchangeable & Non-Refundable product.</b>
Junior,Bolsover CofE,"Pinders Set which includes 3TC T-Shirt, 3BS Shorts & SH5890 PE Bag",PEKIT,WHT-RD-RD,10,0,
Senior,Maltby Academy,SHORT SLEEVE SHIRT TWIN PACK NON IRON,PSSH,WHT,10,12,
Senior,Swinton Academy,Clip on Tie,CTIE,ASTON,6.5,0,<b style=color:#ff0000;>Made to order only. This is a Non-Exchangeable & Non-Refundable product.</b>
Senior,Oakwood High,SHORT SLEEVE SHIRT TWIN PACK NON IRON,PSSH,WHT,10,12,
Senior,Sheffield Park Academy,SHORT SLEEVE SHIRT TWIN PACK NON IRON,PSSH,WHT,10,12,
Senior,Rawmarsh Community School,SHORT SLEEVE SHIRT TWIN PACK NON IRON,PSSH,WHT,10,12,
Senior,Sir Thomas Wharton,SHORT SLEEVE SHIRT TWIN PACK NON IRON,PSSH,WHT,10,12,
Senior,Sheffield Springs Academy,SHORT SLEEVE SHIRT TWIN PACK NON IRON,PSSH,WHT,10,12,
Senior,Springwell Community College,SHORT SLEEVE SHIRT TWIN PACK NON IRON,PSSH,WHT,10,12,
Senior,St Bernards Catholic High School,SHORT SLEEVE SHIRT TWIN PACK NON IRON,PSSH,WHT,10,12,
Senior,St Pius Catholic High School,SHORT SLEEVE SHIRT TWIN PACK NON IRON,PSSH,WHT,10,12,
Senior,Stocksbridge High School,SHORT SLEEVE SHIRT TWIN PACK NON IRON,PSSH,WHT,10,12,
Senior,Tapton,SHORT SLEEVE SHIRT TWIN PACK NON IRON,PSSH,WHT,10,12,
Senior,Thrybergh School & Sports College,SHORT SLEEVE SHIRT TWIN PACK NON IRON,PSSH,WHT,10,12,
Senior,Wales High School,SHORT SLEEVE SHIRT TWIN PACK NON IRON,PSSH,WHT,10,12,
Senior,Whittington Green,SHORT SLEEVE SHIRT TWIN PACK NON IRON,PSSH,WHT,10,12,
Senior,Wickersley School & Sports College,SHORT SLEEVE SHIRT TWIN PACK NON IRON,PSSH,WHT,10,12,
Senior,Wingfield,SHORT SLEEVE SHIRT TWIN PACK NON IRON,PSSH,WHT,10,12,
Senior,Winterhill,SHORT SLEEVE SHIRT TWIN PACK NON IRON,PSSH,WHT,10,12,
Senior,Westfield School,SHORT SLEEVE SHIRT TWIN PACK NON IRON,PSSH,WHT,10,12,
Senior,Swinton Academy,SHORT SLEEVE SHIRT TWIN PACK NON IRON,PSSH,WHT,10,12,<b style=color:#ff0000;>Made to order only. This is a Non-Exchangeable & Non-Refundable product.</b>
Senior,Birley Academy,SHORT SLEEVE SHIRT TWIN PACK NON IRON,PSSH,WHT,10,12,
Senior,Oasis Academy Don Valley Senior,SHORT SLEEVE SHIRT TWIN PACK NON IRON,PSSH,WHT,10,12,
Senior,Bradfield School,SHORT SLEEVE SHIRT TWIN PACK NON IRON,PSSH,WHT,10,12,<b style=color:#ff0000;>Made to order only. This is a Non-Exchangeable & Non-Refundable product.</b>
Senior,Talbot Specialist School,SHORT SLEEVE SHIRT TWIN PACK NON IRON,PSSH,WHT,10,12,
Senior,Wath Academy,SHORT SLEEVE SHIRT TWIN PACK NON IRON,PSSH,WHT,10,12,
Senior,Sir Thomas Wharton - Hilltop Centre,SHORT SLEEVE SHIRT TWIN PACK NON IRON,PSSH,WHT,10,12,
Senior,Bents Green,SHORT SLEEVE BLOUSE TWIN PACK NON IRON,PSBH,WHT,10,25,
Senior,Hasland Hall Community,SHORT SLEEVE BLOUSE TWIN PACK NON IRON,PSBH,WHT,10,25,
Senior,Meadowhead,SHORT SLEEVE BLOUSE TWIN PACK NON IRON,PSBH,WHT,10,25,
Senior,Seven Hills,SHORT SLEEVE BLOUSE TWIN PACK NON IRON,PSBH,WHT,10,25,<b style=color:#ff0000;>Made to order only. This is a Non-Exchangeable & Non-Refundable product.</b>
Senior,All Saints Catholic High School,SHORT SLEEVE BLOUSE TWIN PACK NON IRON,PSBH,WHT,10,25,
Senior,Aston Academy,SHORT SLEEVE BLOUSE TWIN PACK NON IRON,PSBH,WHT,10,25,<b style=color:#ff0000;>Made to order only. This is a Non-Exchangeable & Non-Refundable product.</b>
Senior,Clifton Comprehensive,SHORT SLEEVE BLOUSE TWIN PACK NON IRON,PSBH,WHT,10,25,
Senior,Eckington Comprehensive,SHORT SLEEVE BLOUSE TWIN PACK NON IRON,PSBH,WHT,10,25,
Senior,Fir Vale,SHORT SLEEVE BLOUSE TWIN PACK NON IRON,PSBH,WHT,10,25,
Senior,Forge Valley,SHORT SLEEVE BLOUSE TWIN PACK NON IRON,PSBH,WHT,10,25,
Senior,Gainsborough Academy,SHORT SLEEVE BLOUSE TWIN PACK NON IRON,PSBH,WHT,10,25,
Senior,Handsworth Grange,SHORT SLEEVE BLOUSE TWIN PACK NON IRON,PSBH,WHT,10,25,<b style=color:#ff0000;>Made to order only. This is a Non-Exchangeable & Non-Refundable product.</b>
Senior,Maltby Academy,SHORT SLEEVE BLOUSE TWIN PACK NON IRON,PSBH,WHT,10,25,
Senior,Swinton Academy,Basic Tie,BTIE,ASTON,5.5,0,
Senior,Oakwood High,SHORT SLEEVE BLOUSE TWIN PACK NON IRON,PSBH,WHT,10,25,
Senior,Sheffield Park Academy,SHORT SLEEVE BLOUSE TWIN PACK NON IRON,PSBH,WHT,10,25,
Senior,Rawmarsh Community School,SHORT SLEEVE BLOUSE TWIN PACK NON IRON,PSBH,WHT,10,25,
Senior,Sir Thomas Wharton,SHORT SLEEVE BLOUSE TWIN PACK NON IRON,PSBH,WHT,10,25,
Senior,Sheffield Springs Academy,SHORT SLEEVE BLOUSE TWIN PACK NON IRON,PSBH,WHT,10,25,
Senior,Springwell Community College,SHORT SLEEVE BLOUSE TWIN PACK NON IRON,PSBH,WHT,10,25,
Senior,St Bernards Catholic High School,SHORT SLEEVE BLOUSE TWIN PACK NON IRON,PSBH,WHT,10,25,
Senior,St Pius Catholic High School,SHORT SLEEVE BLOUSE TWIN PACK NON IRON,PSBH,WHT,10,25,
Senior,Stocksbridge High School,SHORT SLEEVE BLOUSE TWIN PACK NON IRON,PSBH,WHT,10,25,
Senior,Tapton,SHORT SLEEVE BLOUSE TWIN PACK NON IRON,PSBH,WHT,10,25,
Senior,Thrybergh School & Sports College,SHORT SLEEVE BLOUSE TWIN PACK NON IRON,PSBH,WHT,10,25,
Senior,Wales High School,SHORT SLEEVE BLOUSE TWIN PACK NON IRON,PSBH,WHT,10,25,
Senior,Whittington Green,SHORT SLEEVE BLOUSE TWIN PACK NON IRON,PSBH,WHT,10,25,
Senior,Wickersley School & Sports College,SHORT SLEEVE BLOUSE TWIN PACK NON IRON,PSBH,WHT,10,25,
Senior,Wingfield,SHORT SLEEVE BLOUSE TWIN PACK NON IRON,PSBH,WHT,10,25,
Senior,Winterhill,SHORT SLEEVE BLOUSE TWIN PACK NON IRON,PSBH,WHT,10,25,
Senior,Westfield School,SHORT SLEEVE BLOUSE TWIN PACK NON IRON,PSBH,WHT,10,25,
Senior,Swinton Academy,SHORT SLEEVE BLOUSE TWIN PACK NON IRON,PSBH,WHT,10,25,<b style=color:#ff0000;>Made to order only. This is a Non-Exchangeable & Non-Refundable product.</b>
Senior,Birley Academy,SHORT SLEEVE BLOUSE TWIN PACK NON IRON,PSBH,WHT,10,25,
Senior,Oasis Academy Don Valley Senior,SHORT SLEEVE BLOUSE TWIN PACK NON IRON,PSBH,WHT,10,25,
Senior,Bradfield School,SHORT SLEEVE BLOUSE TWIN PACK NON IRON,PSBH,WHT,10,25,<b style=color:#ff0000;>Made to order only. This is a Non-Exchangeable & Non-Refundable product.</b>
Senior,Talbot Specialist School,SHORT SLEEVE BLOUSE TWIN PACK NON IRON,PSBH,WHT,10,25,
Senior,Wath Academy,SHORT SLEEVE BLOUSE TWIN PACK NON IRON,PSBH,WHT,10,25,
Senior,Sir Thomas Wharton - Hilltop Centre,SHORT SLEEVE BLOUSE TWIN PACK NON IRON,PSBH,WHT,10,25,
Senior,Sir Thomas Wharton - Hilltop Centre,Polo Shirt,3PP,BK,6.75,10,
Junior,Nether Edge Primary and Nursery School,"Pinders Set which includes 3TC T-Shirt, 3BS Shorts & SH5890 PE Bag",PEKIT,WHT-BK-BK,10,0,
Junior,Gleadless Primary,Pinders Acrylic Jumper,PAJ,GY,14,18.5,
Senior,Newfield School,Sweatshirt,3SR,BY,8.5,13,
Senior,Wath Academy,Black S Cut Skirt,SCUT,WATH,17,0,
Senior,Newman School,Cardigan (With Logo),3SC,DD,9,0,
Senior,Newman School,Sweatshirt (With Logo),3SR,DD,8.5,0,
Senior,Newman School,Waterproof Fleece (NON REVERSIBLE),3JM,DR,23,0,<b style=color:#ff0000;>Made to order only. This is a Non-Exchangeable & Non-Refundable product.</b>
Senior,Newman School,Fleece (With Logo),3JP,DR,16,0,<b style=color:#ff0000;>Made to order only. This is a Non-Exchangeable & Non-Refundable product.</b>
Senior,Newman School,Polo Shirt (With Logo),3PP,SB,6.75,0,
Senior,Newman School,Polo Shirt,3PP,SB,6.75,10,
Senior,Newman School,Waterproof Fleece (NON REVERSIBLE),3JM,DR,23,28,<b style=color:#ff0000;>Made to order only. This is a Non-Exchangeable & Non-Refundable product.</b>
Senior,Newman School,Fleece,3JP,DR,23,23,<b style=color:#ff0000;>Made to order only. This is a Non-Exchangeable & Non-Refundable product.</b>
Senior,Newman School,Cardigan,3SC,DD,9,13.5,
Senior,Newman School,Sweatshirt,3SR,DD,8.5,13,
Junior,Waverley Junior Academy,Waterproof Fleece (NON REVERSIBLE),3JM,BK,23,0,<b style=color:#ff0000;>Made to order only. This is a Non-Exchangeable & Non-Refundable product.</b>
Junior,Waverley Junior Academy,Polo Shirt (With Logo),3PP,GD,6.75,0,<b style=color:#ff0000;>Made to order only. This is a Non-Exchangeable & Non-Refundable product.</b>
Junior,Waverley Junior Academy,PE T-Shirt  (Plain),3TC,GD,3.5,0,<b style=color:#ff0000;>Made to order only. This is a Non-Exchangeable & Non-Refundable product.</b>
Junior,Waverley Junior Academy,Bookbag,BB03,BK,4.5,0,<b style=color:#ff0000;>Made to order only. This is a Non-Exchangeable & Non-Refundable product.</b>
Junior,Waverley Junior Academy,Document Case,DC01,BK,9,0,<b style=color:#ff0000;>Made to order only. This is a Non-Exchangeable & Non-Refundable product.</b>
Junior,Waverley Junior Academy,Elasticated Tie,ETIE,BK-GD,3.5,0,<b style=color:#ff0000;>Made to order only. This is a Non-Exchangeable & Non-Refundable product.</b>
Junior,Waverley Junior Academy,ACET Stripe Jumper,ACET,GD,14,0,<b style=color:#ff0000;>Made to order only. This is a Non-Exchangeable & Non-Refundable product.</b>
Junior,Waverley Junior Academy,Rugby Shirt,ACETR,RUGBY,8.5,19,<b style=color:#ff0000;>Made to order only. This is a Non-Exchangeable & Non-Refundable product.</b>
Junior,Renishaw Primary,Gildan Hoodie (Kids),18500B,NB,12,0,
Junior,St Andrews - Dronfield,PE T-Shirt  (Plain),3TC,EM,3.5,0,
Junior,Brookfield Junior Academy,Polo Shirt (With Logo),3PP,GD,5.75,0,<b style=color:#ff0000;>Made to order only. This is a Non-Exchangeable & Non-Refundable product.</b>
Junior,Brookfield Junior Academy,PE T-Shirt  (Plain),3TC,GD,3.5,0,<b style=color:#ff0000;>Made to order only. This is a Non-Exchangeable & Non-Refundable product.</b>
Junior,Brookfield Junior Academy,ACET Stripe Jumper,ACET,GD,14,0,<b style=color:#ff0000;>Made to order only. This is a Non-Exchangeable & Non-Refundable product.</b>
Junior,Brookfield Junior Academy,Bookbag,BB03,BK,4.5,0,<b style=color:#ff0000;>Made to order only. This is a Non-Exchangeable & Non-Refundable product.</b>
Junior,Brookfield Junior Academy,Document Case,DC01,BK,9,0,<b style=color:#ff0000;>Made to order only. This is a Non-Exchangeable & Non-Refundable product.</b>
Junior,Brookfield Junior Academy,Elasticated Tie,ETIE,BK-GD,3.5,0,<b style=color:#ff0000;>Made to order only. This is a Non-Exchangeable & Non-Refundable product.</b>
Junior,Brookfield Junior Academy,Rugby Shirt,ACETR,RUGBY,8.5,19,<b style=color:#ff0000;>Made to order only. This is a Non-Exchangeable & Non-Refundable product.</b>
Senior,Wickersley School & Sports College,Honeycomb Shorts (with Logo),1BU,BK-WL,5,0,"<b>This is a Non-Exchangeable & Non-Refundable product.</b><br/> LIMITED OFFER, ITEMS ARE AVAILABLE ON A FIRST COME FIRST SERVE BASIS* TILL STOCK LAST."
Junior,Bradway Primary,Polo Shirt (With Logo),3PP,WHT,6.75,0,
Senior,Birley Academy,100% Cotton Knitted V Neck Jumper (With Logo).,PTHINJ,NB,16,0,
Junior,Kilnhurst Primary,Tipped Penthouse Polo,3PT,WR,10.75,0,
Senior,King Ecgbert,100% Cotton Cardigan (With Logo).,PTHINC,BK,17.5,20,
Junior,Oasis Academy Watermead,Polo Shirt (With Logo),3PP,WHT,6.75,0,
Junior,Oasis Academy Watermead,Cardigan (With Logo),3SC,NB,9,0,
Junior,Oasis Academy Watermead,Sweatshirt (With Logo),3SR,NB,8.5,0,
Junior,Oasis Academy Watermead,PE T-Shirt (With Logo),3TC,WHT,4.5,0,
Junior,Oasis Academy Watermead,Bookbag,BB03,NB,4.5,0,
Junior,Oasis Academy Watermead,Document Case,DC01,NB,9,0,
Junior,Oasis Academy Watermead,Drawstring Bag,SH5890,NB,3,0,
Junior,Oasis Academy Watermead,"Pinders Set which includes 3TC T-Shirt, 3BS Shorts & SH5890 PE Bag",PEKIT,NB-NB-WHT,10,0,
Junior,St Josephs Sheffield,Cardigan (With Logo),3SC,BT,9,0,
Junior,Temple Normanton,PE T-Shirt  (Plain),3TC,SB,3.5,0,<b style=color:#ff0000;>Made to order only. This is a Non-Exchangeable & Non-Refundable product.</b>
Junior,Temple Normanton,Bookbag,BB03,BK,4.5,0,<b style=color:#ff0000;>Made to order only. This is a Non-Exchangeable & Non-Refundable product.</b>
Junior,Temple Normanton,Document Case,DC01,BK,9,0,<b style=color:#ff0000;>Made to order only. This is a Non-Exchangeable & Non-Refundable product.</b>
Junior,Temple Normanton,ACET Stripe Jumper,ACET,SB,14,0,<b style=color:#ff0000;>Made to order only. This is a Non-Exchangeable & Non-Refundable product.</b>
Junior,Temple Normanton,Elasticated Tie,ETIE,BK-SB,3.5,0,<b style=color:#ff0000;>Made to order only. This is a Non-Exchangeable & Non-Refundable product.</b>
Junior,Temple Normanton,Rugby Shirt,ACETSB,RUGBY,15.5,17.5,<b style=color:#ff0000;>Made to order only. This is a Non-Exchangeable & Non-Refundable product.</b>
Junior,Langwith Bassett,Waterproof Fleece (NON REVERSIBLE),3JM,BK,23,0,<b style=color:#ff0000;>Made to order only. This is a Non-Exchangeable & Non-Refundable product.</b>
Junior,Langwith Bassett,Polo Shirt (With Logo),3PP,SB,5.75,0,
Junior,Langwith Bassett,PE T-Shirt  (Plain),3TC,SB,3.5,0,
Junior,Langwith Bassett,ACET Stripe Jumper,ACET,SB,14,0,
Junior,Langwith Bassett,Rugby Shirt,ACETSB,RUGBY,15.5,17.5,
Junior,Langwith Bassett,Bookbag,BB03,BK,4.5,0,
Junior,Langwith Bassett,Document Case,DC01,BK,9,0,
Junior,Langwith Bassett,Elasticated Tie,ETIE,BK-SB,3.5,0,
Senior,King Ecgbert,Waterproof Jacket,T008,NB-SB-WHT,24.5,35,
Senior,King Ecgbert,Long Sleeve Base Layer (Plain),ZR37,BK,17,0,<b style=color:#ff0000;>Made to order only. This is a Non-Exchangeable & Non-Refundable product.</b>
Senior,Eckington Comprehensive,100% Cotton Knitted V Neck Jumper (With Logo).,PTHINJ,BK,16,0,
Senior,Sheffield Springs Academy,Pinders Acrylic Jumper (with stripe),PAJS,GY-SB-SSA,14,20.5,
Junior,Birley Spa Primary Academy,Polo Shirt (With Logo),3PP,BK,6.75,0,
Junior,Castle View Primary School,Polo Shirt (With Logo),3PP,WHT,6.75,0,
Junior,Christ Church Primary Chesterfield,Polo Shirt (With Logo),3PP,WHT,6.75,0,
Junior,Clowne Junior,Polo Shirt (With Logo),3PP,WHT,6.75,0,
Senior,Sheffield Park Academy,Pinders Acrylic Jumper (with stripe),PAJS,BK-RY-SPA,14,20.5,
Senior,Tapton,Uneek Fleece with Logo,UC604,BK,16,24,<b style=color:#ff0000;>Made to order only. This is a Non-Exchangeable & Non-Refundable product.</b>
Senior,Sheffield Springs Academy,Spirit Hoodie,B550,NB-SB-WHT,18.5,25,
Senior,Stocksbridge High School,MENS SLIM FIT TROUSERS,MSF,BK,18,20,
Senior,Stocksbridge High School,GIRLS SLIM FIT LOW RISE TROUSERS,OBGTL,BK,5,0,
Senior,Stocksbridge High School,BOYS LEG LENGTH TROUSERS,BLL,BK,11,14,
Senior,Stocksbridge High School,BOYS SLIM FIT TROUSERS,BSF,BK,14,17,
Senior,Stocksbridge High School,BOYS COMFORT FIT TROUSERS,BCFT,BK,14,24,
Senior,Stocksbridge High School,LADIES SLIM FIT HIGH RISE TROUSERS,OBLTH,BK,15,17,
Senior,Stocksbridge High School,LADIES SLIM FIT LOW RISE TROUSERS,OBLTL,BK,5,0,
Junior,The Nest @ NCS,Gildan Hoodie (Kids),18500B,NB,12,0,
Junior,The Nest @ NCS,Polo Shirt (With Logo),3PP,NB,6.75,0,
Junior,St Giles C of E,Gildan Hoodie (Kids),18500B,NB,12,0,
Senior,Stocksbridge High School,STRAIGHT SKIRTS,STRSKTS,BK,14,16,
Senior,Wath Academy,Ziggy's Blazer - Girls (With Logo),WATH-1UJ,BK,25,30,<b style=color:#ff0000;>Made to order only. This is a Non-Exchangeable & Non-Refundable product.</b>
Senior,Wath Academy,Ziggy's Blazer - Boys (With Logo),WATH-1UA,BK,25,30,<b style=color:#ff0000;>Made to order only. This is a Non-Exchangeable & Non-Refundable product.</b>
Junior,Halfway Infant & Nursery,Polo Shirt (With Logo),3PP,DR,6.75,0,
Junior,Halfway Infant & Nursery,Sweatshirt (With Logo),3SR,DD,8.5,0,
Junior,Halfway Infant & Nursery,Cardigan (With Logo),3SC,DD,9,0,
Junior,Halfway Infant & Nursery,Polo Shirt (With Logo),3PP,WHT,6.75,0,
Junior,Halfway Infant & Nursery,Bookbag,BB03,RY,4.5,0,
Senior,Wath Academy,Girls Viscount Blazer,WATH-SS29E,MRN,26.4,31.2,
Senior,Wath Academy,Boys Viscount Blazer,WATH-SS39E,MRN,26.4,31.2,
Junior,Kiveton Park Meadows,Polo Shirt (With Logo),3PP,WHT,6.75,0,
Junior,Kiveton Park Meadows,Cardigan (With Logo),3SC,NB,9,0,
Junior,Kiveton Park Meadows,Sweatshirt (With Logo),3SR,NB,8.5,0,
Junior,Kiveton Park Meadows,Bookbag,BB03,NB,4.5,0,
Junior,Kiveton Park Meadows,Document Case,DC01,NB,9,0,
Junior,Kiveton Park Meadows,Polo Shirt (With Logo),3PP,SB,6.75,0,
Junior,Abbey Lane,Drawstring Bag,SH5890,BK,3,0,
Junior,Kimberworth Community Primary,Polo Shirt (With Logo),3PP,NB,6.75,0,
Junior,Kimberworth Community Primary,Cardigan (With Logo),3SC,NB,9,0,
Junior,Kimberworth Community Primary,Bookbag,BB03,NB,4.5,0,
Junior,Kimberworth Community Primary,Sweatshirt (With Logo),3SR,NB,8.5,0,
Junior,Kimberworth Community Primary,Polo Shirt (With Logo),3PP,WHT,6.75,0,
Junior,Kimberworth Community Primary,Cardigan (With Logo),3SC,RD,9,0,
Junior,Kimberworth Community Primary,Sweatshirt (With Logo),3SR,RD,8.5,0,
Junior,Kimberworth Community Primary,Bookbag,BB03,RD,4.5,0,
Senior,Abbey School,Cardigan,3SC,EM,9,13.5,
Senior,Abbey School,Sweatshirt,3SR,EM,8.5,13,
Senior,Abbey School,Shadow Stripe Shorts,3BS,BK,2.5,6,
Senior,Abbey School,Polo Shirt,3PP,WHT,6.75,10,
Senior,Abbey School,PE T-Shirt (With Logo),3TC,EM,4.5,0,
Junior,The Willows,Cardigan (With Logo),3SC,BY,9,0,
Junior,Reignhead Primary,Shadow Stripe Shorts,3BS,BK,2.5,0,
Junior,Reignhead Primary,Polo Shirt (With Logo),3PP,RD,6.75,0,
Junior,Reignhead Primary,Cardigan (With Logo),3SC,RD,9,0,
Junior,Reignhead Primary,Sweatshirt (With Logo),3SR,RD,8.5,0,
Junior,Reignhead Primary,PE T-Shirt (With Logo),3TC,WHT,4.5,0,
Junior,Reignhead Primary,Polo Shirt (With Logo),3PP,GD,6.75,0,
Junior,Reignhead Primary,Polo Shirt (With Logo),3PP,WHT,6.75,0,
Senior,Sir Thomas Wharton,Black S Cut Skirt,SCUT,WATH,17,0,
Junior,Greenhill Primary School,Cardigan (With Logo),3SC,RD,9,0,
Junior,Intake Primary School,Polo Shirt (With Logo),3PP,WHT,6.75,0,
Junior,Intake Primary School,Cardigan (With Logo),3SC,NB,9,0,
Junior,Intake Primary School,Sweatshirt (With Logo),3SR,NB,8.5,0,
Junior,Intake Primary School,Bookbag,BB03,NB,4.5,0,
Junior,Intake Primary School,Document Case,DC01,NB,9,0,
Junior,Peafield Lane Academy,PE T-Shirt (With Logo),3TC,WHT,4.5,0,
Junior,Intake Primary School,Polo Shirt (With Logo),3PP,NB,6.75,0,
Senior,Tapton,Sweatshirt,3SR,DD,8.5,13,
Senior,Rawmarsh Community School,PE Encore Training Trousers (With logo),ZR35,BK,10,0,
Senior,Wingfield,PE Encore Training Trousers (With logo),ZR35,BK,19.5,27,
Junior,Brinsworth Whitehill,Polo Shirt (With Logo),3PP,WHT,6.75,0,
Junior,Brinsworth Whitehill,Polo Shirt (With Logo),3PP,SB,6.75,0,
Junior,Brinsworth Whitehill,Cardigan (With Logo),3SC,DD,9,0,
Junior,Thrybergh Primary,Polo Shirt (With Logo),3PP,WHT,6.75,0,
Junior,Rawmarsh Ashwood,Polo Shirt (With Logo),3PP,WHT,6.75,0,
Junior,Rawmarsh Ashwood,Cardigan (With Logo),3SC,RD,9,0,
Junior,Rawmarsh Ashwood,Sweatshirt (With Logo),3SR,RD,8.5,0,
Junior,Killamarsh Bears Pre School,Polo Shirt (With Logo),3PP,PU,6.75,0,This is a Non-Exchangeable & Non-Refundable product.
Junior,Killamarsh Bears Pre School,Sweatshirt (With Logo),3SR,BK,8.5,0,This is a Non-Exchangeable & Non-Refundable product.
Junior,Thurcroft Infants,Cardigan (With Logo),3SC,RD,9,0,
Junior,High Greave Infant,Shadow Stripe Shorts,3BS,BK,2.5,0,
Junior,High Greave Infant,Fleece (With Logo),3JP,NB,16,0,<b style=color:#ff0000;>Made to order only. This is a Non-Exchangeable & Non-Refundable product.</b>
Junior,High Greave Infant,Polo Shirt (With Logo),3PP,WHT,6.75,0,
Junior,High Greave Infant,Cardigan (With Logo),3SC,NB,9,0,
Junior,High Greave Infant,Sweatshirt (With Logo),3SR,NB,8.5,0,
Junior,High Greave Infant,PE T-Shirt  (Plain),3TC,WHT,3.5,0,
Junior,High Greave Junior,Shadow Stripe Shorts,3BS,BK,2.5,0,
Junior,High Greave Junior,PE T-Shirt  (Plain),3TC,WHT,3.5,0,
Junior,Mosborough Primary School,Shadow Stripe Shorts,3BS,BK,2.5,0,
Junior,Mosborough Primary School,Polo Shirt (With Logo),3PP,NB,6.75,0,
Junior,Mosborough Primary School,Cardigan (With Logo),3SC,NB,9,0,
Junior,Mosborough Primary School,Sweatshirt (With Logo),3SR,NB,8.5,0,
Junior,Mosborough Primary School,PE T-Shirt  (Plain),3TC,WHT,3.5,0,
Junior,Mosborough Primary School,Polo Shirt (With Logo),3PP,WHT,6.75,0,
Junior,Thrybergh Fullerton,Cardigan (With Logo),3SC,RD,9,0,
Category,PE Leggings & Training Trousers,PE Encore Training Trousers,ZR35,BK,18,25,
Category,PE Leggings & Training Trousers,PE Falcon Girls Leggings,ZR38,BK,15.5,24.5,
Senior,Thrybergh School & Sports College,Honeycomb Shorts (with Logo),1BU,BK,8.5,0,"<b>This is a Non-Exchangeable & Non-Refundable product.</b><br/> LIMITED OFFER, ITEMS ARE AVAILABLE ON A FIRST COME FIRST SERVE BASIS* TILL STOCK LAST."
Junior,Charnock Hall,Document Case,DC01,RY,9,0,
Junior,Wath Central Primary,Polo Shirt (With Logo),3PP,WHT,6.75,0,
Junior,Wath Central Primary,Bookbag,BB03,RD,4.5,0,
Category,PE Leggings & Training Trousers,GIRLS RIB HIPSTERS,RIHI,BK,6,8,
Category,PE Leggings & Training Trousers,Kid's Classic Elasticated Cuff Jog Pant,64051,BK_NB,8,10,
Junior,Stonelow School,PE T-Shirt (With Logo),3TC,DR,4.5,0,
Junior,Aston All Saints,Waterproof Fleece (NON REVERSIBLE),3JM,BY,23,0,<b style=color:#ff0000;>Made to order only. This is a Non-Exchangeable & Non-Refundable product.</b>
Junior,Aston All Saints,Fleece (With Logo),3JP,BY,16,0,<b style=color:#ff0000;>Made to order only. This is a Non-Exchangeable & Non-Refundable product.</b>
Junior,Aston All Saints,Polo Shirt (With Logo),3PP,WHT,6.75,0,<b style=color:#ff0000;>Made to order only. This is a Non-Exchangeable & Non-Refundable product.</b>
Junior,Aston All Saints,Cardigan (With Logo),3SC,BY,9,0,<b style=color:#ff0000;>Made to order only. This is a Non-Exchangeable & Non-Refundable product.</b>
Junior,Aston All Saints,Sweatshirt (With Logo),3SR,BY,8.5,0,<b style=color:#ff0000;>Made to order only. This is a Non-Exchangeable & Non-Refundable product.</b>
Junior,Aston All Saints,Plain Polo Shirt,539B,YW,8,0,<b style=color:#ff0000;>Made to order only. This is a Non-Exchangeable & Non-Refundable product.</b>
Junior,Halfway Junior,Cardigan (With Logo),3SC,JD,9,0,
Junior,Lydgate Junior,Document Case,DC01,RY,9,0,
Junior,Lydgate Junior,Polo Shirt (With Logo),3PP,DR,6.75,0,
Junior,Lydgate Junior,Polo Shirt (With Logo),3PP,SB,6.75,0,
Junior,Lydgate Junior,Polo Shirt (With Logo),3PP,WHT,6.75,0,
Senior,Tapton,100% Cotton Cardigan (With Logo).,PTHINC,BK,17.5,20,
Senior,Sheffield Park Academy,Spirit 1/4 Zip Top,B250,RY-BK-BK,18.5,25,
Junior,Pipworth Community Primary,Shadow Stripe Shorts,3BS,BK,2.5,0,
Junior,Pipworth Community Primary,Polo Shirt (With Logo),3PP,WHT,6.75,0,
Junior,Pipworth Community Primary,Cardigan (With Logo),3SC,RD,9,0,
Junior,Pipworth Community Primary,Sweatshirt (With Logo),3SR,RD,8.5,0,
Junior,Pipworth Community Primary,PE T-Shirt (With Logo),3TC,WHT,4.5,0,
Junior,Pipworth Community Primary,Bookbag,BB03,RD,4.5,0,
Junior,Pipworth Community Primary,Polo Shirt (With Logo),3PP,RD,6.75,0,
Junior,Woodhouse West,Polo Shirt (With Logo),3PP,BY,6.75,0,
Junior,Wybourn Community Primary,Shadow Stripe Shorts,3BS,BK,2.5,0,
Junior,Wybourn Community Primary,Fleece (With Logo),3JP,RD,16,0,<b style=color:#ff0000;>Made to order only. This is a Non-Exchangeable & Non-Refundable product.</b>
Junior,Wybourn Community Primary,Polo Shirt (With Logo),3PP,RD,6.75,0,
Junior,Wybourn Community Primary,Cardigan (With Logo),3SC,RD,9,0,
Junior,Wybourn Community Primary,Sweatshirt (With Logo),3SR,RD,8.5,0,
Junior,Wybourn Community Primary,PE T-Shirt  (Plain),3TC,WHT,3.5,0,
Junior,Wybourn Community Primary,Fleece (With Logo),3JP,BK,16,0,<b style=color:#ff0000;>Made to order only. This is a Non-Exchangeable & Non-Refundable product.</b>
Junior,Wybourn Community Primary,Polo Shirt (With Logo),3PP,WHT,6.75,0,
Junior,Wybourn Community Primary,Cardigan (With Logo),3SC,BK,9,0,
Junior,Wybourn Community Primary,Sweatshirt (With Logo),3SR,BK,8.5,0,
Junior,Wybourn Community Primary,Fleece (With Logo),3JP,DR,16,0,<b style=color:#ff0000;>Made to order only. This is a Non-Exchangeable & Non-Refundable product.</b>
Junior,Wybourn Community Primary,Polo Shirt (With Logo),3PP,DR,6.75,0,
Junior,Wybourn Community Primary,Cardigan (With Logo),3SC,DD,9,0,
Junior,Wybourn Community Primary,Sweatshirt (With Logo),3SR,DD,8.5,0,
Category,Tabard Bibs and Aprons,Premier Workwear Ladies Pocket Tabard,PR171,BK_BT_BR_BY_EM_NB_PI_PU_RD_SV_SU_RY_FUCH_LG_DG_OR_TRQ_WHT,11,0,
Category,Shorts,BOYS CARGO SHORTS,BCS,BK,10,12,
Category,PE Leggings & Training Trousers,Men's Classic Elasticated Cuff Jog Pants,64026,BK_NB,12,0,
Category,Shorts,BOYS CARGO SHORTS,BCS,GY,10,12,
Junior,Southey Green Primary School,Shadow Stripe Shorts,3BS,BK,2.5,0,
Junior,Southey Green Primary School,Waterproof Fleece (NON REVERSIBLE),3JM,NB,23,0,<b style=color:#ff0000;>Made to order only. This is a Non-Exchangeable & Non-Refundable product.</b>
Junior,Southey Green Primary School,Fleece (With Logo),3JP,NB,16,0,<b style=color:#ff0000;>Made to order only. This is a Non-Exchangeable & Non-Refundable product.</b>
Junior,Southey Green Primary School,Polo Shirt (With Logo),3PP,WHT,6.75,0,
Junior,Southey Green Primary School,Cardigan (With Logo),3SC,NB,9,0,
Junior,Southey Green Primary School,Sweatshirt (With Logo),3SR,NB,8.5,0,
Junior,Southey Green Primary School,PE T-Shirt (With Logo),3TC,WHT,4.5,0,
Junior,Southey Green Primary School,Polo Shirt (With Logo),3PP,SB,6.75,0,
Junior,Southey Green Primary School,PE T-Shirt (With Logo),3TC,SB,4.5,0,
Junior,New Whittington Primary,Shadow Stripe Shorts,3BS,RY,2.5,0,
Junior,New Whittington Primary,Fleece (With Logo),3JP,DR,16,0,<b style=color:#ff0000;>Made to order only. This is a Non-Exchangeable & Non-Refundable product.</b>
Junior,New Whittington Primary,Polo Shirt (With Logo),3PP,DR,6.75,0,
Junior,New Whittington Primary,Cardigan (With Logo),3SC,DD,9,0,
Junior,New Whittington Primary,Sweatshirt (With Logo),3SR,DD,8.5,0,
Junior,New Whittington Primary,PE T-Shirt (With Logo),3TC,DR,4.5,0,
Junior,New Whittington Primary,Polo Shirt (With Logo),3PP,WHT,6.75,0,
Junior,Todwick Primary,Gildan Hoodie (Kids),18500B,BK,12,0,
Junior,Rockingham Primary,Cardigan (With Logo),3SC,DD,9,0,
Junior,Rockingham Primary,Sweatshirt (With Logo),3SR,DD,8.5,0,
Junior,Rockingham Primary,Bookbag,BB03,RY,4.5,0,
Senior,Sheffield Park Academy,Elasticated Tie,ETIE,PARK,3.5,0,
Junior,Shortbrook Primary School,Polo Shirt (With Logo),3PP,WHT,6.75,0,
Junior,Shortbrook Primary School,Sweatshirt (With Logo),3SR,RD,8.5,0,
Senior,Springwell Community College,Springwell Falcon Full Zip Jacket,ZR46,BK-BK-WHT,25,30,
Senior,Springwell Community College,Springwell Falcon T Shirt,ZR10,BK-BK-WHT,14,17,
Senior,Springwell Community College,Springwell Falcon Girls Polo Shirt,ZR25,BK-BK-WHT,16.5,20,
Junior,Wales Primary,Polo Shirt (With Logo),3PP,WHT,6.75,0,
Junior,Wales Primary,Polo Shirt (With Logo),3PP,SB,6.75,0,
Category,PPE,Hi Vis Vest,3JV,YW,3,5,
Category,Girls Trousers,GIRLS COMFORT FIT TROUSERS,GSFT,BK,15,16,
Category,Girls Trousers,GIRLS HEART TROUSERS,GHT,BK,12,15,
Junior,Reignhead Primary,Fleece (With Logo),3JP,RD,16,0,<b style=color:#ff0000;>Made to order only. This is a Non-Exchangeable & Non-Refundable product.</b>
Junior,St Thomas of Canterbury Primary,Gildan Hoodie (Kids),18500B,SG,12,0,
Junior,St Thomas of Canterbury Primary,PE T-Shirt (With Logo),3TC,WHT,4.5,0,
Senior,Silverdale School,Polo Shirt,3PP,WHT,6.75,10,
Senior,Silverdale School,Sweatshirt,3SR,BK,8.5,13,<b style=color:#ff0000;>Made to order only. This is a Non-Exchangeable & Non-Refundable product.</b>
Senior,Silverdale School,Gildan T-Shirt,5000,ASH,4.5,0,
Senior,Silverdale School,Polo Shirt,3PP,BK,6.75,10,<b style=color:#ff0000;>Made to order only. This is a Non-Exchangeable & Non-Refundable product.</b>
Senior,Dronfield Henry Fanshawe,Blazer - Boys (With Logo),1UA,BK,25,30,
Senior,Dronfield Henry Fanshawe,Blazer - Girls (With Logo),1UJ,BK,25,30,
Senior,Dronfield Henry Fanshawe,Clip on Tie,CTIE,DHFS,6.5,0,
Category,Polo Shirts & T-shirts,PINDERS POLO,1PP,BK_BT_BY_DR_EM_GD_GY_JD_NB_OR_PI_PU_RD_SB_TRQ_WHT_YW,5.75,17,
Category,Girls Trousers,LADIES COMFORT FIT TROUSERS,LSFT,BK,18,0,
Senior,Eckington Comprehensive,Jogging Bottom,64026,NB,8,12,
Senior,Wickersley School & Sports College,GIRLS COMFORT FIT TROUSERS,GSFT,BK,15,16,
Senior,Wickersley School & Sports College,LADIES COMFORT FIT TROUSERS,LSFT,BK,18,0,
Senior,Rawmarsh Community School,GIRLS COMFORT FIT TROUSERS,GSFT,BK,5,0,"<b>This is a Non-Exchangeable & Non-Refundable product.</b><br/> LIMITED OFFER, ITEMS ARE AVAILABLE ON A FIRST COME FIRST SERVE BASIS* TILL STOCK LAST."
Senior,Rawmarsh Community School,LADIES COMFORT FIT TROUSERS,LSFT,BK,5,0,"<b>This is a Non-Exchangeable & Non-Refundable product.</b><br/> LIMITED OFFER, ITEMS ARE AVAILABLE ON A FIRST COME FIRST SERVE BASIS* TILL STOCK LAST."
Senior,Clifton Comprehensive,GIRLS COMFORT FIT TROUSERS,GSFT,BK,5,0,"<b>This is a Non-Exchangeable & Non-Refundable product.</b><br/> LIMITED OFFER, ITEMS ARE AVAILABLE ON A FIRST COME FIRST SERVE BASIS* TILL STOCK LAST."
Senior,Clifton Comprehensive,LADIES COMFORT FIT TROUSERS,LSFT,BK,5,0,"<b>This is a Non-Exchangeable & Non-Refundable product.</b><br/> LIMITED OFFER, ITEMS ARE AVAILABLE ON A FIRST COME FIRST SERVE BASIS* TILL STOCK LAST."
Senior,Gainsborough Academy,GIRLS COMFORT FIT TROUSERS,GSFT,BK,5,0,"<b>This is a Non-Exchangeable & Non-Refundable product.</b><br/> LIMITED OFFER, ITEMS ARE AVAILABLE ON A FIRST COME FIRST SERVE BASIS* TILL STOCK LAST."
Senior,Gainsborough Academy,LADIES COMFORT FIT TROUSERS,LSFT,BK,5,0,"<b>This is a Non-Exchangeable & Non-Refundable product.</b><br/> LIMITED OFFER, ITEMS ARE AVAILABLE ON A FIRST COME FIRST SERVE BASIS* TILL STOCK LAST."
Junior,New Whittington Primary,Polo Shirt (With Logo),3PP,SB,6.75,0,
Category,Doc & Bags,Rucksack,SH5363,BK,22,0,
Junior,Newbold C of E Primary School,Essential Training Pants,ETP,NB,14,0,
Senior,Thrybergh School & Sports College,BOYS SLIM FIT TROUSERS,BSF,BK,5,0,"<b>This is a Non-Exchangeable & Non-Refundable product.</b><br/> LIMITED OFFER, ITEMS ARE AVAILABLE ON A FIRST COME FIRST SERVE BASIS* TILL STOCK LAST."
Senior,Thrybergh School & Sports College,BOYS COMFORT FIT TROUSERS,BCFT,BK,14,24,"<b>This is a Non-Exchangeable & Non-Refundable product.</b><br/> LIMITED OFFER, ITEMS ARE AVAILABLE ON A FIRST COME FIRST SERVE BASIS* TILL STOCK LAST."
Senior,Thrybergh School & Sports College,LADIES COMFORT FIT TROUSERS,LSFT,BK,5,0,"<b>This is a Non-Exchangeable & Non-Refundable product.</b><br/> LIMITED OFFER, ITEMS ARE AVAILABLE ON A FIRST COME FIRST SERVE BASIS* TILL STOCK LAST."
Senior,Thrybergh School & Sports College,MENS SLIM FIT TROUSERS,MSF,BK,5,0,"<b>This is a Non-Exchangeable & Non-Refundable product.</b><br/> LIMITED OFFER, ITEMS ARE AVAILABLE ON A FIRST COME FIRST SERVE BASIS* TILL STOCK LAST."
Senior,Thrybergh School & Sports College,GIRLS COMFORT FIT TROUSERS,GSFT,BK,5,0,"<b>This is a Non-Exchangeable & Non-Refundable product.</b><br/> LIMITED OFFER, ITEMS ARE AVAILABLE ON A FIRST COME FIRST SERVE BASIS* TILL STOCK LAST."
Senior,Thrybergh School & Sports College,GIRLS SLIM FIT HIGH RISE TROUSERS,OBGTH,BK,5,0,"<b>This is a Non-Exchangeable & Non-Refundable product.</b><br/> LIMITED OFFER, ITEMS ARE AVAILABLE ON A FIRST COME FIRST SERVE BASIS* TILL STOCK LAST."
Senior,Thrybergh School & Sports College,GIRLS SLIM FIT LOW RISE TROUSERS,OBGTL,BK,5,0,"<b>This is a Non-Exchangeable & Non-Refundable product.</b><br/> Only 7-8 Size left. LIMITED OFFER, ITEMS ARE AVAILABLE ON A FIRST COME FIRST SERVE BASIS* TILL STOCK LAST."
Senior,Thrybergh School & Sports College,LADIES SLIM FIT HIGH RISE TROUSERS,OBLTH,BK,5,0,"<b>This is a Non-Exchangeable & Non-Refundable product.</b><br/> LIMITED OFFER, ITEMS ARE AVAILABLE ON A FIRST COME FIRST SERVE BASIS* TILL STOCK LAST."
Senior,Thrybergh School & Sports College,LADIES SLIM FIT LOW RISE TROUSERS,OBLTL,BK,5,0,"<b>This is a Non-Exchangeable & Non-Refundable product.</b><br/> LIMITED OFFER, ITEMS ARE AVAILABLE ON A FIRST COME FIRST SERVE BASIS* TILL STOCK LAST."
Senior,Thrybergh School & Sports College,STRAIGHT SKIRTS,STRSKTS,BK,14,16,"<b>This is a Non-Exchangeable & Non-Refundable product.</b><br/> LIMITED OFFER, ITEMS ARE AVAILABLE ON A FIRST COME FIRST SERVE BASIS* TILL STOCK LAST."
Senior,Thrybergh School & Sports College,BOYS LEG LENGTH TROUSERS,BLL,BK,5,0,"<b>This is a Non-Exchangeable & Non-Refundable product.</b><br/> LIMITED OFFER, ITEMS ARE AVAILABLE ON A FIRST COME FIRST SERVE BASIS* TILL STOCK LAST."
Senior,Oakwood High,PE Hoodie,18500,NB,12,14,
Senior,Thrybergh School & Sports College,Pinders Acrylic Cardigan (with stripe),PACS,THRY,15,21.5,
Senior,Thrybergh School & Sports College,Pinders Acrylic Jumper (with stripe),PAJS,THRY,14,20.5,
Senior,Thrybergh School & Sports College,Clip on Tie with logo,LTIE,THRY,7,0,
Category,PPE,75% Alcohol Hand Sanitizer Gel,HSG,Standard,1,1.5,
Category,Add-ons,Plastic Bag,PB,Standard,0.1,0,
Senior,Westfield School,Clip on Tie,CTIE,RIVELIN,6.5,0,
Senior,Westfield School,Clip on Tie,CTIE,SHEAF,6.5,0,
Senior,Westfield School,Clip on Tie,CTIE,DON,6.5,0,
Senior,Westfield School,Clip on Tie,CTIE,LOXLEY,6.5,0,
Junior,Aston Fence Junior and Infant,Cardigan (With Logo),3SC,EM,9,0,
Junior,Mundella Primary School,Fleece (With Logo),3JP,BY,16,0,<b style=color:#ff0000;>Made to order only. This is a Non-Exchangeable & Non-Refundable product.</b>
Junior,Mundella Primary School,Polo Shirt (With Logo),3PP,WHT,6.75,0,<b style=color:#ff0000;>Made to order only. This is a Non-Exchangeable & Non-Refundable product.</b>
Junior,Mundella Primary School,Cardigan (With Logo),3SC,BY,9,0,<b style=color:#ff0000;>Made to order only. This is a Non-Exchangeable & Non-Refundable product.</b>
Junior,Mundella Primary School,Sweatshirt (With Logo),3SR,BY,8.5,0,<b style=color:#ff0000;>Made to order only. This is a Non-Exchangeable & Non-Refundable product.</b>
Junior,Mundella Primary School,PE T-Shirt  (Plain),3TC,WHT,3.5,0,<b style=color:#ff0000;>Made to order only. This is a Non-Exchangeable & Non-Refundable product.</b>
Junior,Mundella Primary School,Bookbag,BB03,BY,4.5,0,<b style=color:#ff0000;>Made to order only. This is a Non-Exchangeable & Non-Refundable product.</b>
Junior,Greenhill Primary School,Bookbag,BB03,RD,4.5,0,
Category,Stationery,Permanent Stick On Name Labels,NAMELABELS,Standard,5,0,Strip of 20 permanent stick on name labels. No ironing/sewing required. Printed with your child's name.
Junior,Bramley Sunnyside Junior,PE T-Shirt (with logo),JC001B,BK,5,0,
Junior,Bramley Sunnyside Junior,PE T-Shirt (with logo),JC001B,WHT,5,0,
Junior,Bramley Sunnyside Junior, Essentials Full Zip Jacket,EFZ,BK,17.5,0,
Junior,Bramley Sunnyside Junior,Essentials Training Pants,ETP,BK,14,0,
Senior,Stocksbridge High School,100% Cotton Knitted V Neck Jumper (With Logo).,PTHINJ,GY,16,0,100% Cotton Jumper
Junior,Ridgeway Primary,Sweatshirt (With Logo),3SR,BK,8.5,0,
Junior,Ridgeway Primary,PE T-Shirt (With Logo),3TC,WHT,4.5,0,
Category,Knitwear,100% Cotton Knitted V Neck Jumper plain,PTHINJ,BK,16,0,
Category,Knitwear,100% Cotton Knitted V Neck Jumper plain,PTHINJ,NB,16,0,
Category,Knitwear,100% Cotton Knitted V Neck Jumper plain,PTHINJ,GY,16,0,
Junior,Anston Hillcrest,Bookbag,BB03,RD,4.5,0,
Junior,Brook House Junior,Bookbag,BB03,NB,4.5,0,
Junior,Mosborough Primary School,Bookbag,BB03,NB,4.5,0,
Junior,Norfolk Comm primary,Bookbag,BB03,RY,4.5,0,
Junior,Reignhead Primary,Bookbag,BB03,RD,4.5,0,
Junior,Totley Primary,Bookbag,BB03,NB,4.5,0,
Junior,Bolsover CofE,Shadow Stripe Shorts,3BS,NB,2.5,0,
Junior,Bolsover CofE,Waterproof Fleece (NON REVERSIBLE),3JM,NB,23,0,<b style=color:#ff0000;>Made to order only. This is a Non-Exchangeable & Non-Refundable product.</b>
Junior,Bolsover CofE,Fleece (With Logo),3JP,NB,16,0,<b style=color:#ff0000;>Made to order only. This is a Non-Exchangeable & Non-Refundable product.</b>
Junior,Bolsover CofE,Cardigan (With Logo),3SC,NB,9,0,
Junior,Bolsover CofE,Sweatshirt (With Logo),3SR,NB,8.5,0,
Junior,Bolsover CofE,Bookbag,BB03,NB,4.5,0,
Junior,Bolsover CofE,Document Case,DC01,NB,9,0,
Junior,Bolsover CofE,"Pinders Set which includes 3TC T-Shirt, 3BS Shorts & SH5890 PE Bag",PEKIT,NB-NB-WHT,10,0,
Senior,Maltby Academy,Slipover,1WZ,BK-TQ,15,0,
Senior,St Bernards Catholic High School,Falcon Full Zip Jacket,ZR46,BK-BK-WHT,25,30,
Senior,St Bernards Catholic High School,Falcon Full Zip Jacket,ZR46,BK-BK-WHT,25,30,
Senior,St Bernards Catholic High School,Falcon Full Zip Jacket,ZR46,BK-BK-WHT,25,30,
Senior,St Bernards Catholic High School,Falcon Full Zip Jacket,ZR46,BK-BK-WHT,25,30,
Junior,St Joseph’s Staveley,Gildan Hoodie (Kids),18500B,RD,12,0,
Senior,Oakwood High,Football Socks,KFS,NB,5,5.5,
Senior,Abbey School,Sweatshirt,3SRAB,EM,8.5,19.5,
Senior,Abbey School,Cardigan,3SCAB,EM,9,17,
Senior,Abbey School,Shadow Stripe Shorts,3BSAB,BK,2.5,6,
Senior,Abbey School,Polo Shirt,3PPAB,WHT,6.75,10,
Senior,Abbey School,PE T-Shirt (With Logo),3TCAB,EM,4.5,6.75,
Senior,Thrybergh School & Sports College,Spirit Hoodie,B550,BK-PU-WHT,10,10,"<b>This is a Non-Exchangeable & Non-Refundable product.</b><br/> LIMITED OFFER, ITEMS ARE AVAILABLE ON A FIRST COME FIRST SERVE BASIS* TILL STOCK LAST."
Senior,Thrybergh School & Sports College,Spirit 1/4 Zip Top,B250,BK-PU-WHT,10,10,"<b>This is a Non-Exchangeable & Non-Refundable product.</b><br/> LIMITED OFFER, ITEMS ARE AVAILABLE ON A FIRST COME FIRST SERVE BASIS* TILL STOCK LAST."
Junior,Swinton Queen Primary,Staff Reversible Coat,3JMST,BK,28,0,<b style=color:#ff0000;>Made to order only. This is a Non-Exchangeable & Non-Refundable product.</b>
Junior,Norbriggs Primary,Polo Shirt (With Logo),3PP,WHT,6.75,0,
Junior,Norbriggs Primary,Cardigan (With Logo),3SC,BY,9,0,
Junior,Norbriggs Primary,Sweatshirt (With Logo),3SR,BY,8.5,0,
Junior,Norbriggs Primary,Bookbag,BB03,BY,4.5,0,
Junior,St Joseph’s Staveley,Jogging Bottoms (With logo),64051,GY,9,10,
Junior,St Joseph’s Staveley,Jogging Bottoms,64051,GY,9,10,
Junior,St Joseph’s Staveley,Gildan Zip Hoodie (Kids),18600B,RD,13,0,
Senior,Maltby Academy,Black S Cut Skirt,SCUT,WATH,17,0,
Category,Special Offers,Pack of 5 Sky Blue Classic Polo Shirts with Improved Fit,3PC5,SB,10,0,1 Pack include 5pcs of Sky Blue Classic Polo Shirts. The Pack will have same size of 5pcs.
Senior,St Pius Catholic High School,BOYS LEG LENGTH TROUSERS,BLL,BK,11,14,
Senior,St Pius Catholic High School,PE Falcon Girls Leggings,ZR38,BK,15.5,24.5,
Senior,St Pius Catholic High School,BOYS SLIM FIT TROUSERS,BSF,BK,14,17,
Senior,St Pius Catholic High School,BOYS COMFORT FIT TROUSERS,BCFT,BK,14,24,
Senior,St Pius Catholic High School,MENS SLIM FIT TROUSERS,MSF,BK,18,20,
Senior,St Pius Catholic High School,GIRLS SLIM FIT HIGH RISE TROUSERS,OBGTH,BK,14,0,
Senior,St Pius Catholic High School,GIRLS SLIM FIT LOW RISE TROUSERS,OBGTL,BK,5,0,
Senior,St Pius Catholic High School,LADIES SLIM FIT HIGH RISE TROUSERS,OBLTH,BK,15,17,
Senior,St Pius Catholic High School,LADIES SLIM FIT LOW RISE TROUSERS,OBLTL,BK,5,0,
Senior,St Pius Catholic High School,STRAIGHT SKIRTS,STRSKTS,BK,14,16,
Senior,St Pius Catholic High School,BOX PLEATED SKIRTS,BPS,BK,7,9,
Junior,Gleadless Primary,Pinders Acrylic Cardigan ,PAC,GY,15,19.5,
Junior,Maltby Redwood,Polo Shirt (With Logo),3PP,WHT,6.75,0,
Junior,Maltby Redwood,Cardigan (With Logo),3SC,RD,9,0,
Junior,Maltby Redwood,Sweatshirt (With Logo),3SR,RD,8.5,0,
Junior,St Giles C of E,Jogging Bottoms (With logo),64051,NB,9,10,
Junior,St Giles C of E,Falcon Girls Leggings (With logo),ZR38J,NB,17,26.5,
Junior,Swinton Queen Primary,Polo Shirt (With Logo),3PP,GD,6.75,0,
Junior,Bolsover Infant & Nursery,Polo Shirt (With Logo),3PP,WHT,6.75,0,
Junior,Bolsover Infant & Nursery,Cardigan (With Logo),3SC,NB,9,0,
Junior,Bolsover Infant & Nursery,Sweatshirt (With Logo),3SR,NB,8.5,0,
Junior,Peafield Lane Academy,V Neck Sweatshirt,3SV,BT,12,0,
Junior,Bolsover Infant & Nursery,Waterproof Fleece (NON REVERSIBLE),3JM,NB,23,0,<b style=color:#ff0000;>Made to order only. This is a Non-Exchangeable & Non-Refundable product.</b>
Junior,Bolsover Infant & Nursery,Waterproof Fleece (NON REVERSIBLE),3JM,DR,23,0,<b style=color:#ff0000;>Made to order only. This is a Non-Exchangeable & Non-Refundable product.</b>
Junior,Bolsover Infant & Nursery,Polo Shirt (With Logo),3PP,SB,6.75,0,
Junior,Bolsover Infant & Nursery,Fleece (With Logo),3JP,NB,16,0,<b style=color:#ff0000;>Made to order only. This is a Non-Exchangeable & Non-Refundable product.</b>
Junior,Bolsover Infant & Nursery,Fleece (With Logo),3JP,DR,16,0,<b style=color:#ff0000;>Made to order only. This is a Non-Exchangeable & Non-Refundable product.</b>
Junior,Bolsover Infant & Nursery,Gildan Hoodie (Kids),18500B,NB,12,0,
Junior,Bolsover Infant & Nursery,Gildan Hoodie (Kids),18500B,RY,12,0,
Junior,Bolsover Infant & Nursery,PE T-Shirt (With Logo),3TC,RD,4.5,0,
Junior,Bolsover Infant & Nursery,PE T-Shirt (With Logo),3TC,BT,4.5,0,
Junior,Bolsover Infant & Nursery,PE T-Shirt (With Logo),3TC,DR,4.5,0,
Junior,Bolsover Infant & Nursery,FOLT T-shirt with logo,61033,YW,6,0,
Junior,Mossbrook Primary,Polo Shirt (With Logo),3PP,WHT,6.75,0,
Junior,Mossbrook Primary,Cardigan (With Logo),3SC,JD,9,0,
Junior,Mossbrook Primary,Sweatshirt,62039,EM,9.25,12,
Senior,Stocksbridge High School,GIRLS COMFORT FIT TROUSERS,GSFT,BK,15,16,
Senior,Stocksbridge High School,LADIES COMFORT FIT TROUSERS,LSFT,BK,18,0,
Junior,Trinity Croft C of E,Shadow Stripe Shorts,3BS,NB,2.5,0,
Junior,Trinity Croft C of E,PE T-Shirt (With Logo),3TC,NB,4.5,0,
Senior,Wales High School,Apron,AP,BY,8,0,
Junior,Treeton Cof E,Nursery Sweatshirt,3SD,SB,9.25,0,
Junior,Renishaw Primary,Document Case,DC01,NB,9,0,
Junior,St Thomas More Catholic Primary,Polo Shirt (With Logo),3PP,WHT,6.75,0,
Junior,St Thomas More Catholic Primary,Cardigan (With Logo),3SC,BY,9,0,
Junior,St Thomas More Catholic Primary,Sweatshirt (With Logo),3SR,BY,8.5,0,
Category,Girls Trousers,GIRLS REGULAR FIT TROUSERS,GRFT,BK,14,0,
Category,Girls Trousers,LADIES REGULAR FIT TROUSERS,LRFT,BK,15,17,
Category,Girls Trousers,Pinders Premium Girls Trouser,PPGT,BK,18,24,
Category,Girls Trousers,Pinders Premium Ladies Trouser,PPLT,BK,13,17,
Senior,Stocksbridge High School,Pinders Premium Girls Trouser,PPGT,BK,18,24,
Senior,Stocksbridge High School,Pinders Premium Ladies Trouser,PPLT,BK,13,17,
Senior,Stocksbridge High School,GIRLS REGULAR FIT TROUSERS,GRFT,BK,14,0,
Senior,Stocksbridge High School,LADIES REGULAR FIT TROUSERS,LRFT,BK,15,17,
Junior,Aston All Saints,Bookbag,BB03,BY,4.5,0,<b style=color:#ff0000;>Made to order only. This is a Non-Exchangeable & Non-Refundable product.</b>
Junior,Aston All Saints,Document Case,DC01,BY,9,0,<b style=color:#ff0000;>Made to order only. This is a Non-Exchangeable & Non-Refundable product.</b>
Junior,Aston All Saints,Backpack,BG125J,BY,11.5,0,<b style=color:#ff0000;>Made to order only. This is a Non-Exchangeable & Non-Refundable product.</b>
Junior,Aston All Saints,FOLT T-shirt with logo,61033,SU,6,0,<b style=color:#ff0000;>Made to order only. This is a Non-Exchangeable & Non-Refundable product.</b>
Junior,Anston Brook Primary,Waterproof Fleece (NON REVERSIBLE),3JM,NB,23,0,<b style=color:#ff0000;>Made to order only. This is a Non-Exchangeable & Non-Refundable product.</b>
Junior,Anston Brook Primary,Fleece (With Logo),3JP,NB,16,0,<b style=color:#ff0000;>Made to order only. This is a Non-Exchangeable & Non-Refundable product.</b>
Junior,Anston Brook Primary,Cardigan (With Logo),3SC,NB,9,0,
Junior,Anston Brook Primary,Sweatshirt (With Logo),3SR,NB,8.5,0,
Junior,Anston Brook Primary,Polo Shirt (With Logo),3PP,RD,6.75,0,
Junior,Anston Brook Primary,Bookbag,BB03,NB,4.5,0,
Junior,Treeton Cof E,Polo Shirt (With Logo),3PP,WHT,6.75,0,
Category,Shorts,Honeycomb Shorts,1BU,BK_NB,7.5,0,
Junior,Whiston Worrygoose Primary,Polo Shirt (With Logo),3PP,BY,6.75,0,
Junior,Newbold C of E Primary School,Full Zip Jacket,AFZ,NB-WHT,21,0,
Category,Girls Tights,GIRLS SCHOOL TIGHTS,GST,NB_GY_WHT_RD,4,0,
Category,Girls Tights,BLACK GIRLS SCHOOL TIGHTS,GST,BK,3,0,
Junior,New Whittington Primary,Polo Shirt (With Logo),3PP,WHT,6.75,0,
Junior,New Whittington Primary,PE T-Shirt (With Logo),3TC,DR,4.5,0,
Junior,Carfield Primary School,Polo Shirt (With Logo),3PP,RD,6.75,0,
Junior,Carfield Primary School,Cardigan (With Logo),3SC,RD,9,0,
Junior,Carfield Primary School,Sweatshirt (With Logo),3SR,RD,8.5,0,
Junior,Carfield Primary School,Bookbag,BB03,RD,4.5,0,
Junior,Carfield Primary School,Polo Shirt (With Logo),3PP,DR,6.75,0,
Junior,Carfield Primary School,Cardigan (With Logo),3SC,DD,9,0,
Junior,Carfield Primary School,Sweatshirt (With Logo),3SR,DD,8.5,0,
Junior,Carfield Primary School,Bookbag,BB03,RY,4.5,0,
Category,Girls Skirts,Pinders Premium Straight Skirts,PPLS,GY,16,18,
Senior,Sheffield Park Academy,Basic Tie,BTIE,PARK,5.5,0,
Junior,Brook House Junior,PE T-Shirt (With Logo),3TC,RD,4.5,0,
Junior,Brook House Junior,PE T-Shirt (With Logo),3TC,EM,4.5,0,
Senior,Rotherham College Hair Dressing,Gildan Zip Hoodie (Adults),18600,BK,22,0,
Junior,Brook House Junior,PE T-Shirt (With Logo),3TC,GD,4.5,0,
Junior,Brook House Junior,PE T-Shirt (With Logo),3TC,DR,4.5,0,
Senior,Rotherham College Hair Dressing,PE Hoodie,18500,BK,12,14,
Category,Girls Skirts,Pinders Premium Straight Skirts,PPLS,BK,16,18,
Senior,Thrybergh School & Sports College,PE Encore Training Trousers (With logo),ZR35,BK,19.5,27,
Senior,Thrybergh School & Sports College,PE Encore Training Trousers,ZR35,BK,18,25,
Junior,Wath C of E Primary,Bookbag,BB03,RD,4.5,0,
Junior,Swinton Queen Primary,PE T-Shirt (With Logo),3TC,WHT,4.5,0,
Senior,Stocksbridge High School,BOX PLEATED SKIRTS,BPS,BK,7,9,
Senior,Stocksbridge High School,Pinders Premium Straight Skirts,PPLS,BK,16,18,
Junior,Hollingwood Primary,Polo Shirt (With Logo),3PP,NB,6.75,0,
Junior,Hollingwood Primary,PE T-Shirt  (Plain),3TC,WHT,3.5,0,
Junior,Hollingwood Primary,Document Case,DC01,NB,9,0,
Junior,Hollingwood Primary,Polo Shirt (With Logo),3PP,WHT,6.75,0,
Junior,Hollingwood Primary,PE T-Shirt (With Logo),3TC,WHT,4.5,0,
Senior,Thrybergh School & Sports College,Falcon Girls Leggings (With logo),ZR38,BK,17,26.5,
Junior,Trinity Croft C of E,Waterproof Fleece (NON REVERSIBLE),3JM,NB,23,0,<b style=color:#ff0000;>Made to order only. This is a Non-Exchangeable & Non-Refundable product.</b>
Junior,Barlow C of E,PE T-Shirt (With Logo),3TC,WHT,4.5,0,
Senior,Tapton,PE Encore Training Trousers,ZR35,NB,18,25,
Senior,Tapton,PE Falcon Girls Leggings,ZR38,BK,15.5,24.5,<b style=color:#ff0000;>Made to order only. This is a Non-Exchangeable & Non-Refundable product.</b>
Senior,Tapton,PE Falcon Girls Leggings,ZR38,NB,15.5,24.5,
Junior,Eastwood Village,Polo Shirt (With Logo),3PP,WHT,6.75,0,
Junior,Eastwood Village,Cardigan (With Logo),3SC,NB,9,0,
Junior,Eastwood Village,Sweatshirt (With Logo),3SR,NB,8.5,0,
Junior,Brinsworth Whitehill,Bookbag,BB03,RY,4.5,0,
Junior,Thrybergh Fullerton,Waterproof Fleece (NON REVERSIBLE),3JM,RD,23,0,<b style=color:#ff0000;>Made to order only. This is a Non-Exchangeable & Non-Refundable product.</b>
Junior,Thrybergh Fullerton,Fleece (With Logo),3JP,RD,16,0,<b style=color:#ff0000;>Made to order only. This is a Non-Exchangeable & Non-Refundable product.</b>
Senior,Wickersley 6th Form,PE Hoodie,18500,NB,12,14,
Senior,Wickersley 6th Form,PE Hoodie,18500,BK,12,14,
Category,Sweatshirts and Cardigans,Plain Cardigan,3SC,CC,8,12.5,
Category,Sweatshirts and Cardigans,Plain Sweatshirt,3SR,CC,7.5,12,
Junior,Rawmarsh Thorogate,Waterproof Fleece (NON REVERSIBLE),3JM,RD,23,0,<b style=color:#ff0000;>Made to order only. This is a Non-Exchangeable & Non-Refundable product.</b>
Junior,Rawmarsh Thorogate,Fleece (With Logo),3JP,RD,16,0,<b style=color:#ff0000;>Made to order only. This is a Non-Exchangeable & Non-Refundable product.</b>
Junior,Rawmarsh Thorogate,Polo Shirt (With Logo),3PP,WHT,6.75,0,
Junior,Rawmarsh Thorogate,Cardigan (With Logo),3SC,RD,9,0,
Junior,Rawmarsh Thorogate,Sweatshirt (With Logo),3SR,RD,8.5,0,
Junior,Rawmarsh Thorogate,Bookbag,BB03,RD,4.5,0,
Junior,Rawmarsh Thorogate,Waterproof Fleece (NON REVERSIBLE),3JM,NB,23,0,<b style=color:#ff0000;>Made to order only. This is a Non-Exchangeable & Non-Refundable product.</b>
Junior,Rawmarsh Thorogate,Fleece (With Logo),3JP,NB,16,0,<b style=color:#ff0000;>Made to order only. This is a Non-Exchangeable & Non-Refundable product.</b>
Junior,Rawmarsh Thorogate,Cardigan (With Logo),3SC,NB,9,0,
Junior,Rawmarsh Thorogate,Sweatshirt (With Logo),3SR,NB,8.5,0,
Junior,Rawmarsh Thorogate,Bookbag,BB03,NB,4.5,0,
Junior,Marsh Lane,Polo Shirt (With Logo),3PP,WHT,6.75,0,
Junior,Sunflower Children's Centre,Fleece (With Logo),3JP,RD,16,0,<b style=color:#ff0000;>Made to order only. This is a Non-Exchangeable & Non-Refundable product.</b>
Junior,Sunflower Children's Centre,Polo Shirt (With Logo),3PP,RD,6.75,0,<b style=color:#ff0000;>Made to order only. This is a Non-Exchangeable & Non-Refundable product.</b>
Junior,Sunflower Children's Centre,Cardigan (With Logo),3SC,RD,9,0,<b style=color:#ff0000;>Made to order only. This is a Non-Exchangeable & Non-Refundable product.</b>
Junior,Sunflower Children's Centre,Sweatshirt (With Logo),3SR,RD,8.5,0,<b style=color:#ff0000;>Made to order only. This is a Non-Exchangeable & Non-Refundable product.</b>
Junior,Sunflower Children's Centre,Bookbag,BB03,RD,4.5,0,
Junior,Gleadless Primary,Bookbag,BB03,BK,4.5,0,
Junior,Rockingham Primary,Fleece (With Logo),3JP,DR,16,0,<b style=color:#ff0000;>Made to order only. This is a Non-Exchangeable & Non-Refundable product.</b>
Junior,Sunflower Children's Centre,PE T-Shirt (With Logo),3TC,RD,4.5,0,<b style=color:#ff0000;>Made to order only. This is a Non-Exchangeable & Non-Refundable product.</b>
Senior,Rotherham College - Course Hoodies ,PE Hoodie,18500,BK,12,14,Art & Design Hoodie
Senior,Rotherham College - Course Hoodies ,Gildan Zip Hoodie (Adults),18600,BK,22,0,Art & Design Zip Hoodie
Senior,Rotherham College - Course Hoodies ,PE Hoodie,18500,BK,12,14,Fashion Hoodie
Senior,Rotherham College - Course Hoodies ,Gildan Zip Hoodie (Adults),18600,BK,22,0,Fashion Zip Hoodie
Senior,Rotherham College - Course Hoodies ,PE Hoodie,18500,NB,12,14,Graphics Hoodie
Senior,Rotherham College - Course Hoodies ,Gildan Zip Hoodie (Adults),18600,NB,22,0,Graphics Zip Hoodie
Senior,Rotherham College - Course Hoodies ,PE Hoodie,18500,NB,12,14,Media Hoodie
Senior,Rotherham College - Course Hoodies ,Gildan Zip Hoodie (Adults),18600,NB,22,0,Media Zip Hoodie
Senior,Rotherham College - Course Hoodies ,PE Hoodie,18500,NB,12,14,Photography Hoodie
Senior,Rotherham College - Course Hoodies ,Gildan Zip Hoodie (Adults),18600,NB,22,0,Photography Zip Hoodie
Senior,Rotherham College - Course Hoodies ,PE Hoodie,18500,BK,12,14,Music Performance Hoodie
Senior,Rotherham College - Course Hoodies ,Gildan Zip Hoodie (Adults),18600,BK,22,0,Music Performance Zip Hoodie
Senior,Rotherham College - Course Hoodies ,PE Hoodie,18500,BK,12,14,Music Technology Hoodie
Senior,Rotherham College - Course Hoodies ,Gildan Zip Hoodie (Adults),18600,BK,22,0,Black Music Technology Zip Hoodie
Senior,Rotherham College - Course Hoodies ,PE Hoodie,18500,BK,12,14,Performing Arts Hoodie
Senior,Rotherham College - Course Hoodies ,Gildan Zip Hoodie (Adults),18600,BK,22,0,Performing Arts Zip Hoodie
Senior,Rotherham College - Computing,PE Hoodie,18500,BK,12,14,Games & Animation Hoodie
Senior,Rotherham College - Computing,Gildan Zip Hoodie (Adults),18600,BK,22,0,Black Games & Animation Zip Hoodie
Senior,Rotherham College - Computing,PE Hoodie,18500,BK,12,14,Computing Hoodie
Senior,Rotherham College - Computing,Gildan Zip Hoodie (Adults),18600,BK,22,0,Computing Zip Hoodie
Junior,Sunflower Children's Centre,Waterproof Fleece (NON REVERSIBLE),3JM,RD,23,0,<b style=color:#ff0000;>Made to order only. This is a Non-Exchangeable & Non-Refundable product.</b>
Category,Accessories,380cc WATER BOTTLE,WB18,RD_EM_MRN_NB_RY_PU,3,0,
Category,Accessories,BOTTLE MATE,BM18,BK_BT_HIVIZ_MRN_NB_PI_PU_RD_RY,4,0,"The ideal accessory to carry a water bottle to school. Fits on any bag. Name card, reflective strip and drainage hole."
Category,Accessories,THERMA BOTTLE,TB21,TB21BF_TB21BFLK_TB21BG_TB21BL_TB21BLK_TB21BWD_TB21CAM_TB21CE_TB21GD_TB21GPI_TB21GY_TB21LF_TB21LIL_TB21LIM_TB21LTL_TB21MWG_TB21OR_TB21PI_TB21PWG_TB21TE,9,0,
Junior,Laughton J and I,Polo Shirt (With Logo),3PP,RD,6.75,0,
Junior,Laughton J and I,Cardigan (With Logo),3SC,RD,9,0,
Junior,Laughton J and I,Bookbag,BB03,RD,4.5,0,
Junior,Newbold C of E Primary School,PE T-Shirt with logo,5000B,SB,6,0,
Junior,Woodlands Primary School,Cardigan (With Logo),3SC,BT,9,0,
Junior,Woodlands Primary School,Sweatshirt (With Logo),3SR,BT,8.5,0,
Junior,Woodlands Primary School,Waterproof Fleece (NON REVERSIBLE),3JM,BT,23,0,<b style=color:#ff0000;>Made to order only. This is a Non-Exchangeable & Non-Refundable product.</b>
Junior,Woodlands Primary School,Fleece (With Logo),3JP,BT,16,0,<b style=color:#ff0000;>Made to order only. This is a Non-Exchangeable & Non-Refundable product.</b>
Junior,Woodlands Primary School,Polo Shirt (With Logo),3PP,WHT,6.75,0,
Junior,Woodlands Primary School,Bookbag,BB03,BT,4.5,0,
Category,Stationery,THERMA BOTTLE,TB21,TB21BF_TB21BFLK_TB21BG_TB21BL_TB21BLK_TB21BWD_TB21CAM_TB21CE_TB21GD_TB21GPI_TB21GY_TB21LF_TB21LIL_TB21LIM_TB21LTL_TB21MWG_TB21OR_TB21PI_TB21PWG_TB21TE,9,0,
Junior,Whiston Worrygoose Primary,PE T-Shirt (With Logo),3TC,WHT,4.5,0,
Category,PPE,Fashion Mask,FACM2,BK,2,0,
Junior,Carfield Primary School,Fleece (With Logo),3JP,RD,16,0,
Junior,Carfield Primary School,Fleece (With Logo),3JP,DR,16,0,
Category,Christmas Shop,Christmas Jumpers,CTMSJ,RD_RY_BT_GY,8,0,
Junior,Greenhill Primary School,Fleece (With Logo),3JP,RD,16,0,<b style=color:#ff0000;>Made to order only. This is a Non-Exchangeable & Non-Refundable product.</b>
Category,Christmas Shop,Christmas T-shirts,CTMST,MSD1_MSD2_MSD3_MSD4_MSD5,5,0,
Category,Doc & Bags,Puma ‘Phase II’ Backpack Bags,76622,BK,17,0,
Category,Doc & Bags,Adidas ‘Linear Classic Daily’ BackPack Bag,DT8634,SB,17,0,
Category,Doc & Bags,Adidas Originals ‘Classic EQT’ Backpack Bag,DH2676,NB,29,0,
Category,Doc & Bags,Reebok 'Linear Logo' BACKPACK BAGS,FQ6134,SB,20,0,
Category,Doc & Bags,Adidas ‘Linear’ Duffle Bags,FL3651,BK,24,0,
Junior,St Ann's Stocksbridge,Pinders Acrylic Cardigan ,PAC,BY,15,19.5,
Junior,St Ann's Stocksbridge,Pinders Acrylic Jumper,PAJ,BY,14,18.5,
Senior,All Saints Catholic High School,LONG SLEEVE BLOUSE TWIN PACK NON IRON,PSBL,WHT_SB,10,25,
Senior,All Saints Catholic High School,LONG SLEEVE SHIRTS TWIN PACK NON IRON,PSSL,WHT_SB,10,12,
Senior,All Saints Catholic High School,Pinders Acrylic Jumper,PAJ,GY,14,20.5,
Junior,Monteney Primary,Polo Shirt (With Logo),3PP,DR,6.75,0,
Category,Seasonal,Polar Oversized Sherpa Fleece,POSF,NB_GY_PI_SB_RD,20,0,
Category,Doc & Bags,Under Armour Backpack,UAB,TL,25,0,
Category,Plain Garments,Fleece,3JP,NB_BK_RD_DR_BY_BT,15,23,
Junior,The Grange Trust,Polo Shirt (With Logo),3PP,GD,6.75,0,
Junior,The Grange Trust,Cardigan (With Logo),3SC,NB,9,0,
Junior,The Grange Trust,Sweatshirt (With Logo),3SR,NB,8.5,0,
Junior,The Grange Trust,Bookbag,BB03,NB,4.5,0,
Junior,Kelford School,Waterproof Fleece (NON REVERSIBLE),3JM,NB,23,0,<b style=color:#ff0000;>Made to order only. This is a Non-Exchangeable & Non-Refundable product.</b>
Junior,Kelford School,Fleece (With Logo),3JP,NB,16,0,<b style=color:#ff0000;>Made to order only. This is a Non-Exchangeable & Non-Refundable product.</b>
Junior,Kelford School,Polo Shirt (With Logo),3PP,NB,6.75,0,
Junior,Kelford School,Cardigan (With Logo),3SC,NB,9,0,
Junior,Kelford School,Sweatshirt (With Logo),3SR,NB,8.5,0,
Junior,Kelford School,Waterproof Fleece (NON REVERSIBLE),3JM,RD,23,0,<b style=color:#ff0000;>Made to order only. This is a Non-Exchangeable & Non-Refundable product.</b>
Junior,Kelford School,Fleece (With Logo),3JP,RD,16,0,<b style=color:#ff0000;>Made to order only. This is a Non-Exchangeable & Non-Refundable product.</b>
Junior,Kelford School,Polo Shirt (With Logo),3PP,RD,6.75,0,
Junior,Kelford School,Cardigan (With Logo),3SC,RD,9,0,
Junior,Kelford School,Sweatshirt (With Logo),3SR,RD,8.5,0,
Junior,Kelford School,Polo Shirt (With Logo),3PP,JD,6.75,0,
Junior,Kelford School,Cardigan (With Logo),3SC,JD,9,0,
Junior,Kelford School,Sweatshirt (With Logo),3SR,JD,8.5,0,
Junior,Kelford School,Polo Shirt (With Logo),3PP,SB,6.75,0,
Junior,Sandhill Primary,Bookbag,BB03,BY,4.5,0,
Junior,Badsley Primary,Bookbag,BB03,PU,4.5,0,
Junior,Badsley Primary,Bookbag,BB03,BK,4.5,0,
Junior,Roughwood Primary,Bookbag,BB03,RY,4.5,0,
Junior,Trinity Croft C of E,Bookbag,BB03,JD,4.5,0,
Junior,Catcliffe Primary,Polo Shirt (With Logo),3PP,GD,6.75,0,
Category,Plain Garments,Reversible Coat,3JM,NB_BK_RD_DR_BY_BT,22.5,28,<b style=color:#ff0000;>Made to order only. This is a Non-Exchangeable & Non-Refundable product.</b>
Junior,Woodlands Primary School,Gildan Hoodie (Kids),18500B,BT,12,0,
Senior,All Saints Catholic High School,SHORT SLEEVE BLOUSE TWIN PACK NON IRON,PSBH,WHT_SB,10,25,
Senior,All Saints Catholic High School,SHORT SLEEVE SHIRT TWIN PACK NON IRON,PSSH,WHT_SB,10,12,
Category,Seasonal,Polar Oversized Sherpa Fleece,POSF,CH_GY_PI_SB_RD,20,0,
Junior,Grenoside Primary,Gildan Hoodie (Kids),18500B,NB,12,0,
Junior,Bramley Sunnyside Infants,Polo Shirt (With Logo),3PP,WHT,6.75,0,
Junior,Charnock Hall,Shadow Stripe Shorts,3BS,BK,2.5,0,
Category,Boys Trousers,BOYS COMFORT FIT TROUSERS LONG,BCFTL,BK_GY,16,26,
Senior,Discovery Academy Upper,Sweatshirt (With Logo),3SR,NB,8.5,0,
Junior,Swinton Queen Primary,Gildan Hoodie (Kids),18500B,BK,12,0,
Junior,Lower Meadow Primary Academy,Polo Shirt (With Logo),3PP,WHT,6.75,0,
Junior,Lower Meadow Primary Academy,Cardigan (With Logo),3SC,NB,9,0,
Junior,Lower Meadow Primary Academy,Sweatshirt (With Logo),3SR,NB,8.5,0,
Junior,Lower Meadow Primary Academy,Polo Shirt (With Logo),3PP,SB,6.75,0,
Junior,Lower Meadow Primary Academy,Bookbag,BB03,NB,4.5,0,
Junior,Lower Meadow Primary Academy,PE T-Shirt (With Logo),3TC,NB,4.5,0,
Senior,Meadowhead,T-Shirt,JC001,BK,5,7,
Junior,Woodlands Primary School,Gildan Hoodie (Kids),18500B,FG,12,0,
Category,Hoodies,Plain Junior Hoodie,18500BPL,RY_RD_NB_BY_BK_FG,11,0,
Category,Hoodies,Plain Adult Hoodie,18500PL,RY_RD_NB_BY_BK_FG,13,0,
Junior,Birley Primary Academy,Polo Shirt (With Logo),3PP,GD,6.75,0,
Junior,Birley Primary Academy,Cardigan (With Logo),3SC,DD,9,0,
Junior,Birley Primary Academy,Sweatshirt (With Logo),3SR,DD,8.5,0,
Junior,The Willows,Fleece (With Logo),3JP,BY,16,0,<b style=color:#ff0000;>Made to order only. This is a Non-Exchangeable & Non-Refundable product.</b>
Category,Doc & Bags,Puma Camouflage Green Backpack,PUMBP,TB21CAM,16,0,
Category,Doc & Bags,Puma Black Holdall,PUMHD1,BK,25,0,
Category,Doc & Bags,Adidas Sky Black Backpack,ADDBP1,SB,15,0,
Category,Doc & Bags,Adidas Navy Backpack,ADDBP2,NB,22,0,
Category,Doc & Bags,Puma Navy Holdall,PUMHD2,NB,16,0,
Category,Accessories,Fancy Head Bands,NWT301,BK_NB_RD_RY_BT_MRN,3,0,
Category,Accessories,Tic Tak & assorted Hair bands pack,NWT302,BK_NB_RD_RY_BT_MRN,4,0,
Category,Accessories,"Pack of Tic Tak, Hair bands & Headbands",NWT305,BK_NB_RD_RY_BT_MRN,5,0,
Category,Accessories,Scrunchies Hair Bands,NWT307,BK_NB_RD_RY_BT_MRN,3,0,
Category,Accessories,Pack of 6 Tic Tak clips,NWT300,BK_NB_RD_RY_BT_MRN_PU,3,0,
Category,Accessories,Pack of 3 Hair Bow clips,NWT309,NB_RD_RY_BT_MRN_PU,3,0,
Junior,New Whittington Primary,Polo Shirt (With Logo),3PP,DR,6.75,0,
Junior,St. Alban's C of E Wickersley,Fleece (With Logo),3JP,RD,16,0,<b style=color:#ff0000;>Made to order only. This is a Non-Exchangeable & Non-Refundable product.</b>
Junior,St. Alban's C of E Wickersley,Polo Shirt (With Logo),3PP,RD,6.75,0,
Junior,St. Alban's C of E Wickersley,Cardigan (With Logo),3SC,RD,9,0,
Junior,St. Alban's C of E Wickersley,Sweatshirt (With Logo),3SR,RD,8.5,0,
Junior,St. Alban's C of E Wickersley,Bookbag,BB03,RD,4.5,0,
Junior,St. Alban's C of E Wickersley,Polo Shirt (With Logo),3PP,WHT,6.75,0,
Category,Accessories,Pack of 3 Spiral Hair Bands,NWT313,BK_NB_RD_RY_BT_MRN_PU,3,0,
Category,Accessories,Fancy Hair Bands,NWT314,BK_NB_RD_RY_BT_MRN_PU,3,0,
Category,Accessories,Fancy Multicolor Bow Elastic,NWT315,BTYW_NBRD_NBYW_PUYW_RDYW_RYYW,3,0,
Category,Seasonal,Kids Sherpa Fleece,KSF,TD_NB,20,0,
Category,Seasonal,Adult Sherpa Fleece,ASF,NB,20,0,
Category,Seasonal,Kids Sherpa Fleece,KSF,TD,20,0,
Senior,Aston Academy,PE T-Shirt with logo,410001,BK,8.5,0,<b style=color:#ff0000;>Made to order only. This is a Non-Exchangeable & Non-Refundable product.</b>
Senior,Aston Academy,PE 1/4 Zip Top with logo,408005,BK,16,0,<b style=color:#ff0000;>Made to order only. This is a Non-Exchangeable & Non-Refundable product.</b>
Senior,Wales High School,100% Cotton Knitted V Neck Jumper plain,PTHINJ,GY,16,0,
Category,Accessories,Gingham Bows ,NWT316,BK_NB_RD_RY_BT_MRN,3,0,
Junior,Charnock Hall,PE T-Shirt  (Plain),3TC,RD,3.5,0,
Junior,Charnock Hall,Junior Backpack,JBMP12,RY,15,0,
Junior,Charnock Hall,Drawstring Bag,SH5890,RY,3,0,
Junior,Charnock Hall,PE T-Shirt  (Plain),3TC,RY,3.5,0,
Junior,Charnock Hall,PE T-Shirt  (Plain),3TC,GD,3.5,0,
Junior,Charnock Hall,PE T-Shirt  (Plain),3TC,EM,3.5,0,
Senior,Discovery Academy  - Staff,Polo Shirt,3PP,WHT,6.75,10,
Senior,Discovery Academy  - Staff,Discovery Staff Polo,DAST3PP,WHT,6.75,10,<b style=color:#ff0000;>Made to order only. This is a Non-Exchangeable & Non-Refundable product.</b>
Senior,Discovery Academy Upper,Lower School Polo,DALS3PP,SB,6.75,0,
Senior,Discovery Academy Upper,Upper School Polo,DAUS3PP,SB,6.75,10,
Category,Shorts,Pull Up Shorts,PUPS,BK_GY,8,0,
Category,commansocks,ANKLE SOCKS (Pack of 3),BSS,BK_NB_GY_WHT,3,0,
Category,commansocks,PLAIN KNEE HIGH SOCKS (Pack of 3),KHS,BK_NB_GY_WHT,5,0,
Category,commansocks,KNEE HIGH SOCKS WITH BOW (Single Pair),KHSWB,BK_NB_GY_WHT,3.5,0,
Category,ExtraProducts,Pack of 6 Tic Tak clips,NWT300,BK_NB_RD_RY_BT_MRN_PU,3,0,
Category,ExtraProducts,Fancy Head Bands,NWT301,BK_NB_RD_RY_BT_MRN,3,0,
Category,ExtraProducts,Tic Tak & assorted Hair bands pack,NWT302,BK_NB_RD_RY_BT_MRN,4,0,
Category,ExtraProducts,"Pack of Tic Tak, Hair bands & Headbands",NWT305,BK_NB_RD_RY_BT_MRN,5,0,
Category,ExtraProducts,Scrunchies Hair Bands,NWT307,BK_NB_RD_RY_BT_MRN,3,0,
Category,ExtraProducts,Pack of 3 Hair Bow clips,NWT309,NB_RD_RY_BT_MRN_PU,3,0,
Category,ExtraProducts,Pack of 3 Spiral Hair Bands,NWT313,BK_NB_RD_RY_BT_MRN_PU,3,0,
Category,ExtraProducts,Fancy Hair Bands,NWT314,BK_NB_RD_RY_BT_MRN_PU,3,0,
Category,ExtraProducts,Fancy Multicolor Bow Elastic,NWT315,BTYW_NBRD_NBYW_PUYW_RDYW_RYYW,3,0,
Category,ExtraProducts,Gingham Bows ,NWT316,BK_NB_RD_RY_BT_MRN,3,0,
Senior,Tapton,Falcon T Shirt,ZR10,CO-NB-WHT,10,10,<b style=color:#ff0000;>Made to order only. This is a Non-Exchangeable & Non-Refundable product.</b>
Senior,Tapton,Encore Hoodie,ZR40,CO-NB-WHT,15,15,<b style=color:#ff0000;>Made to order only. This is a Non-Exchangeable & Non-Refundable product.</b>
Category,Girls Trousers,GIRLS HEART TROUSERS,GHT,BK_GY,12,15,
Senior,Sheffield Park Academy,Polo Shirt,G920,RY-BK-BK,14,17,
Senior,Clifton Comprehensive,Unisex PE T-Shirt,G910,MRN-BK-WHT,15,18,"<b>This is a Non-Exchangeable & Non-Refundable product.</b><br/> LIMITED OFFER, ITEMS ARE AVAILABLE ON A FIRST COME FIRST SERVE BASIS* TILL STOCK LAST."
Category,Accessories,ECOPURE BIO BOTTLE 500ml,BWB18,BK_BT_RY_EM_GD_NB_PI_PU_RD_SB_YW_MRN,4,0,
Junior,Bramley Sunnyside Infants,Cardigan (With Logo),3SC,NB,9,0,
Junior,Bramley Sunnyside Infants,Sweatshirt (With Logo),3SR,NB,8.5,0,
Category,ExtraProducts,Pinders Tote Bag,SH4112,PIN,3,0,
Category,commansocks,Pinders Tote Bag,SH4112,PIN,3,0,
Category,Add-ons,Pinders Tote Bag,SH4112,PIN,3,0,
Category,Accessories,THERMA BOTTLE,TB21,TB21BF_TB21BFLK_TB21BG_TB21BL_TB21BLK_TB21BWD_TB21CAM_TB21CE_TB21GD_TB21GPI_TB21GY_TB21LF_TB21LIL_TB21LIM_TB21LTL_TB21MWG_TB21OR_TB21PI_TB21PWG_TB21TE_TB21MTWHT_TB21GGD_TB21GSL_TB21GLB_TB21IBW_TB21GB_TB21CSP_TB21ILS_TB21FFF_TB21TB_TB21CEP_TB21MRD_TB21LA_TB21PP_TB21CB_TB21CR_TB21CGY_TB21OBW_TB21OSW_TB21OPOY_TB21OLPT_TB21OPMG_TB21OPPP_TB21OWR_TB21OSR_TB21GWG_TB21WWD_TB21MGRT_TB21MTS_TB21MBS_TB21MRG_TB21MRSC,9,0,
Senior,Gainsborough Academy,Pinders Acrylic Jumper (with stripe),PAJS,BK-PU-Gainsborough,14,20.5,
Category,Stationery,THERMA BOTTLE,TB21,TB21BF_TB21BFLK_TB21BG_TB21BL_TB21BLK_TB21BWD_TB21CAM_TB21CE_TB21GD_TB21GPI_TB21GY_TB21LF_TB21LIL_TB21LIM_TB21LTL_TB21MWG_TB21OR_TB21PI_TB21PWG_TB21TE_TB21MTWHT_TB21GGD_TB21GSL_TB21GLB_TB21IBW_TB21GB_TB21CSP_TB21ILS_TB21FFF_TB21TB_TB21CEP_TB21MRD_TB21LA_TB21PP_TB21CB_TB21CR_TB21CGY_TB21OBW_TB21OSW_TB21OPOY_TB21OLPT_TB21OPMG_TB21OPPP_TB21OWR_TB21OSR_TB21GWG_TB21WWD_TB21MGRT_TB21MTS_TB21MBS_TB21MRG_TB21MRSC,9,0,
Junior,St Joseph’s Staveley,Shadow Stripe Shorts,3BS,BK,2.5,0,
Category,Boys Trousers,MENS REGULAR FIT TROUSERS,RFT,BK,22,25,
Category,Boys Trousers,MENS REGULAR FIT TROUSERS  EXTRA LONG LEG 35 INCH,RFTXL,BK,25,28,
Junior,Birley Spa Primary Academy,Waterproof Fleece (NON REVERSIBLE),3JM,RD,23,0,<b style=color:#ff0000;>Made to order only. This is a Non-Exchangeable & Non-Refundable product.</b>
Category,Knitwear,Fleece,3JP,NB_BK_RD_DR_BY_BT,15,23,
Junior,Aston Hall,Plain Cap,B10B,RY,3,0,
Junior,Aston Hall,Polo Shirt (With Logo),3PP,GD,6.75,0,
Junior,Aston Hall,Waterproof Fleece (NON REVERSIBLE),3JM,NB,23,0,<b style=color:#ff0000;>Made to order only. This is a Non-Exchangeable & Non-Refundable product.</b>
Junior,Aston Hall,BOTTLE MATE,BM18,BK_BT_HIVIZ_MRN_NB_PI_PU_RD_RY,4,0,
Senior,Swinton Academy,Honeycomb Shorts,1BU,BK,7.5,0,<b style=color:#ff0000;>Made to order only. This is a Non-Exchangeable & Non-Refundable product.</b>
Senior,Swinton Academy,Football Socks,KFS,BK,5,5.5,
Senior,Swinton Academy,PE Encore Training Trousers,ZR35,BK,18,25,<b style=color:#ff0000;>Made to order only. This is a Non-Exchangeable & Non-Refundable product.</b>
Senior,Swinton Academy,PE Falcon Girls Leggings,ZR38,BK,15.5,24.5,<b style=color:#ff0000;>Made to order only. This is a Non-Exchangeable & Non-Refundable product.</b>
Junior,Killamarsh Village Day Nursery & Pre School,Polo Shirt (With Logo),3PP,NB,6.75,0,This is a Non-Exchangeable & Non-Refundable product.
Junior,Killamarsh Village Day Nursery & Pre School,Cardigan (With Logo),3SC,NB,9,0,This is a Non-Exchangeable & Non-Refundable product.
Junior,Killamarsh Village Day Nursery & Pre School,Sweatshirt (With Logo),3SR,NB,8.5,0,This is a Non-Exchangeable & Non-Refundable product.
Junior,Killamarsh Village Day Nursery & Pre School,PE T-Shirt  (Plain),3TC,NB,3.5,0,This is a Non-Exchangeable & Non-Refundable product.
Junior,Killamarsh Village Day Nursery & Pre School,Polo Shirt (With Logo),3PP,SB,6.75,0,This is a Non-Exchangeable & Non-Refundable product.
Junior,Killamarsh Village Day Nursery & Pre School,PE T-Shirt  (Plain),3TC,SB,3.5,0,This is a Non-Exchangeable & Non-Refundable product.
Junior,Swallownest Primary School,Polo Shirt (With Logo),3PP,SB,6.75,0,
Junior,St Gerards Catholic Primary School,Hoodie With Logo,JH01J,CH,13,16.5,
Junior,Rainbow Forge Academy,Gildan Hoodie (Kids),18500B,NB,12,0,
Junior,Birley Spa Primary Academy,Fleece (With Logo),3JP,RD,16,0,<b style=color:#ff0000;>Made to order only. This is a Non-Exchangeable & Non-Refundable product.</b>
Junior,Birley Spa Primary Academy,Polo Shirt (With Logo),3PP,RD,6.75,0,
Junior,Birley Spa Primary Academy,Cardigan (With Logo),3SC,RD,9,0,
Junior,Birley Spa Primary Academy,Sweatshirt (With Logo),3SR,RD,8.5,0,
Junior,Birley Spa Primary Academy,Bookbag,BB03,RD,4.5,0,
Senior,Westfield School,T-Shirt,JC001,BK,5,7,
Junior,Brinsworth Manor Infant,Polo Shirt (With Logo),3PP,RD,6.75,0,
Junior,Brinsworth Manor Infant,Cardigan (With Logo),3SC,RD,9,0,
Junior,Brinsworth Manor Infant,Sweatshirt (With Logo),3SR,RD,8.5,0,
Junior,Brinsworth Manor Infant,Bookbag,BB03,RD,4.5,0,
Category,Jackets,Snowstars Brave Soul Girls Jacket,GJKSS,BK,20,0,Girls 50d Polyester Longer Length Pp Padded Jacket With Matte Black Trims Double Entry Lower Pockets 100% Polyester- 50d
Category,Jackets,AllenB Brave Soul Boys Jacket,BJKA,BK,20,0,"Brave Soul Kids Coat, Puffer Style,long Length, Fixed Hood, High Neckline,mesh Sleeve Panel, Two Lower Pockets, 100% Polyester 50d"
Category,Jackets,Allen Block Brave Soul Boys Jacket,BJKAB,BK,20,0,Boys Grey Padded Hooded Longline Jacket Mesh Sleeve Panel; Grey Upper Yoke Black Upper Yoke With Grey Body X2 Lower Pockets; Concealed Zip @ Cf 100% Polyester 50d
Category,Jackets,Trail Blazer Brave Soul Boys Jacket,BJKTB,BK,20,0,"Kids Brave Soul Padded Jacket, Faux Fur, Hood Trim, Zip Fastening, Two Lower Pockets, Chest Zip Pocket, Ribbed Cuffs, Embroidered Sleeve Badge 100% Polyester 50d Woven"
Junior,Brinsworth Manor Infant,Polo Shirt (With Logo),3PP,NB,6.75,0,
Junior,Brinsworth Manor Infant,Polo Shirt (With Logo),3PP,WHT,6.75,0,
Senior,Tapton,Long Sleeve Polo,63310,BK,15,0,<b style=color:#ff0000;>Made to order only. This is a Non-Exchangeable & Non-Refundable product.</b>
Senior,Tapton,Long Sleeve Polo,63310,WHT,15,0,<b style=color:#ff0000;>Made to order only. This is a Non-Exchangeable & Non-Refundable product.</b>
Junior,St Josephs Dinnington,Bookbag,BB03,NB,4.5,0,
Junior,St Josephs Dinnington,Gildan Hoodie (Kids),18500B,SG,12,0,
Junior,St Josephs Dinnington,Polo Shirt (With Logo),3PP,GY,9,0,
Junior,St Josephs Dinnington,Basic Tie,BTIE,STJ,4,0,
Junior,St Josephs Dinnington,Pinders Acrylic Cardigan ,PAC,NB,15,19.5,
Junior,St Josephs Dinnington,Pinders Acrylic Jumper,PAJ,NB,14,18.5,
Junior,St Josephs Dinnington,SHORT SLEEVE SHIRT NON IRON,PSSH,SB,15,23,
Junior,St Josephs Dinnington,Pull Up Shorts,PUPS,GY,8,0,
Junior,St Josephs Dinnington,4 BUTTON PINAFORE DRESS,4BPFD,GY,10,0,
Junior,St Josephs Dinnington,BIB PINAFORE DRESS,BPFD,GY,8.5,0,
Junior,St Josephs Dinnington,BOW BACK PINAFORE DRESS,BOWPFD,GY,10,0,
Junior,St Josephs Dinnington,BOX PLEATED SKIRTS,BPS,GY,7,9,
Junior,St Josephs Dinnington,BOYS PULL UP TROUSERS,BPT,GY,8,10,
Junior,Coleridge Primary,Polo Shirt (With Logo),3PP,DJ,6.75,0,
Category,Doc & Bags,BOOK BAGS,BOB,BK-PU,3,0,
Category,Doc & Bags,RETRO BAGS,RETB,RD-RY,3,0,
Category,Doc & Bags,Reebok Navy Backpack,EC5396,NB,18,0,
Category,Doc & Bags,Reebook Pink Backpack,EC5397,PI,18,0,
Category,Doc & Bags,Puma Grey Backpack,075487-36,GY,18,0,
Category,Doc & Bags,Adidas Camouflage Backpack,H34627,TB21CGY,25,0,
Category,Doc & Bags,Puma Sky Blue Backpack,076622-06,SB,18,0,
Junior,Anns Grove,Sweatshirt (With Logo),3SR,RD,8.5,0,Only for 6 Year
Junior,Fountaindale,Waterproof Fleece (NON REVERSIBLE),3JM,DR,23,0,<b style=color:#ff0000;>Made to order only. This is a Non-Exchangeable & Non-Refundable product.</b>
Junior,Fountaindale,Fleece (With Logo),3JP,DR,16,0,<b style=color:#ff0000;>Made to order only. This is a Non-Exchangeable & Non-Refundable product.</b>
Junior,Fountaindale,Polo Shirt (With Logo),3PP,SB,6.75,0,
Junior,Fountaindale,Cardigan (With Logo),3SC,DD,9,0,
Junior,Fountaindale,Sweatshirt (With Logo),3SR,DD,8.5,0,
Senior,Fountaindale - Staff Uniform,Fountaindale Staff Polo,FOD3PP,DR,10,0,<b style=color:#ff0000;>Made to order only. This is a Non-Exchangeable & Non-Refundable product.</b>
Senior,Fountaindale - Staff Uniform,Staff Reversible Coat,FOD3JM,DR,33.6,0,<b style=color:#ff0000;>Made to order only. This is a Non-Exchangeable & Non-Refundable product.</b>
Senior,Fountaindale - Staff Uniform,Fountaindale Staff Fleece,FOD3JP,DR,25,0,<b style=color:#ff0000;>Made to order only. This is a Non-Exchangeable & Non-Refundable product.</b>
Category,Seasonal,Christmas Jumpers,CTMSJ,MSD5,7,0,
Senior,Discovery Academy Upper,Waterproof Fleece (NON REVERSIBLE),3JM,NB,23,28,<b style=color:#ff0000;>Made to order only. This is a Non-Exchangeable & Non-Refundable product.</b>
Senior,Discovery Academy Upper,Fleece,3JP,NB,23,23,<b style=color:#ff0000;>Made to order only. This is a Non-Exchangeable & Non-Refundable product.</b>
Senior,Discovery Academy Upper,Cardigan,3SC,NB,9,13.5,
Senior,Discovery Academy Upper,Sweatshirt,3SR,NB,8.5,13,
Category,Jackets,PADDED PLAIN HOODED PUFFER COAT,GJKG,BK,20,0,
Category,Jackets,LONG LENGTH DIAMOND QUILTED JACKET,GJKL,BK,20,0,
Category,Jackets,BUNNYLONG JACKET,GJKB,BK,20,0,
Junior,Discovery Academy Lower,Lower School Polo,DALS3PP,SB,6.75,0,
Junior,Discovery Academy Lower,Waterproof Fleece (NON REVERSIBLE),3JM,NB,23,0,<b style=color:#ff0000;>Made to order only. This is a Non-Exchangeable & Non-Refundable product.</b>
Junior,Discovery Academy Lower,Fleece (With Logo),3JP,NB,16,0,<b style=color:#ff0000;>Made to order only. This is a Non-Exchangeable & Non-Refundable product.</b>
Junior,Discovery Academy Lower,Cardigan (With Logo),3SC,NB,9,0,
Category,Special Offers,Pack of 5 White Polo Shirts,3PP5,WHT,10,0,1 Pack include 5pcs of White Polo Shirts. The Pack will have same size of 5pcs.
Junior,Discovery Academy Lower,Sweatshirt (With Logo),3SR,NB,8.5,0,
Junior,Element Academy Junior,Gildan Hoodie (Kids),18500B,NB,12,0,
Junior,Element Academy Junior,Sweatshirt (With Logo),3SR,NB,8.5,0,
Senior,Elements Academy Senior,PE Hoodie,18500,NB,12,14,
Senior,Elements Academy Senior,Sweatshirt,3SR,GY,8.5,13,
Junior,Discovery Academy Lower,Bookbag,BB03,RY,4.5,0,
Junior,Discovery Academy Lower,Document Case,DC01,RY,9,0,
Senior,Discovery Academy Upper,Bookbag,BB03,RY,4.5,0,
Senior,Discovery Academy Upper,Document Case,DC01,RY,9,0,
Category,Shorts,GIRLS COTTON SHORTS,GCS,BK,5,6,
Junior,Abbey Lane,Document Case,DC01,BK,9,0,
Junior,Gleadless Primary,Document Case,DC01,BK,9,0,
Junior,Birley Spa Primary Academy,Document Case,DC01,RD,9,0,
Junior,Ridgeway Primary,Document Case,DC01,MRN,9,0,
Senior,Al-Mahad Al-Islami Girls School,Blazer - Girls (With Logo),1UJ,BK,25,30,
Junior,St Ann's Stocksbridge,Pinders Acrylic Jumper,APAJ,BY,14,18.5,
Category,Seasonal,Christmas Jumpers,CTMSJ,RD_RY_BT_GY,7,0,
Junior,Bramley Sunnyside Infants,Bookbag,BB03,NB,4.5,0,
Junior,Bramley Sunnyside Junior,Bookbag,BB03,RY,4.5,0,
Junior,Brinsworth Howarth Primary,Bookbag,BB03,JD,4.5,0,
Junior,Brookfield Junior Academy,Shadow Stripe Shorts,3BS,BK,2.5,0,<b style=color:#ff0000;>Made to order only. This is a Non-Exchangeable & Non-Refundable product.</b>
Junior,Listerdale Junior Academy,Shadow Stripe Shorts,3BS,BK,2.5,0,<b style=color:#ff0000;>Made to order only. This is a Non-Exchangeable & Non-Refundable product.</b>
Junior,Brinsworth Whitehill,Fleece (With Logo),3JP,DR,16,0,<b style=color:#ff0000;>Made to order only. This is a Non-Exchangeable & Non-Refundable product.</b>
Junior,Catcliffe Primary,Document Case,DC01,RY,9,0,
Junior,Coleridge Primary,Bookbag,BB03,JD,4.5,0,
Junior,East Dene Primary,Bookbag,BB03,RY,4.5,0,
Junior,Thrybergh Fullerton,Bookbag,BB03,RD,4.5,0,
Junior,Herringthorpe Infants,Shadow Stripe Shorts,3BS,BK,2.5,0,
Junior,Herringthorpe Junior,Shadow Stripe Shorts,3BS,BK,2.5,0,
Junior,Ravenfield Primary,Cardigan (With Logo),3SC,RD,9,0,
Junior,Ravenfield Primary,Bookbag,BB03,RD,4.5,0,
Junior,Rosehill and Ryecroft Primary,Bookbag,BB03,RD,4.5,0,
Junior,Whiston Worrygoose Primary,Polo Shirt (With Logo),3PP,WHT,6.75,0,
Junior,Whiston Worrygoose Primary,Bookbag,BB03,BY,4.5,0,
Junior,Waverley Junior Academy,Shadow Stripe Shorts,3BS,BK,2.5,0,<b style=color:#ff0000;>Made to order only. This is a Non-Exchangeable & Non-Refundable product.</b>
Junior,High Greave Infant,Bookbag,BB03,NB,4.5,0,
Junior,Canklow Woods Primary,Polo Shirt (With Logo),3PP,WHT,6.75,0,
Junior,Canklow Woods Primary,Bookbag,BB03,RY,4.5,0,
Junior,Whiston J and I,Bookbag,BB03,NB,4.5,0,
Junior,St Gerards Catholic Primary School,Shadow Stripe Shorts,3BS,BK,2.5,0,
Junior,Herringthorpe Infants,PE T-Shirt (With Logo),3TC,WHT,4.5,0,
Junior,Herringthorpe Junior,PE T-Shirt (With Logo),3TC,WHT,4.5,0,
Junior,Brunswick Primary,Document Case,DC01,BK,9,0,
Junior,Bradway Primary,Document Case,DC01,RY,9,0,
Junior,Eckington Camms CofE,Document Case,DC01,RD,9,0,
Junior,Emmanuel Junior,Document Case,DC01,RY,9,0,
Junior,Killamarsh Junior,Document Case,DC01,NB,9,0,
Junior,Killamarsh Infant & Nursery,Document Case,DC01,RD,9,0,
Junior,Mosborough Primary School,Document Case,DC01,NB,9,0,
Junior,Norton Free,Document Case,DC01,RY,9,0,
Junior,Rainbow Forge Academy,Document Case,DC01,NB,9,0,
Junior,Reignhead Primary,Document Case,DC01,RD,9,0,
Junior,St Giles C of E,Document Case,DC01,NB,9,0,
Junior,Woodhouse West,Document Case,DC01,MRN,9,0,
Junior,Woodlands Primary School,Document Case,DC01,BT,9,0,
Junior,Woodseats Primary,Document Case,DC01,NB,9,0,
Junior,Woodthorpe Community Primary,Document Case,DC01,NB,9,0,
Category,Seasonal,Ice Blue Snowflake Sherpa lined Hood Poncho,ICSSHER,TB21IBW,25,0,
Category,Seasonal,Red Borg Long Poncho Cream Hood Lining,RBLPONCH,RD,20,0,
Category,Seasonal,Christmas T-shirts,CTMST,MSD1_MSD2_MSD3_MSD4_MSD5,5,0,
Junior,Oasis Academy Firvale,Shadow Stripe Shorts,3BS,NB,2.5,0,
Junior,Oasis Academy Firvale,Waterproof Fleece (NON REVERSIBLE),3JM,NB,23,0,<b style=color:#ff0000;>Made to order only. This is a Non-Exchangeable & Non-Refundable product.</b>
Junior,Oasis Academy Firvale,Fleece (With Logo),3JP,NB,16,0,<b style=color:#ff0000;>Made to order only. This is a Non-Exchangeable & Non-Refundable product.</b>
Junior,Oasis Academy Firvale,Polo Shirt (With Logo),3PP,WHT,6.75,0,
Junior,Oasis Academy Firvale,Cardigan (With Logo),3SC,NB,9,0,
Junior,Oasis Academy Firvale,Sweatshirt (With Logo),3SR,NB,8.5,0,
Junior,Oasis Academy Firvale,PE T-Shirt (With Logo),3TC,WHT,4.5,0,
Junior,Oasis Academy Firvale,Bookbag,BB03,NB,4.5,0,
Junior,Oasis Academy Firvale,Document Case,DC01,NB,9,0,
Junior,Oasis Academy Firvale,"Pinders Set which includes 3TC T-Shirt, 3BS Shorts & SH5890 PE Bag",PEKIT,NB-NB-WHT,10,0,
Junior,Oasis Academy Firvale,Drawstring Bag,SH5890,NB,3,0,
Junior,Oasis Academy Firvale,PE T-Shirt  (Plain),3TC,BT,3.5,0,
Junior,Oasis Academy Firvale,PE T-Shirt  (Plain),3TC,RY,3.5,0,
Junior,Oasis Academy Firvale,PE T-Shirt  (Plain),3TC,SU,3.5,0,
Junior,Oasis Academy Firvale,PE T-Shirt  (Plain),3TC,RD,3.5,0,
Category,Seasonal,Kids Glow in Dark Sherpa Fleece.,KGDSF,CC,20,0,
Category,Seasonal,Adult Glow in Dark Sherpa Fleece.,AGDSF,CC,25,0,
Senior,Maltby Academy,Hoodie,B250,BK-TQ-Maltby,18.5,25,
Senior,Wath Academy Staff,Gildan Zip Hoodie (Adults),18600,BK,22,0,<b style=color:#ff0000;>Made to order only. This is a Non-Exchangeable & Non-Refundable product.</b><br/> Dance logo embroidered on the left and initials embroidered on the right in gold
Senior,Wath Academy Staff,PE Hoodie,18500,BK,12,14, <b style=color:#ff0000;>Made to order only. This is a Non-Exchangeable & Non-Refundable product.</b><br/>Dance logo embroidered on the left and initials embroidered on the right in gold
Senior,Wath Academy Staff,Normal Loose T Shirt,64000,BK,11,0,<b style=color:#ff0000;>Made to order only. This is a Non-Exchangeable & Non-Refundable product.</b><br/>Dance logo embroidered on the left and initials embroidered on the right in gold
Senior,Wath Academy KS5 6th Form,PE Hoodie,18500,BK,12,14,School 's 6th Form logo printed on the left chest and dance logo on the right chest
Senior,Wath Academy KS5 6th Form,Normal Loose T Shirt,64000,BK,9.5,0,School 's 6th Form logo printed on the left chest and dance logo on the right chest
Senior,Wath Academy KS5 6th Form,Fitted T shirt,64000L,BK,8.5,0,School 's 6th Form logo printed on the left chest and dance logo on the right chest
Senior,Wath Academy KS4 GCSE Students,PE Hoodie,18500,BK,12,14,School logo printed on the left chest and dance logo on the right chest
Senior,Wath Academy KS4 GCSE Students,Normal Loose T Shirt,64000,BK,9.5,0,School logo printed on the left chest and dance logo on the right chest
Senior,Wath Academy KS4 GCSE Students,Fitted T shirt,64000L,BK,8.5,0,School logo printed on the left chest and dance logo on the right chest
Senior,Rotherham College - Course Hoodies ,Gildan Zip Hoodie (Adults),18600,BK,22,0,Computing Zip Hoodie
Senior,Rotherham College - Course Hoodies ,PE Hoodie,18500,CC,12,14,
Senior,Rotherham College - Course Hoodies ,PE Hoodie,18500,BK,12,14,Computing Hoodie
Senior,Rotherham College - Course Hoodies ,PE Hoodie,18500,BK,12,14,Games & Animation Hoodie
Senior,Rotherham College - Course Hoodies ,Gildan Zip Hoodie (Adults),18600,BK,22,0,Black Games & Animation Zip Hoodie
Category,Polo Shirts & T-shirts,GREY PINDERS POLO,1PPGY,GY,12,21,
Senior,Rawmarsh Community School,Pinders Acrylic Cardigan (with stripe),PACSR,BK-WHT-RCS,15,21.5,
Senior,Rawmarsh Community School,Pinders Acrylic Jumper (with stripe),PAJSR,BK-WHT-RCS,14,20.5,
Senior,Aston Academy,100% Cotton Knitted V Neck Jumper plain,PTHINJ,BK,16,0,<b style=color:#ff0000;>Made to order only. This is a Non-Exchangeable & Non-Refundable product.</b>
Senior,Talbot Specialist School,Fleece,3JPT,PU,16,23,<b style=color:#ff0000;>Made to order only. This is a Non-Exchangeable & Non-Refundable product.</b>
Junior,St Giles C of E,"Pinders Set which includes 3TC T-Shirt, 3BS Shorts & SH5890 PE Bag",PEKIT,NB-NB-WHT,10,0,
Junior,Norbriggs Primary,Waterproof Fleece (NON REVERSIBLE),3JM,BY,23,0,<b style=color:#ff0000;>Made to order only. This is a Non-Exchangeable & Non-Refundable product.</b>
Junior,Norbriggs Primary,Fleece (With Logo),3JP,BY,16,0,<b style=color:#ff0000;>Made to order only. This is a Non-Exchangeable & Non-Refundable product.</b>
Junior,Norbriggs Primary,Polo Shirt (With Logo),3PP,BY,6.75,0,
Junior,Norbriggs Primary,Document Case,DC01,BY,9,0,
Junior,Norbriggs Primary,Shadow Stripe Shorts,3BS,BK,2.5,0,
Junior,Norbriggs Primary,PE T-Shirt  (Plain),3TC,WHT,3.5,0,
Junior,Norbriggs Primary,Drawstring Bag,SH5890,MRN,3,0,
Junior,Norbriggs Primary,Drawstring Bag,SH5890,MRN,3,0,
Junior,Highfield Farm Primary,Fleece (With Logo),3JP,BT,16,0,<b style=color:#ff0000;>Made to order only. This is a Non-Exchangeable & Non-Refundable product.</b>
Junior,Highfield Farm Primary,Polo Shirt (With Logo),3PP,BT,6.75,0,
Junior,Highfield Farm Primary,Cardigan (With Logo),3SC,BT,9,0,
Junior,Highfield Farm Primary,Sweatshirt (With Logo),3SR,BT,8.5,0,
Junior,Highfield Farm Primary,Bookbag,BB03,BT,4.5,0,
Junior,St Charles RC Primary (SWINTON-MANCHESTER),Polo Shirt (With Logo),3PP,SB,6.75,0,
Junior,St Charles RC Primary (SWINTON-MANCHESTER),Cardigan (With Logo),3SC,NB,9,0,
Junior,St Charles RC Primary (SWINTON-MANCHESTER),Sweatshirt (With Logo),3SR,NB,8.5,0,
Senior,Nature Nerds,Kids Pullover Hoodie,62043,BT,13,0,
Junior,St Charles RC Primary (SWINTON-MANCHESTER),Document Case,DC01,NB,9,0,
Senior,Chaucer School,ADULT CONTRAST COOL T-SHIRT (With Logo),JC003,RY-WHT,10.5,0,
Senior,Chaucer School,ADULT COOL SHORTS Plain ,JC080,RY,11,0,
Senior,Chaucer School,ADULT HOODIE (With Logo) ,JH001,RY,16.5,0,
Senior,Chaucer School,CONTRAST COOL T-SHIRT (With Logo),JC003,RY-WHT,7,0,
Senior,Chaucer School,COOL SHORTS Plain,JC080,RY,7.5,0,
Senior,Chaucer School,COOL HOODIE (With Logo) ,JH001,RY,13,16.5,
Senior,Nature Nerds,FOLT T-Shirt (With Logo),61036,BT,8,0,
Senior,Nature Nerds,FOLT T-shirt with logo,61033,BT,6,0,
Senior,Nature Nerds,Polo Shirt,63402,BT,10,0,
Senior,Nature Nerds,Kids Zip Hoodie,62045,BT,15,0,
Senior,Nature Nerds,Kids Polo Shirt,63417,BT,8,0,
Senior,Nature Nerds,Drawstring Bag,SH5890,BT,3,0,
Senior,Nature Nerds,Bookbag,BB03,BT,4.5,0,
Senior,Nature Nerds,Document Case,DC01,BT,9,0,
Senior,Nature Nerds,Pullover Hoodie,62208,BT,18,0,
Junior,St Charles RC Primary (SWINTON-MANCHESTER),Gildan Hoodie (Kids),18500B,PU,12,0,
Junior,St Charles RC Primary (SWINTON-MANCHESTER),Gildan Hoodie (Kids),18500B,IG,12,0,
Junior,St Charles RC Primary (SWINTON-MANCHESTER),Gildan Hoodie (Kids),18500B,BT,12,0,
Junior,St Charles RC Primary (SWINTON-MANCHESTER),BOTTLE MATE,BM18,NB,4,0,
Junior,St Charles RC Primary (SWINTON-MANCHESTER),Fancy Head Bands,NWT301,NB,3,0,
Junior,St Charles RC Primary (SWINTON-MANCHESTER),Fancy Hair Bands,NWT314,NB,3,0,
Junior,St Charles RC Primary (SWINTON-MANCHESTER),Gingham Bows ,NWT316,NB,3,0,
Junior,St Charles RC Primary (SWINTON-MANCHESTER),ECOPURE BIO BOTTLE 500ml,BWB18,NB,4,0,
Junior,St Charles RC Primary (SWINTON-MANCHESTER),Pack of 3 Hair Bow clips,NWT309,NB,3,0,
Junior,St Charles RC Primary (SWINTON-MANCHESTER),Pack of 3 Spiral Hair Bands,NWT313,NB,3,0,
Junior,St Charles RC Primary (SWINTON-MANCHESTER),Pack of 6 Tic Tak clips,NWT300,NB,3,0,
Junior,St Charles RC Primary (SWINTON-MANCHESTER),"Pack of Tic Tak, Hair bands & Headbands",NWT305,NB,5,0,
Junior,St Charles RC Primary (SWINTON-MANCHESTER),Tic Tak & assorted Hair bands pack,NWT302,NB,4,0,
Junior,St Charles RC Primary (SWINTON-MANCHESTER),Scrunchies Hair Bands,NWT307,NB,3,0,
Junior,St Charles RC Primary (SWINTON-MANCHESTER),Jogging Bottoms,64051,NB,9,10,
Junior,St Charles RC Primary (SWINTON-MANCHESTER),KIDS CHAMPION TSHIRTS,3TCK,WHT,3.5,0,
Junior,St Charles RC Primary (SWINTON-MANCHESTER),Shadow Stripe Shorts,3BS,NB,2.5,0,
Junior,St Charles RC Primary (SWINTON-MANCHESTER),Junior Backpack,JBMP12,NB,15,0,
Junior,St Charles RC Primary (SWINTON-MANCHESTER),Drawstring Bag,SH5890,NB,3,0,
Junior,St Charles RC Primary (SWINTON-MANCHESTER),Fleece (With Logo),3JP,NB,16,0,<b style=color:#ff0000;>Made to order only. This is a Non-Exchangeable & Non-Refundable product.</b>
Junior,St Charles RC Primary (SWINTON-MANCHESTER),Permanent Stick On Name Labels,NAMELABELS,Standard,5,0,
Senior,Chaucer School,CONTRAST COOL T-SHIRT (With Logo),JC003,RY-WHT,7,10.5,
Senior,Chaucer School,COOL SHORTS Plain,JC080,RY,7.5,11,<b style=color:#ff0000;>Made to order only. This is a Non-Exchangeable & Non-Refundable product.</b>
Senior,Chaucer School,COOL HOODIE (With Logo) ,JH001,RY,13,16.5,
Senior,Chaucer School,Blazer - Girls (With Logo),1UJ,RY,25,30,<b style=color:#ff0000;>Made to order only. This is a Non-Exchangeable & Non-Refundable product.</b>
Senior,Chaucer School,Blazer - Boys (With Logo),1UA,RY,25,30,<b style=color:#ff0000;>Made to order only. This is a Non-Exchangeable & Non-Refundable product.</b>
Junior,St Charles RC Primary (SWINTON-MANCHESTER),Gildan Hoodie (Kids),18500BSC,BT,14,0,<b style=color:#ff0000;>Made to order only. This is a Non-Exchangeable & Non-Refundable product.</b>
Junior,St Charles RC Primary (SWINTON-MANCHESTER),Gildan Hoodie (Kids),18500BSC,IG,14,0,<b style=color:#ff0000;>Made to order only. This is a Non-Exchangeable & Non-Refundable product.</b>
Junior,St Charles RC Primary (SWINTON-MANCHESTER),Gildan Hoodie (Kids),18500BSC,PU,14,0,<b style=color:#ff0000;>Made to order only. This is a Non-Exchangeable & Non-Refundable product.</b>
Senior,Rotherham College/University: Media Makeup,PE Hoodie,18500,BK,12,14,
Senior,Rotherham College/University: Media Makeup,Gildan Zip Hoodie (Adults),18600,BK,22,0,
Junior,Brinsworth Manor Junior ,House T-Shirts,BMJHT,SB,8.5,10.5,House Name-printed On The Back In Black and school logo on the left chest<br/><b style=color:#ff0000;>Made to order only. This is a Non-Exchangeable & Non-Refundable product.</b>
Junior,Brinsworth Manor Junior ,House T-Shirts,BMJHT,EM,8.5,10.5,House Name-printed On The Back In Black and school logo on the left chest<br/><b style=color:#ff0000;>Made to order only. This is a Non-Exchangeable & Non-Refundable product.</b>
Junior,Brinsworth Manor Junior ,House T-Shirts,BMJHT,GD,8.5,10.5,House Name-printed On The Back In Black and school logo on the left chest<br/><b style=color:#ff0000;>Made to order only. This is a Non-Exchangeable & Non-Refundable product.</b>
Junior,Brinsworth Manor Junior ,House T-Shirts,BMJHT,RY,8.5,10.5,House Name-printed On The Back In Black and school logo on the left chest<br/><b style=color:#ff0000;>Made to order only. This is a Non-Exchangeable & Non-Refundable product.</b>
Category,PE Leggings & Training Trousers,PE Falcon Girls Leggings,ZR38,NB,15.5,24.5,
Category,PE Leggings & Training Trousers,PE Encore Training Trousers,ZR35,NB,18,25,
Senior,Trinity Croft Staff Uniform,Waterproof Fleece (NON REVERSIBLE),3JM,NB,23,28,<b style=color:#ff0000;>Made to order only. This is a Non-Exchangeable & Non-Refundable product.</b>
Senior,Trinity Croft Staff Uniform,PE Hoodie,18500,NB,12,14,<b style=color:#ff0000;>Made to order only. This is a Non-Exchangeable & Non-Refundable product.</b>
Senior,Trinity Croft Staff Uniform,Gildan Zip Hoodie (Adults),18600,NB,22,0,<b style=color:#ff0000;>Made to order only. This is a Non-Exchangeable & Non-Refundable product.</b>
Senior,Trinity Croft Staff Uniform,Fleece,3JPT,NB,16,23,<b style=color:#ff0000;>Made to order only. This is a Non-Exchangeable & Non-Refundable product.</b>
Senior,Trinity Croft Staff Uniform,Polo Shirt,3PP,NB,6.75,10,<b style=color:#ff0000;>Made to order only. This is a Non-Exchangeable & Non-Refundable product.</b>
Senior,Manchester High School for Girls,Leavers Hoodies 2023,JH001M,AG_ASH_BP_BY_BO_CP_CRML_CH_DS_DB_HG_HPI_LB_MM_NUDE_PP_SY_SL_SB_TS_VM_DP_JB,24,0,School logo on the left chest and leavers 23 on the back. <br/><b>This is a Non-Exchangeable & Non-Refundable product.</b>
Junior,Roughwood Primary,Shadow Stripe Shorts,3BS,BK,2.5,0,
Junior,Roughwood Primary,PE T-Shirt  (Plain),3TC,WHT,3.5,0,
Junior,Brinsworth Manor Infant,Fleece (With Logo),3JP,RD,16,0,<b style=color:#ff0000;>Made to order only. This is a Non-Exchangeable & Non-Refundable product.</b>
Junior,St Bedes Primary,Shadow Stripe Shorts,3BS,BK,2.5,0,
Junior,St Charles RC Primary (SWINTON-MANCHESTER),Staff Fleece,S3JP,NB,23,28,<b style=color:#ff0000;>Made to order only. This is a Non-Exchangeable & Non-Refundable product.</b>
Category,Girls Trousers,GIRLS PREMIUM COMFORT FIT TROUSERS,GCFT,BK,25,0,
Category,Girls Trousers,GIRLS PULL UP TROUSERS,GPT,BK,12,0,
Category,Girls Trousers,JUNIOR GIRLS TROUSERS,JGT,BK,17,0,
Senior,Clifton Comprehensive,BOYS COMFORT FIT TROUSERS,BCFTS,BK_GY,5,0,"<b>This is a Non-Exchangeable & Non-Refundable product.</b><br/> LIMITED OFFER, ITEMS ARE AVAILABLE ON A FIRST COME FIRST SERVE BASIS* TILL STOCK LAST."
Senior,Gainsborough Academy,BOYS COMFORT FIT TROUSERS,BCFTS,BK_GY,5,0,"<b>This is a Non-Exchangeable & Non-Refundable product.</b><br/> LIMITED OFFER, ITEMS ARE AVAILABLE ON A FIRST COME FIRST SERVE BASIS* TILL STOCK LAST."
Senior,Thrybergh School & Sports College,BOYS COMFORT FIT TROUSERS,BCFTS,BK_GY,5,0,"<b>This is a Non-Exchangeable & Non-Refundable product.</b><br/> LIMITED OFFER, ITEMS ARE AVAILABLE ON A FIRST COME FIRST SERVE BASIS* TILL STOCK LAST."
Senior,Rawmarsh Community School,BOYS COMFORT FIT TROUSERS,BCFTS,BK_GY,5,0,"<b>This is a Non-Exchangeable & Non-Refundable product.</b><br/> LIMITED OFFER, ITEMS ARE AVAILABLE ON A FIRST COME FIRST SERVE BASIS* TILL STOCK LAST."
Senior,Rawmarsh Community School,BOYS LEG LENGTH TROUSERS,BLLS,BK,5,0,"<b>This is a Non-Exchangeable & Non-Refundable product.</b><br/> LIMITED OFFER, ITEMS ARE AVAILABLE ON A FIRST COME FIRST SERVE BASIS* TILL STOCK LAST."
Senior,Thrybergh School & Sports College,BOYS LEG LENGTH TROUSERS,BLLS,BK,5,0,"<b>This is a Non-Exchangeable & Non-Refundable product.</b><br/> LIMITED OFFER, ITEMS ARE AVAILABLE ON A FIRST COME FIRST SERVE BASIS* TILL STOCK LAST."
Senior,Gainsborough Academy,BOYS LEG LENGTH TROUSERS,BLLS,BK,5,0,"<b>This is a Non-Exchangeable & Non-Refundable product.</b><br/> LIMITED OFFER, ITEMS ARE AVAILABLE ON A FIRST COME FIRST SERVE BASIS* TILL STOCK LAST."
Senior,Clifton Comprehensive,BOYS LEG LENGTH TROUSERS,BLLS,BK,5,0,"<b>This is a Non-Exchangeable & Non-Refundable product.</b><br/> LIMITED OFFER, ITEMS ARE AVAILABLE ON A FIRST COME FIRST SERVE BASIS* TILL STOCK LAST."
Category,Special Offers,Pack of 5 Plain Polo Shirts,MC3PP,WHT_RD_SB_JD_GD,10,0,1 Pack include 5pcs of White or Red or Sky Blue or Jade or Gold colour Classic Polo Shirts. The Pack will have 5pcs of same size and same colour Polo Shirts.
Junior,Greasbrough Primary,Waterproof Fleece (NON REVERSIBLE),3JM,BT,23,0,<b style=color:#ff0000;>Made to order only. This is a Non-Exchangeable & Non-Refundable product.</b>
Senior,HALLAM DIOCESE,Zip up Hoodie,JH050,SY,22.8,0,<b style=color:#ff0000;>Made to order only. This is a Non-Exchangeable & Non-Refundable product.</b>
Senior,HALLAM DIOCESE,ADULT HOODIE (With Logo) ,JH001,SY,16.5,0,<b style=color:#ff0000;>Made to order only. This is a Non-Exchangeable & Non-Refundable product.</b>
Senior,HALLAM DIOCESE,ADULT HOODIE (With Logo),JH001,SY,16.5,19.5,<b style=color:#ff0000;>Made to order only. This is a Non-Exchangeable & Non-Refundable product.</b>
Senior,Clifton Comprehensive,STRAIGHT SKIRTS,STRSKTS,BK,14,16,
Senior,Clifton Comprehensive,Pinders Premium Straight Skirts,PPLS,BK,16,18,
Senior,Clifton Comprehensive,GIRLS SLIM FIT HIGH RISE TROUSERS,OBGTH,BK,14,0,
Senior,Clifton Comprehensive,Pinders Premium Girls Trouser,PPGT,BK,18,24,
Senior,Clifton Comprehensive,LADIES SLIM FIT HIGH RISE TROUSERS,OBLTH,BK,15,17,
Senior,Clifton Comprehensive,LADIES COMFORT FIT TROUSERS,LSFT,BK,18,0,
Senior,Clifton Comprehensive,GIRLS HEART TROUSERS,GHT,BK,12,15,
Senior,Clifton Comprehensive,GIRLS COMFORT FIT TROUSERS,GSFT,BK,15,16,
Senior,Clifton Comprehensive,BOYS COMFORT FIT TROUSERS,BCFT,BK,14,24,
Senior,Clifton Comprehensive,BOYS COMFORT FIT TROUSERS LONG,BCFTL,BK,16,26,
Senior,Clifton Comprehensive,BOYS LEG LENGTH TROUSERS,BLL,BK,11,14,
Senior,Clifton Comprehensive,BOYS PULL UP TROUSERS,BPT,BK,8,10,
Senior,Clifton Comprehensive,BOYS SLIM FIT TROUSERS,BSF,BK,14,17,
Senior,Clifton Comprehensive,MENS SLIM FIT TROUSERS,MSF,BK,18,20,
Senior,Clifton Comprehensive,MENS REGULAR FIT TROUSERS,RFT,BK,22,25,
Senior,Clifton Comprehensive,MENS REGULAR FIT TROUSERS  EXTRA LONG LEG 35 INCH,RFTXL,BK,25,28,
Senior,Thrybergh School & Sports College,BOYS COMFORT FIT TROUSERS LONG,BCFTL,BK,16,26,
Senior,Thrybergh School & Sports College,BOYS LEG LENGTH TROUSERS,BLL,BK,11,14,
Senior,Thrybergh School & Sports College,BOYS PULL UP TROUSERS,BPT,BK,8,10,
Senior,Thrybergh School & Sports College,BOYS SLIM FIT TROUSERS,BSF,BK,14,17,
Senior,Thrybergh School & Sports College,GIRLS HEART TROUSERS,GHT,BK,12,15,
Senior,Thrybergh School & Sports College,LADIES COMFORT FIT TROUSERS,LSFT,BK,18,0,
Senior,Thrybergh School & Sports College,MENS SLIM FIT TROUSERS,MSF,BK,18,20,
Senior,Thrybergh School & Sports College,GIRLS SLIM FIT HIGH RISE TROUSERS,OBGTH,BK,14,0,
Senior,Thrybergh School & Sports College,LADIES SLIM FIT HIGH RISE TROUSERS,OBLTH,BK,15,17,
Senior,Thrybergh School & Sports College,Pinders Premium Girls Trouser,PPGT,BK,18,24,
Senior,Thrybergh School & Sports College,Pinders Premium Straight Skirts,PPLS,BK,16,18,
Senior,Thrybergh School & Sports College,MENS REGULAR FIT TROUSERS,RFT,BK,22,25,
Senior,Thrybergh School & Sports College,MENS REGULAR FIT TROUSERS  EXTRA LONG LEG 35 INCH,RFTXL,BK,25,28,
Senior,Thrybergh School & Sports College,STRAIGHT SKIRTS,STRSKTS,BK,14,16,
Senior,Thrybergh School & Sports College,BOYS COMFORT FIT TROUSERS,BCFTS,BK,5,0,
Senior,Gainsborough Academy,BOYS COMFORT FIT TROUSERS,BCFT,BK,14,24,
Senior,Gainsborough Academy,BOYS COMFORT FIT TROUSERS LONG,BCFTL,BK,16,26,
Senior,Gainsborough Academy,BOYS PULL UP TROUSERS,BPT,BK,8,10,
Senior,Gainsborough Academy,BOYS SLIM FIT TROUSERS,BSF,BK,14,17,
Senior,Gainsborough Academy,GIRLS HEART TROUSERS,GHT,BK,12,15,
Senior,Gainsborough Academy,GIRLS COMFORT FIT TROUSERS,GSFT,BK,15,16,
Senior,Gainsborough Academy,LADIES COMFORT FIT TROUSERS,LSFT,BK,18,0,
Senior,Gainsborough Academy,MENS SLIM FIT TROUSERS,MSF,BK,18,20,
Senior,Gainsborough Academy,GIRLS SLIM FIT HIGH RISE TROUSERS,OBGTH,BK,14,0,
Senior,Gainsborough Academy,LADIES SLIM FIT HIGH RISE TROUSERS,OBLTH,BK,15,17,
Senior,Gainsborough Academy,Pinders Premium Girls Trouser,PPGT,BK,18,24,
Senior,Gainsborough Academy,Pinders Premium Straight Skirts,PPLS,BK,16,18,
Senior,Gainsborough Academy,MENS REGULAR FIT TROUSERS,RFT,BK,22,25,
Senior,Gainsborough Academy,MENS REGULAR FIT TROUSERS  EXTRA LONG LEG 35 INCH,RFTXL,BK,25,28,
Senior,Gainsborough Academy,STRAIGHT SKIRTS,STRSKTS,BK,14,16,
Senior,Rawmarsh Community School,BOYS COMFORT FIT TROUSERS,BCFT,BK,14,24,
Senior,Rawmarsh Community School,BOYS COMFORT FIT TROUSERS LONG,BCFTL,BK,16,26,
Senior,Rawmarsh Community School,BOYS LEG LENGTH TROUSERS,BLL,BK,11,14,
Senior,Rawmarsh Community School,BOYS PULL UP TROUSERS,BPT,BK,8,10,
Senior,Rawmarsh Community School,BOYS SLIM FIT TROUSERS,BSF,BK,14,17,
Senior,Rawmarsh Community School,GIRLS HEART TROUSERS,GHT,BK,12,15,
Senior,Rawmarsh Community School,GIRLS COMFORT FIT TROUSERS,GSFT,BK,15,16,
Senior,Rawmarsh Community School,LADIES COMFORT FIT TROUSERS,LSFT,BK,18,0,
Senior,Rawmarsh Community School,MENS SLIM FIT TROUSERS,MSF,BK,18,20,
Senior,Rawmarsh Community School,GIRLS SLIM FIT HIGH RISE TROUSERS,OBGTH,BK,14,0,
Senior,Rawmarsh Community School,LADIES SLIM FIT HIGH RISE TROUSERS,OBLTH,BK,15,17,
Senior,Rawmarsh Community School,Pinders Premium Girls Trouser,PPGT,BK,18,24,
Senior,Rawmarsh Community School,Pinders Premium Straight Skirts,PPLS,BK,16,18,
Senior,Rawmarsh Community School,MENS REGULAR FIT TROUSERS,RFT,BK,22,25,
Senior,Rawmarsh Community School,MENS REGULAR FIT TROUSERS  EXTRA LONG LEG 35 INCH,RFTXL,BK,25,28,
Senior,Rawmarsh Community School,STRAIGHT SKIRTS,STRSKTS,BK,14,16,
Senior,Wickersley School & Sports College,BOYS COMFORT FIT TROUSERS LONG,BCFTL,BK,16,26,
Senior,Wickersley School & Sports College,BOYS PULL UP TROUSERS,BPT,BK,8,10,
Senior,Wickersley School & Sports College,GIRLS HEART TROUSERS,GHT,BK,12,15,
Senior,Wickersley School & Sports College,Pinders Premium Girls Trouser,PPGT,BK,18,24,
Senior,Wickersley School & Sports College,Pinders Premium Straight Skirts,PPLS,BK,16,18,
Senior,Wickersley School & Sports College,MENS REGULAR FIT TROUSERS,RFT,BK,22,25,
Senior,Wickersley School & Sports College,MENS REGULAR FIT TROUSERS  EXTRA LONG LEG 35 INCH,RFTXL,BK,25,28,
Senior,HALLAM DIOCESE,Zip up Zoodie,JH050,SY,20,0,<b style=color:#ff0000;>Made to order only. This is a Non-Exchangeable & Non-Refundable product.</b>
Junior,Oasis Academy Don Valley Junior,"Pinders Set which includes 3TC T-Shirt, 3BS Shorts & SH5890 PE Bag",PEKIT,WHT-BK-BK,10,0,
Senior,Maltby Academy,Spirit Hoodie,B550,BK-TQ-Maltby,18.5,25,
Senior,Rawmarsh Community School,Falcon Girls Leggings (With logo),ZR38S,BK,10,0,
Senior,Rawmarsh Community School,PE Encore Training Trousers (With logo),ZR35S,BK,10,0,"<b>This is a Non-Exchangeable & Non-Refundable product.</b><br/> LIMITED OFFER, ITEMS ARE AVAILABLE ON A FIRST COME FIRST SERVE BASIS* TILL STOCK LAST."
Junior,St Josephs Dinnington,Leavers Hoodies 2024,18500LH,RY,16,22,<b>This is a Non-Exchangeable & Non-Refundable product. This product has NO School Delivery</b>
Senior,Clifton Comprehensive,Honeycomb Shorts (with Logo),1BU,BK-WL,8.5,0,
Senior,Clifton Comprehensive,PE Hoodie,18500,BY,12,14,
Senior,Clifton Comprehensive,Unisex PE T-Shirt,G910,MRN-BK-WHT,15,18,
Senior,Rawmarsh Community School,Spirit 1/4 Zip Top,B250,BK-WHT-GD-RCS,10,0,<b>This uniform will not be allowed for September 2025</b>
Senior,Rawmarsh Community School,Spirit Hoodie,B550,BK-WHT-GD-RCS,10,0,<b>This uniform will not be allowed for September 2025</b>
Senior,Rawmarsh Community School,Polo Shirt,G920,BK-WHT-GD-RCS,14,17,
Senior,Rawmarsh Community School,Spirit Shorts,P231,BK-WHT-GD-RCS,11,13.5,
Senior,Rawmarsh Community School,Falcon Girls Leggings (With logo),ZR38,BK,10,0,
Senior,Thrybergh School & Sports College,Honeycomb Shorts (with Logo),1BU,BK,5,0,
Senior,Thrybergh School & Sports College,Spirit 1/4 Zip Top,B250,BK-PU-WHT,10,0,
Senior,Thrybergh School & Sports College,Spirit Hoodie,B550,BK-PU-WHT,10,0,
Senior,Thrybergh School & Sports College,Encore Unisex Polo,ZR20,BK-PUR,10,0,
Senior,Wickersley School & Sports College,Honeycomb Shorts (with Logo),1BU,BK,8.5,0,
Senior,Wickersley School & Sports College,Encore Hoodie,ZR40,BK-YW-WHT,22.5,29,
Senior,Chaucer School,Clip on Tie,CTIE,NB-SB,6.5,0,<b style=color:#ff0000;>Made to order only. This is a Non-Exchangeable & Non-Refundable product.</b>
Junior,New Whittington Primary,VELCRO PUMPS,VP,BK,4.5,0,
Junior,New Whittington Primary,Shadow Stripe Shorts,3BS,BK,2.5,0,
Junior,New Whittington Primary,Shadow Stripe Shorts,3BS,NB,2.5,0,
Junior,New Whittington Primary,KIDS CHAMPION TSHIRTS,3TCK,WHT,3.5,0,
Junior,New Whittington Primary,Junior Hoodie (With Logo),18500BPL,BK,12,0,
Junior,New Whittington Primary,Bookbag,BB03,RY,4.5,0,
Junior,New Whittington Primary,Junior Hoodie (With Logo),18500BPL,NB,12,0,
Junior,New Whittington Primary,GIRLS COMFORT FIT TROUSERS,GSFT,BK,15,16,
Junior,New Whittington Primary,GIRLS HEART TROUSERS,GHT,BK,12,15,
Junior,New Whittington Primary,GIRLS REGULAR FIT TROUSERS,GRFT,BK,14,0,
Junior,New Whittington Primary,GIRLS SLIM FIT HIGH RISE TROUSERS,OBGTH,BK,14,0,
Junior,New Whittington Primary,BOX PLEATED SKIRTS,BPS,BK,7,9,
Junior,New Whittington Primary,Pinders Premium Straight Skirts,PPLS,BK,16,18,
Junior,New Whittington Primary,KIDS CHAMPION TSHIRTS,3TCK,WHT,3.5,0,
Junior,Oasis Academy Firvale,Gildan Hoodie (Kids),18500B,NB,12,0,
Junior,Nether Edge Primary and Nursery School,Waterproof Fleece (NON REVERSIBLE),3JM,NB,23,0,<b style=color:#ff0000;>Made to order only. This is a Non-Exchangeable & Non-Refundable product.</b>
Junior,Nether Edge Primary and Nursery School,Fleece (With Logo),3JP,NB,16,0,<b style=color:#ff0000;>Made to order only. This is a Non-Exchangeable & Non-Refundable product.</b>
Junior,Nether Edge Primary and Nursery School,Cardigan (With Logo),3SC,NB,9,0,
Junior,Nether Edge Primary and Nursery School,Sweatshirt (With Logo),3SR,NB,8.5,0,
Junior,Nether Edge Primary and Nursery School,Polo Shirt (With Logo),3PP,NB,6.75,0,
Junior,Nether Edge Primary and Nursery School,Bookbag,BB03,NB,4.5,0,
Junior,Nether Edge Primary and Nursery School,Polo Shirt (With Logo),3PP,WHT,6.75,0,
Senior,Westfield School,Polo Shirt,3PP,BK,6.75,10,
Senior,Westfield School,Sweatshirt,3SR,BK,8.5,13,
Senior,Westfield School,Polo Shirt,3PP,WHT,6.75,10,
Junior,Woodthorpe Primary School,Document Case,DC01,NB,9,0,
Junior,Woodthorpe Primary School,Drawstring Bag,SH5890,NB,3,0,
Junior,Woodthorpe Primary School,Front and Back Print PE T-Shirt,LV242,NB-RY-WHT,10,0,
Junior,Woodthorpe Community Primary,Front and Back Print PE T-Shirt,LV242,NB-RY-WHT,10,0,
Junior,Woodthorpe Community Primary,Drawstring Bag,SH5890,NB,3,0,
Senior,Gainsborough Academy,Pinders Acrylic Jumper (with stripe),PAJSG,BK-PU-Gainsborough,14,20.5,"<b>This is a Non-Exchangeable & Non-Refundable product.</b><br/> LIMITED OFFER, ITEMS ARE AVAILABLE ON A FIRST COME FIRST SERVE BASIS* TILL STOCK LAST."
Senior,Newfield School,Honeycomb Shorts (with Logo),1BU,BK-WL,8.5,0,
Junior,Norton Free,PE Hoodie (With Logo & Print),RBH18500,RY,16.5,23.5,<b>This is a Non-Exchangeable & Non-Refundable product.</b><br/>ROYAL HOODIES WITH SCHOOL LOGO LEFT CHEST AND INITIAL PRINTED ON RIGHT CHEST(IN YELLOW) TEAM NORTON IN YELLOW ON THE BACK
Junior,Aughton Junior Academy,Black Blazer For Boys (With Logo),PEB,BK,27.5,35,<b style=color:#ff0000;>Made to order only. This is a Non-Exchangeable & Non-Refundable product.</b>
Junior,Aughton Junior Academy,Black Blazer For Girls (With Logo),PEG,BK,27.5,35,<b style=color:#ff0000;>Made to order only. This is a Non-Exchangeable & Non-Refundable product.</b>
Junior,Brookfield Junior Academy,Black Blazer For Boys (With Logo),PEB,BK,27.5,35,<b style=color:#ff0000;>Made to order only. This is a Non-Exchangeable & Non-Refundable product.</b>
Junior,Brookfield Junior Academy,Black Blazer For Girls (With Logo),PEG,BK,27.5,35,<b style=color:#ff0000;>Made to order only. This is a Non-Exchangeable & Non-Refundable product.</b>
Junior,Listerdale Junior Academy,Black Blazer For Boys (With Logo),PEB,BK,27.5,35,<b style=color:#ff0000;>Made to order only. This is a Non-Exchangeable & Non-Refundable product.</b>
Junior,Listerdale Junior Academy,Black Blazer For Girls (With Logo),PEG,BK,27.5,35,<b style=color:#ff0000;>Made to order only. This is a Non-Exchangeable & Non-Refundable product.</b>
Junior,Lowedges Junior Academy,Black Blazer For Boys (With Logo),PEB,BK,27.5,35,<b style=color:#ff0000;>Made to order only. This is a Non-Exchangeable & Non-Refundable product.</b>
Junior,Lowedges Junior Academy,Black Blazer For Girls (With Logo),PEG,BK,27.5,35,<b style=color:#ff0000;>Made to order only. This is a Non-Exchangeable & Non-Refundable product.</b>
Junior,Springwood Junior Academy,Black Blazer For Boys (With Logo),PEB,BK,27.5,35,<b style=color:#ff0000;>Made to order only. This is a Non-Exchangeable & Non-Refundable product.</b>
Junior,Springwood Junior Academy,Black Blazer For Girls (With Logo),PEG,BK,27.5,35,<b style=color:#ff0000;>Made to order only. This is a Non-Exchangeable & Non-Refundable product.</b>
Junior,Thurcroft Junior Academy,Black Blazer For Boys (With Logo),PEB,BK,27.5,35,<b style=color:#ff0000;>Made to order only. This is a Non-Exchangeable & Non-Refundable product.</b>
Junior,Thurcroft Junior Academy,Black Blazer For Girls (With Logo),PEG,BK,27.5,35,<b style=color:#ff0000;>Made to order only. This is a Non-Exchangeable & Non-Refundable product.</b>
Junior,Woodthorpe Community Primary,Gildan Hoodie (Kids),18500B,Woodthorpe,12,0,
Senior,Tapton,Uneek Fleece with Logo,UC604NEW,BK,16,0,<b style=color:#ff0000;>Made to order only. This is a Non-Exchangeable & Non-Refundable product.</b>
Category,PE Leggings & Training Trousers,My Jogger,MYJ,BK_NB,8,0,
Senior,Springwell Community College,Pinders Premium Straight Skirts,PPLS,BK,16,18,
Junior,Stocksbridge Junior,Polo Shirt (With Logo),3PP,NB,6.75,0,
Junior,Stocksbridge Junior,Polo Shirt (With Logo),3PP,NB,6.75,0,
Junior,Willow Park School,Sweatshirt (With Logo),3SRA,BK,8.5,18.5,
Senior,Wath Academy,Panelled Rain Jacket,T008,BK,25,35,<b style=color:#ff0000;>Made to order only. This is a Non-Exchangeable & Non-Refundable product.</b>
Junior,City Road Community Childcare,Cardigan (With Logo),3SC,NB,9,0,<b style=color:#ff0000;>Made to order only. This is a Non-Exchangeable & Non-Refundable product.</b>
Junior,City Road Community Childcare,Sweatshirt (With Logo),3SR,NB,8.5,0,<b style=color:#ff0000;>Made to order only. This is a Non-Exchangeable & Non-Refundable product.</b>
Junior,City Road Community Childcare,Fleece (With Logo),3JP,NB,16,0,<b style=color:#ff0000;>Made to order only. This is a Non-Exchangeable & Non-Refundable product.</b>
Junior,City Road Community Childcare,Polo Shirt (With Logo),3PP,NB,6.75,0,<b style=color:#ff0000;>Made to order only. This is a Non-Exchangeable & Non-Refundable product.</b>
Junior,City Road Community Childcare,Drawstring Bag,SH5890,NB,3,0,
Senior,Chaucer School,T-Shirt,JC001,RY,5,7,<b style=color:#ff0000;>Made to order only. This is a Non-Exchangeable & Non-Refundable product.</b>
Senior,Westfield School,100% Cotton Knitted V Neck Jumper (With Logo),PTHINJSALE,BK,5,0,"<b>This is a Non-Exchangeable & Non-Refundable product.</b><br/> LIMITED OFFER, ITEMS ARE AVAILABLE ON A FIRST COME FIRST SERVE BASIS* TILL STOCK LAST."
Senior,Wickersley School & Sports College,Pinders Premium Straight Skirts,PPLS,BK,16,18,
Senior,St Pius Catholic High School,Pinders Premium Straight Skirts,PPLS,BK,17,19,<b style=color:#ff0000;>Made to order only. This is a Non-Exchangeable & Non-Refundable product.</b>
Junior,Milton school,Fleece (With Logo),3JP,NB,16,0,
Junior,Halfway Infant & Nursery,Fleece (With Logo),3JP,DR,16,0,<b style=color:#ff0000;>Made to order only. This is a Non-Exchangeable & Non-Refundable product.</b>
Junior,Milton school,Sweatshirt (With Logo),3SR,NB,8.5,0,
Junior,Milton school,Sweatshirt (With Logo),3SRA,NB,8.5,18.5,
Junior,Milton school,Fleece,3JPA,NB,16,23,<b style=color:#ff0000;>Made to order only. This is a Non-Exchangeable & Non-Refundable product.</b>
Junior,Willow Park School,Cardigan,3SCA,BK,9,13.5,
Junior,Willow Park School,Polo Shirt,3PPA,BK,6.75,10,
Junior,Willow Park School,PE T-Shirt (With Logo),3TCA,BK,4.5,0,
Junior,Willow Park School,Polo Shirt (With Logo),3PP,BK,6.75,0,
Junior,Willow Park School,Cardigan (With Logo),3SC,BK,9,0,
Junior,Willow Park School,Sweatshirt (With Logo),3SR,BK,8.5,0,
Junior,Willow Park School,PE T-Shirt (With Logo),3TC,BK,4.5,0,
Senior,Willow Park School - Staff Uniform,Willow Park Polo,HERI3PP,NB,10,0,<b style=color:#ff0000;>Made to order only. This is a Non-Exchangeable & Non-Refundable product.</b>
Senior,Willow Park School - Staff Uniform,Fleece,HERI3JP,NB,24,30,<b style=color:#ff0000;>Made to order only. This is a Non-Exchangeable & Non-Refundable product.</b>
Senior,Willow Park School - Staff Uniform,PE Hoodie,HERI18500,NB,14,0,<b style=color:#ff0000;>Made to order only. This is a Non-Exchangeable & Non-Refundable product.</b>
Junior,Willow Park School, Polo Shirt,HERI3PP,BK,6.75,10,<b style=color:#ff0000;>Made to order only. This is a Non-Exchangeable & Non-Refundable product.</b>
Junior,Willow Park School,Cardigan,HERI3SC,BK,9,13.5,<b style=color:#ff0000;>Made to order only. This is a Non-Exchangeable & Non-Refundable product.</b>
Junior,Willow Park School,PE T-Shirt (With Logo),HERI3TC,BK,4.5,6.75,<b style=color:#ff0000;>Made to order only. This is a Non-Exchangeable & Non-Refundable product.</b>
Junior,Willow Park School,Sweatshirt,HERI3SR,BK,8.5,13,<b style=color:#ff0000;>Made to order only. This is a Non-Exchangeable & Non-Refundable product.</b>
Junior,Willow Park School,Clip on Tie,CTIE,PARK,6.5,0,
Category,Health Care,Onna by Premier Limitless Onna-Stretch Tunic,NN200,BK,25,28,
Category,Health Care,Onna by Premier Ladies Limitless Onna-Stretch Tunic,NN300,BK,25,28,
Category,Health Care,Onna by Premier Unstoppable Fresh Underscrub Base Layer,NN270,WHT,20,0,
Category,Health Care,Onna by Premier Ladies Unstoppable Fresh Underscrub Base Layer,NN370,WHT,18,0,
Category,Health Care,Onna by Premier Ladies Invincible Onna-Stretch Tunic,NN310,DP,26.5,29.5,
Category,Health Care,Onna by Premier Relentless Onna-Stretch Cargo Trousers,NN500,GY,35,39,
Category,Health Care,Onna by Premier Ladies Relentless Onna-Stretch Cargo Trousers,NN600,DP,35,39,
Category,Health Care,Onna by Premier Ladies Energized Onna-Stretch Joggers,NN610,SB,35,39,
Senior,King Ecgbert,ECOPURE BIO BOTTLE 500ml,BWB18,BK,4,0,
Senior,King Ecgbert,ABAYA,ABA,BK,16,22,
Senior,Rotherham College - Course Hoodies ,PE Hoodie,18500,NB,12,14,
Senior,Rotherham College - Course Hoodies ,Gildan Zip Hoodie (Adults),18600,NB,22,0,
Senior,Handsworth Grange,Embroidered logo Polo Shirt,3PPHG,DR,7.75,11,<b style=color:#ff0000;>Made to order only. This is a Non-Exchangeable & Non-Refundable product.</b>
Senior,Rotherham College - Course Hoodies ,Gildan Zip Hoodie (Adults),18600R,BK,24,0,Black Music Technology Zip Hoodie
Senior,Rotherham College - Course Hoodies ,Gildan Zip Hoodie (Adults),18600R,NB,24,0,Graphics Zip Hoodie
Senior,Rotherham College - Course Hoodies ,Gildan Zip Hoodie (Adults),18600R,BK,24,0,Black Games & Animation Zip Hoodie
Senior,Rotherham College - Course Hoodies ,Gildan Zip Hoodie (Adults),18600R,BK,24,0,Music Performance Zip Hoodie
Senior,Rotherham College - Course Hoodies ,Gildan Zip Hoodie (Adults),18600R,BK,24,0,Fashion Zip Hoodie
Senior,Rotherham College - Course Hoodies ,Gildan Zip Hoodie (Adults),18600R,BK,24,0,Art & Design Zip Hoodie
Senior,Rotherham College - Course Hoodies ,Gildan Zip Hoodie (Adults),18600R,NB,24,0,Photography Zip Hoodie
Senior,Rotherham College - Course Hoodies ,Gildan Zip Hoodie (Adults),18600R,BK,24,0,Computing Zip Hoodie
Senior,Rotherham College - Course Hoodies ,Gildan Zip Hoodie (Adults),18600R,BK,24,0,Performing Arts Zip Hoodie
Senior,Rotherham College - Course Hoodies ,Gildan Zip Hoodie (Adults),18600R,NB,24,0,Media Zip Hoodie
Senior,Rotherham College - Course Hoodies ,Gildan Zip Hoodie (Adults),18600R,NB,24,0,
Senior,Rotherham College - Course Hoodies ,Pullover Hoodie,18500R,BK,18.5,0,Art & Design Hoodie
Senior,Rotherham College - Course Hoodies ,Pullover Hoodie,18500R,NB,18.5,0,Photography Hoodie
Senior,Rotherham College - Course Hoodies ,Pullover Hoodie,18500R,NB,18.5,0,Media Hoodie
Senior,Rotherham College - Course Hoodies ,Pullover Hoodie,18500R,BK,18.5,0,Performing Arts Hoodie
Senior,Rotherham College - Course Hoodies ,Pullover Hoodie,18500R,NB,18.5,0,
Senior,Rotherham College - Course Hoodies ,Pullover Hoodie,18500R,NB,18.5,0,Graphics Hoodie
Senior,Rotherham College - Course Hoodies ,Pullover Hoodie,18500R,BK,18.5,0,Music Technology Hoodie
Senior,Rotherham College - Course Hoodies ,Pullover Hoodie,18500R,BK,18.5,0,Games & Animation Hoodie
Senior,Rotherham College - Course Hoodies ,Pullover Hoodie,18500R,BK,18.5,0,Computing Hoodie
Senior,Rotherham College - Course Hoodies ,Pullover Hoodie,18500R,BK,18.5,0,Fashion Hoodie
Senior,Rotherham College - Course Hoodies ,Pullover Hoodie,18500R,BK,18.5,0,Music Performance Hoodie
Junior,Greasbrough Primary,Fleece (With Logo),3JP,BT,16,0,<b style=color:#ff0000;>Made to order only. This is a Non-Exchangeable & Non-Refundable product.</b>
Senior,Rotherham College Hair Dressing,Pullover Hoodie,18500R,BK,18.5,0,Trainee Hairdresser Hoodies
Senior,Rotherham College Hair Dressing,Gildan Zip Hoodie (Adults),18600R,BK,24,0,Trainee Hairdresser Hoodies
Senior,Rotherham College/University: Media Makeup,Pullover Hoodie,18500R,BK,18.5,0,
Senior,Rotherham College/University: Media Makeup,Gildan Zip Hoodie (Adults),18600R,BK,24,0,
Senior,Chaucer School,COOL HOODIE (With Logo),JH001HOODIE,RY,14,16.5,<b style=color:#ff0000;>Made to order only. This is a Non-Exchangeable & Non-Refundable product.</b>
Category,Plain Garments,New Fleece,3JP,NB_BK_RD_DR_BY_BT,16,23,<b style=color:#ff0000;>Made to order only. This is a Non-Exchangeable & Non-Refundable product.</b>
Senior,Rotherham College - Course Hoodies ,Pullover Hoodie,18500R,NB,19,0,Navy Aviation Pullover Hoodie
Senior,Rotherham College - Course Hoodies ,Gildan Zip Hoodie (Adults),18600R,NB,24,0,
Senior,Rotherham College - Course Hoodies ,Pullover Hoodie,18500R,NB,18.5,0,
Senior,Rotherham College - Course Hoodies ,Gildan Zip Hoodie (Adults),18600R,NB,24,0,
Junior,Holyfamily School (SALFORD),Cardigan (With Logo),3SC,RY,9,0,
Junior,Holyfamily School (SALFORD),Sweatshirt (With Logo),3SR,RY,8.5,0,
Junior,Holyfamily School (SALFORD),Polo Shirt (With Logo),3PP,WHT,6.75,0,
Junior,Holyfamily School (SALFORD),Bookbag,BB03,RY,4.5,0,
Junior,Holyfamily School (SALFORD),Document Case,DC01,RY,9,0,
Junior,Holyfamily School (SALFORD),Hoodie With Logo,JH01J,RY,13,16.5,THIS WILL COME WITH SCHOOL LOGO FRONT AND LEAVERS 24 PRINTED AT BACK
Junior,Holyfamily School (SALFORD),KIDS CHAMPION TSHIRTS,3TCK,RY,3.5,0,THIS WILL COME WITH SCHOOL LOGO FRONT AND LEAVERS 24 PRINTED AT BACK
Junior,Lacewood Primary School,Fleece (With Logo),3JP,BT,16,0,<b style=color:#ff0000;>Made to order only. This is a Non-Exchangeable & Non-Refundable product.</b>
Senior,Rotherham College - Course Hoodies ,Gildan Zip Hoodie (Adults),18600,BK,22,0,Media Gildan Zip Hoodie
Senior,Rotherham College - Course Hoodies ,Gildan Zip Hoodie (Adults),18600R,BK,24,0,Media and Photography Zip Up Hoodie
Senior,Rotherham College - Course Hoodies ,Gildan Zip Hoodie (Adults),18600,BK,22,0,Photography Gildan Zip Hoodie
Senior,Rotherham College - Course Hoodies ,Gildan Zip Hoodie (Adults),18600R,BK,24,0,Photography Gildan Zip Hoodie
Junior,Milton school,Polo Shirt (With Logo),3PP,SB,6.75,0,
Senior,Rotherham College - Course Hoodies ,Pullover Hoodie,18500R,BK,18.5,0,
Junior,Milton school,Polo Shirt,3PPSS,SB,6.75,10,
Junior,Milton school,Polo Shirt (With Logo),3PP,SB,6.75,0,
Senior,Discovery Academy Upper,Bookbag,BB03,NB,4.5,0,
Senior,Rotherham College - Course Hoodies ,Pullover Hoodie,18500R,BK,19,0,Media and Photography Pullover Hoodie
Category,Shorts,Kids Cool Shorts,JC080B,CC,6.75,0,Sizes: 3-4 - 12-13 | Material: 100% polyester.  | Weight: 140 gsm
Category,Shorts,ADULT COOL SHORTS Plain ,JC080,CC,11,0,
Category,Shorts,Cool Mesh Lined Shorts,JC080,CC,10,0,Sizes: S - XXL | Material: 100% polyester. | Weight: 140 gsm
Category,Polo Shirts & T-shirts,Cool T-Shirt ,JC001,CC,5.5,0,Sizes: S - 2XL | Material: 100% polyester. | Weight: 140 gsm
Category,Polo Shirts & T-shirts,Kids Cool T-Shirt,JC001B,CC,3.75,0,Sizes: 3-4 to 12-13 | Material: 100% polyester. | Weight: 140 gsm
Category,Hoodies,Zip up Zoodie,JH050,CC,20,0,
Category,Hoodies,Kids Zoodie,JH050B,CC,15,0,Sizes: 3-4 to 12-13 | Material: 80% ringspun cotton/20% polyester.* | Weight: 280 gsm
Category,Workwear,Pro RTX Pro Piqué Polo Shirt ,RX101,CC,6,0,
Category,Workwear,Pro RTX Pro T-Shirt,RX151,CC,5.5,0,
Category,Workwear,Pro RTX Pro Sweatshirt,RX301,CC,11.5,0,
Category,Workwear,Pro RTX Pro Hoodie,RX350,CC,15,0,
Category,Workwear,Pro RTX Pro Fleece Jacket ,RX402,CC,19.5,0,
Category,Workwear,Pro RTX High Visibility Waistcoat,RX700,CC,6,0,
Category,Workwear,Pro RTX Pro Workwear Cargo Trousers,RX600,CC,22,0,All sizes with Length 31
Category,Waterproof,Result Core Kids Waterproof Rain Suit,RS225B,CC,10.5,0,
Senior,Gainsborough Academy,100% Cotton Knitted V Neck Jumper (With Logo),PTHINJSALE,BK-Gainborough,5,0,"<b>This is a Non-Exchangeable & Non-Refundable product.</b><br/> LIMITED OFFER, ITEMS ARE AVAILABLE ON A FIRST COME FIRST SERVE BASIS* TILL STOCK LAST."
Junior,St Mary's Catholic Primary School Herringthorpe,PE 1/4 Zip Top with logo,408005,BK,16,0,
Junior,St Thomas of Canterbury Primary,Polo Shirt (With Logo),3PP,RD,6.75,0,
Junior,The Willows,Polo Shirt,3PPA,WHT,6.75,10,
Category,ExtraProducts,SHADOW STRIPE SHORTS,KASSS,BK_NB_RD_RY_BT_MRN_WHT,2.5,3.5,
Junior,The Willows,Sweatshirt (With Logo),3SRA,BK,8.5,18.5,
Senior,Bradfield School,T-Shirt,JC001,NB,5,7,<b style=color:#ff0000;>Made to order only. This is a Non-Exchangeable & Non-Refundable product.</b>
Category,Hoodies,College Hoodie,JH001,CC,16.5,19.5,
Category,Hoodies,Kids Hoodie,JH001B,CC,12,0,
Senior,Wickersley School & Sports College,Pinders Acrylic Cardigan (with stripe),PACSR,BK-BT,15,21.5,
Senior,Wickersley School & Sports College,Pinders Acrylic Jumper (with stripe),PAJSR,BK-BT,14,20.5,
Junior,Oughtibridge Primary School,Polo Shirt (With Logo),3PP,NB,6.75,0,
Junior,Oughtibridge Primary School,Polo Shirt (With Logo),3PP,WHT,6.75,0,
Junior,Oughtibridge Primary School,Sweatshirt (With Logo),3SR,NB,8.5,0,
Junior,Oughtibridge Primary School,Cardigan (With Logo),3SC,NB,9,0,
Junior,Oughtibridge Primary School,Fleece (With Logo),3JP,NB,16,0,<b style=color:#ff0000;>Made to order only. This is a Non-Exchangeable & Non-Refundable product.</b>
Junior,Oughtibridge Primary School,Bookbag,BB03,NB,4.5,0,
Junior,Oughtibridge Primary School,Drawstring Bag,SH5890,NB,3,0,
Junior,Oughtibridge Primary School,PE T-Shirt (With Logo),3TC,NB,4.5,0,
Junior,Oughtibridge Primary School,PE T-Shirt (With Logo),3TC,WHT,4.5,0,
Junior,Oughtibridge Primary School,Shadow Stripe Shorts,3BS,BK,2.5,0,
Senior,Wickersley School & Sports College,Plain Hoodie,18500BPL,BK,11,13,
Junior,Thrybergh Primary,Gildan Hoodie (Kids),18500B,RY,12,0,
Senior,Wickersley School & Sports College,Unisex PE T-Shirt,G910,BK-BT,15,18,
Junior,Milton school,Cardigan,3SCA,NB,9,13.5,
Senior,Thrybergh School & Sports College,Unisex PE T-Shirt,G910,BK-PU-WHT-THRY,15,18,
Senior,Rawmarsh Community School,Unisex PE T-Shirt,G910,BK-YW-WHT,15,18,
Senior,Thrybergh School & Sports College,BOYS COMFORT FIT TROUSERS,BCFT,BK,14,24,
Senior,Mount St. Mary's Barlborough Hall School,ADULT HOODIE (With Logo),JH001,SY-HALLAM,16.5,19.5,<b style=color:#ff0000;>Made to order only. This is a Non-Exchangeable & Non-Refundable product.</b>
Category,Shorts,BOYS COMFORT FIT SHORTS,BCFC,BK,12,0,
Category,Shorts,BOYS ZIP SHORTS,BZS,BK,10,0,
Category,Shorts,PINDERS SENIOR WAIST SHORTS,PSS,BK,15,0,
Junior,Loxley Primary School,Fleece (With Logo),3JP,NB,16,0,
Junior,Loxley Primary School,Polo Shirt (With Logo),3PP,RD,6.75,0,
Junior,Loxley Primary School,Cardigan (With Logo),3SC,NB,9,0,
Junior,Loxley Primary School,Sweatshirt (With Logo),3SR,NB,8.5,0,
Junior,Loxley Primary School,PE T-Shirt (With Logo),3TC,NB,4.5,0,
Junior,Loxley Primary School,Bookbag,BB03,RD,4.5,0,
Junior,Loxley Primary School,Document Case,DC01,NB,9,0,
Junior,Loxley Primary School,Pinders Acrylic Cardigan ,PAC,NB,15,19.5,
Junior,Loxley Primary School,Drawstring Bag,SH5890,NB,3,0,
Junior,Loxley Primary School,SHADOW STRIPE SHORTS,KASSS,BK,2.5,3.5,
Junior,Loxley Primary School,SHADOW STRIPE SHORTS,KASSS,NB,2.5,3.5,
Junior,Bolsover CofE,SHORT SLEEVE BLOUSE TWIN PACK NON IRON,PSBH,WHT,10,25,
Junior,Bolsover CofE,LONG SLEEVE BLOUSE TWIN PACK NON IRON,PSBL,WHT,10,25,
Junior,Bolsover CofE,SHORT SLEEVE SHIRT TWIN PACK NON IRON,PSSH,WHT,10,12,
Junior,Bolsover CofE,LONG SLEEVE SHIRTS TWIN PACK NON IRON,PSSL,WHT,10,12,
Category,ExtraProducts,Pack of 5 White Polo Shirts,3PP5,WHT,10,0,1 Pack include 5pcs of White Polo Shirts. The Pack will have same size of 5pcs.
Junior,Woodlands Primary School,Leaver Hoodies,LHOD,FG,16,19,<b style=color:red>This is a Non-Exchangeable & Non-Refundable product.</b>
Junior,Oughtibridge Primary School,Kids Zoodie,JH050B,RY,15,0,Material: 80% ringspun cotton/20% polyester.* | Weight: 280 gsm
Junior,Rawmarsh Nursery School and Children's Centre,Polo Shirt (With Logo),3PP,WHT,6.75,0,<b style=color:#ff0000;>Made to order only. This is a Non-Exchangeable & Non-Refundable product.</b>
Junior,Rawmarsh Nursery School and Children's Centre,Cardigan (With Logo),3SC,DD,9,0,<b style=color:#ff0000;>Made to order only. This is a Non-Exchangeable & Non-Refundable product.</b>
Junior,Rawmarsh Nursery School and Children's Centre,Sweatshirt (With Logo),3SR,DD,8.5,0,<b style=color:#ff0000;>Made to order only. This is a Non-Exchangeable & Non-Refundable product.</b>
Junior,Arnold Nursery School and Children's Centre ,Polo Shirt (With Logo),3PP,WHT,6.75,0,<b style=color:#ff0000;>Made to order only. This is a Non-Exchangeable & Non-Refundable product.</b>
Junior,Arnold Nursery School and Children's Centre ,Cardigan (With Logo),3SC,BT,9,0,<b style=color:#ff0000;>Made to order only. This is a Non-Exchangeable & Non-Refundable product.</b>
Junior,Arnold Nursery School and Children's Centre ,Sweatshirt (With Logo),3SR,BT,8.5,0,<b style=color:#ff0000;>Made to order only. This is a Non-Exchangeable & Non-Refundable product.</b>
Junior,St Josephs Dinnington,Elasticated Tie,ETIE,STJ,3.5,0,
Junior, Victoria Park Hall Day Nursery,Fleece (With Logo),3JP,NB,16,0,<b style=color:#ff0000;>Made to order only. This is a Non-Exchangeable & Non-Refundable product.</b>
Junior, Victoria Park Hall Day Nursery,Polo Shirt (With Logo),3PP,NB,6.75,0,<b style=color:#ff0000;>Made to order only. This is a Non-Exchangeable & Non-Refundable product.</b>
Junior, Victoria Park Hall Day Nursery,Cardigan (With Logo),3SC,NB,9,0,<b style=color:#ff0000;>Made to order only. This is a Non-Exchangeable & Non-Refundable product.</b>
Junior, Victoria Park Hall Day Nursery,Sweatshirt (With Logo),3SR,NB,8.5,0,<b style=color:#ff0000;>Made to order only. This is a Non-Exchangeable & Non-Refundable product.</b>
Junior, Victoria Park Hall Day Nursery,Waterproof Fleece (NON REVERSIBLE),3JM,NB,23,0,<b style=color:#ff0000;>Made to order only. This is a Non-Exchangeable & Non-Refundable product.</b>
Senior,Talbot Specialist School,Zip Hoodies,JH050A,PU,16,22,
Senior,Talbot Specialist School,Zip Hoodies,JH050A,BK,16,22,
Senior,Clifton Comprehensive,Plain Hoodie,18500BPL,BK,11,13,
Senior,Thrybergh School & Sports College,Plain Hoodie,18500BPL,BK,11,13,
Senior,Gainsborough Academy,Plain Hoodie,18500BPL,BK,11,13,
Junior,Totley Primary,KIDS SHADOW STRIPE SHORTS,KSSS,BK,2.5,0,
Junior,Totley Primary,My Jogger,MYJ,BK,8,0,
Junior,Totley Primary,PE T-Shirt  (Plain),3TC,RD,3.5,0,
Junior,Totley Primary,Kids Hoodie,JH001B,NB,12,0,
Junior,Totley Primary,BOYS LEG LENGTH TROUSERS,BLL,BK,11,14,
Junior,Totley Primary,BOYS PULL UP TROUSERS,BPT,BK,8,10,
Junior,Totley Primary,BOYS LEG LENGTH TROUSERS,BLL,GY,11,14,
Junior,Totley Primary,BOYS PULL UP TROUSERS,BPT,GY,8,10,
Junior,Totley Primary,Adult Hoodies,JH001,NB,10.5,16.5,
Junior,Totley Primary,PE T-Shirt  (Plain),3TC,GD,3.5,0,
Junior,Totley Primary,PE T-Shirt  (Plain),3TC,EM,3.5,0,
Junior,Totley Primary,PE T-Shirt  (Plain),3TC,DR,3.5,0,
Senior,Holy Trinity Barnsley,ADULT HOODIE (With Logo),JH001,SY-HALLAM,16.5,19.5,<b style=color:#ff0000;>Made to order only. This is a Non-Exchangeable & Non-Refundable product.</b>
Junior,Oughtibridge Primary School,Kids Zoodie,JH050B,NB,15,0,
Senior,Chesterfield College Group,Uneek Classic Poloshirt,UC101,NB,9,0,<b style=color:#ff0000;>Made to order only. This is a Non-Exchangeable & Non-Refundable product.</b>
Senior,Eckington Comprehensive,Pinders Acrylic Jumper (with stripe),PAJS,BK-RY-ECK,14,20.5,Compulsory for all Year 7
Senior,King Edward VII School,Sweatshirt,3SR,RD,8.5,13,LOGO FRONT PRINT
Senior,King Edward VII School,PE 1/4 Zip Top with logo,408005,RD,19,0,LOGO FRONT AND BACK PRINT
Senior,King Edward VII School,Fine Vest ,JC007,RD,8,0,LOGO FRONT AND BACK PRINT <br/>This is a Non-Exchangeable & Non-Refundable product.
Senior,King Edward VII School,T-Shirt,JC001,RD,8,8,LOGO FRONT AND BACK PRINT <br/>This is a Non-Exchangeable & Non-Refundable product.
Senior,King Edward VII School,Cool Mesh Lined Shorts,JC080,CH,9.5,0,
Senior,King Edward VII School,Base Layer,JC232,JB,13,0,
Senior,King Edward VII School,PE Falcon Girls Leggings,ZR38,BK,15.5,24.5,
Senior,King Edward VII School,SHADOW STRIPE SHORTS,ASSS,BK,3.5,0,
Senior,Eckington Comprehensive,PE Encore Training Trousers,ZR35,NB,18,25,
Senior,King Edward VII School,PE Encore Training Trousers,ZR35,BK,22,25,
Senior,King Edward VII School,BEANIE HAT,B45,BK,3,0,
Senior,King Edward VII School,Football Socks,3RF,RD,5,0,
Senior,King Edward VII School,Cool Shorts,JC080B,BK,6.75,10,This is a Non-Exchangeable & Non-Refundable product.
Junior,Waverley Junior Academy,Black Blazer For Boys (With Logo),PEB,BK,27.5,35,<b style=color:#ff0000;>Made to order only. This is a Non-Exchangeable & Non-Refundable product.</b>
Junior,Waverley Junior Academy,Black Blazer For Girls (With Logo),PEG,BK,27.5,35,<b style=color:#ff0000;>Made to order only. This is a Non-Exchangeable & Non-Refundable product.</b>
Junior,Inkersall Spencer Academy,Shadow Stripe Shorts,3BS,BK,2.5,0,
Junior,Inkersall Spencer Academy,Fleece (With Logo),3JP,DD,16,0,<b style=color:#ff0000;>Made to order only. This is a Non-Exchangeable & Non-Refundable product.</b>
Junior,Inkersall Spencer Academy,Polo Shirt (With Logo),3PP,WHT,6.75,0,
Junior,Inkersall Spencer Academy,Cardigan (With Logo),3SC,DD,9,0,
Junior,Inkersall Spencer Academy,Sweatshirt (With Logo),3SR,DD,8.5,0,
Junior,Inkersall Spencer Academy,KIDS CHAMPION TSHIRTS,3TCK,WHT,3.5,0,
Junior,Inkersall Spencer Academy,Bookbag,BB03,DD,4.5,0,
Junior,Inkersall Spencer Academy,Drawstring Bag,SH5890,DD,3,0,
Senior,King Edward VII School,PE 1/4 Zip Top with logo,408005i,RD,19,0,LOGO FRONT AND BACK PRINT
Senior,Bradfield School,Leavers Hoodies,JH001U,CC,22,0,This product will come with school logo left chest and 24 printed in white at back.  <br/><b style=color:#ff0000;>Made to order only. This is a Non-Exchangeable & Non-Refundable product.</b>
Senior,King Edward VII School,Spiro Junior Skort,SR261B,BK,8.75,0,
Senior,King Edward VII School,Spiro Ladies Skort,SR261F,BK,12.5,0,
Senior,Birley Academy,100% Cotton Knitted V Neck Jumper plain,PTHINJ,NB,16,0,
Junior,Lacewood Primary School,Polo Shirt (With Logo),3PP,BT,6.75,0,
Junior,Lacewood Primary School,Cardigan (With Logo),3SC,BT,9,0,
Junior,Lacewood Primary School,Sweatshirt (With Logo),3SR,BT,8.5,0,
Junior,Lacewood Primary School,Bookbag,BB03,BT,4.5,0,
Junior,Lacewood Primary School,Polo Shirt (With Logo),3PP,WHT,6.75,0,
Junior,Lacewood Primary School,Drawstring Bag,SH5890,BT,3,0,
Junior,Lacewood Primary School,Waterproof Fleece (NON REVERSIBLE),3JM,BT,23,0,<b style=color:#ff0000;>Made to order only. This is a Non-Exchangeable & Non-Refundable product.</b>
Senior,Aston Academy,Honeycomb Shorts,1BU,BK,7.5,0,<b style=color:#ff0000;>Made to order only. This is a Non-Exchangeable & Non-Refundable product.</b>
Junior,Lacewood Primary School,PE T-Shirt,3TCLPS,CC,6,0,With front and back print 
Junior,Willow Park School,PE T-Shirt (With Logo),HERI3TC,WHT,4.5,6.75,
Junior,Willow Park School, Polo Shirt,HERI3PP,WHT,6.75,10,
Junior,Bolsover Infant & Nursery,Kids Zoodie,JH050B,JB,15,0,
Junior,Bolsover Infant & Nursery,Kids Zoodie,JH050B,NFN,15,0,
Senior,King Edward VII School,Cool Mesh Lined Shorts,JC080,BK,10,0,This is a Non-Exchangeable & Non-Refundable product.
Senior,Eckington Comprehensive,Cool Shorts,JC080B,NB,6.75,10,
Senior,Venn Academy Trust,Premium Long Sleev Polo,63310,NB,16.5,16.5,Staff Uniform<br/><b style=color:#ff0000;>Made to order only. This is a Non-Exchangeable & Non-Refundable product.</b>
Senior,Venn Academy Trust,Premium Polo,63218,NB,10.5,10.5,Staff Uniform<br/><b style=color:#ff0000;>Made to order only. This is a Non-Exchangeable & Non-Refundable product.</b>
Senior,Venn Academy Trust,Heavy Cotton Adult T-Shirt,5000MSSU,NB,7,7,Staff Uniform<br/><b style=color:#ff0000;>Made to order only. This is a Non-Exchangeable & Non-Refundable product.</b>
Senior,Venn Academy Trust,Thor III Men's Interactive Fleece,TRF532,NB,21,21,Staff Uniform<br/><b style=color:#ff0000;>Made to order only. This is a Non-Exchangeable & Non-Refundable product.</b>
Senior,Venn Academy Trust,Flux Men's Softshell Bodywarmer,TRA788,NB,27,27,Staff Uniform<br/><b style=color:#ff0000;>Made to order only. This is a Non-Exchangeable & Non-Refundable product.</b>
Senior,Venn Academy Trust,Waterproof Rain Jacket,R227X,NB,13,13,Staff Uniform<br/><b style=color:#ff0000;>Made to order only. This is a Non-Exchangeable & Non-Refundable product.</b>
Senior,Newfield School,T-Shirt,JC001,BY,5,7,
Senior,Aston Academy,Premium Straight Skirts ,PPLS,BK,16,18,<b style=color:#ff0000;>Made to order only. This is a Non-Exchangeable & Non-Refundable product.</b>
Senior,Aston Academy,Football Socks,KFSNEW,BK,5,5.5,<b style=color:#ff0000;>Made to order only. This is a Non-Exchangeable & Non-Refundable product.</b>
Senior,Clifton Comprehensive,Football Socks,KFSNEW,BK,5,5.5,
Senior,Eckington Comprehensive,Football Socks,KFSNEW,RY,5,5.5,
Senior,Forge Valley,Football Socks,KFSNEW,NB,5,5.5,
Senior,Handsworth Grange,Football Socks,KFSNEW,NB,5,5.5,
Senior,Handsworth Grange,Football Socks,KFSNEW,RY,5,5.5,
Senior,Meadowhead,Football Socks,KFSNEW,BK,5,5.5,
Senior,Oakwood High,Football Socks,KFSNEW,NB,5,5.5,
Senior,Sheffield Park Academy,Football Socks,KFSNEW,BK,5,5.5,
Senior,St Bernards Catholic High School,Football Socks,KFSNEW,BK,5,5.5,
Senior,St Pius Catholic High School,Football Socks,KFSNEW,NB,5,5.5,
Senior,Stocksbridge High School,Football Socks,KFSNEW,BK,5,5.5,
Senior,Swinton Academy,Football Socks,KFSNEW,BK,5,5.5,<b style=color:#ff0000;>Made to order only. This is a Non-Exchangeable & Non-Refundable product.</b>
Senior,Tapton,Football Socks,KFSNEW,SB,5,5.5,<b style=color:#ff0000;>Made to order only. This is a Non-Exchangeable & Non-Refundable product.</b>
Senior,Thrybergh School & Sports College,Football Socks,KFSNEW,BK,5,5.5,
Senior,Wales High School,Football Socks,KFSNEW,BK,5,5.5,
Senior,Wath Academy,Football Socks,KFSNEW,BK,5,5.5,
Senior,Whittington Green,Football Socks,KFSNEW,BK,5,5.5,
Senior,Wickersley School & Sports College,Football Socks,KFSNEW,BK,5,5.5,
Senior,King Edward VII School,KIDS SHADOW STRIPE SHORTS,KSSS,BK,2.5,0,
Junior,Oughtibridge Primary School,Kids Zoodie,JH050BNEW,NB,14,0,
Junior,High Hazels Academy,Cardigan (With Logo),3SC,NB,9,0,
Junior,High Hazels Academy,Sweatshirt (With Logo),3SR,NB,8.5,0,
Junior,Catcliffe Primary,Polo Shirt (With Logo),3PP,RY,6.75,0,
Senior,Tapton,Cool Mesh Lined Shorts,JC080,BK,11,0,
Junior,Discovery Academy Lower,Document Case,DC01,NB,9,0,
Junior,Discovery Academy Lower,Bookbag,BB03,NB,4.5,0,
Junior,Discovery Academy Lower,Bookbag,BB03,NB,4.5,0,
Senior,Stocksbridge High School,Pinders Acrylic Cardigan (with stripe),PACSNEW,GY-BY-SHS,16,0,
Junior,Todwick Primary School,Polo Shirt (With Logo),3PP,WHT,6.75,0,
Junior,Todwick Primary School,Bookbag,BB03,DD,4.5,0,
Junior,Todwick Primary School,Cardigan (With Logo),3SC,DD,9,0,
Junior,Todwick Primary School,Sweatshirt (With Logo),3SR,DD,8.5,0,
Senior,Discovery Academy Upper,Document Case,DC01,NB,9,0,
Senior,Sheffield Springs Academy,Regatta Pro Stormbreak Waterproof Jacket (with logo),RG211,BK,18.5,0,<b style=color:#ff0000;>Made to order only. This is a Non-Exchangeable & Non-Refundable product.</b>
Junior,Oughtibridge Primary School,Kids Hoodie,JH001B,NB,12,0,
Senior,Thrybergh School & Sports College,PE Encore Training Trousers,ZR35,BK,18,25,
Senior,Chaucer School,COOL HOODIE (With Logo),JH001HOODIE,BK,14,16.5,
Senior,Birley Academy,Clip on Tie,CTIE,BIRLEY,6.5,0,
Senior,Silverdale School,COOL HOODIE (With Logo),JH001HOODIE,BK,14,16.5,<b style=color:#ff0000;>Made to order only. This is a Non-Exchangeable & Non-Refundable product.</b>
Senior,Thrybergh School & Sports College,PE Falcon Girls Leggings,ZR38,BK,15.5,24.5,
Senior,Clifton Comprehensive,Honeycomb Shorts,1BU,BK-WL,7.5,0,
Senior,Rawmarsh Community School,PE Encore Training Trousers,ZR35,BK,18,25,
Senior,Rawmarsh Community School,PE Falcon Girls Leggings,ZR38,BK,15.5,24.5,
Senior,Birley Academy,Clip on Tie,CTIE,BIRLEY,6.5,0,
Senior,Discovery Academy  - Staff,Discovery Staff Polo,DAST3PP,BK,6.75,10,<b style=color:#ff0000;>Made to order only. This is a Non-Exchangeable & Non-Refundable product.</b>
Senior,Sheffield Springs Academy,Kids Pro Stormbreak Waterproof Jacket,RG256,BK,18.5,0,<b style=color:#ff0000;>Made to order only. This is a Non-Exchangeable & Non-Refundable product.</b>
Senior,Rotherham College - Course Hoodies ,Gildan Zip Hoodie (Adults),18600R,NBYW2,24,0,
Senior,Forge Valley,Pinders Premium Straight Skirt,PPLSFORGE,BK,16,18,
Junior, Victoria Park Hall Day Nursery,Polo Shirt (With Logo),3PP,GD,6.75,0,<b style=color:#ff0000;>Made to order only. This is a Non-Exchangeable & Non-Refundable product.</b>
Senior,Westfield School,Pinders Premium Straight Skirt,PPLSFORGE,BK,16,18,
Senior,Rotherham College Hair Dressing,Black Wrap Tunic(Inspire logo embroidered) + Black long sleeve T-shirt (Plain),HRDROP1,BK,21.5,0,<b style=color:#ff0000;>Made to order only. This is a Non-Exchangeable & Non-Refundable product.</b>
Senior,Rotherham College Hair Dressing,Black Wrap Tunic(Inspire logo embroidered) + 3/4 Black T-shirt (Plain),HRDROP2,BK,30.2,0,<b style=color:#ff0000;>Made to order only. This is a Non-Exchangeable & Non-Refundable product.</b>
Senior,Rotherham College/University: Media Makeup,Black Zip Hoodie* + Black long sleeve T-shirt (Plain),HRMMOP1,BK,31.5,0,<b>This is a Non-Exchangeable & Non-Refundable product.</b><br/>* Inspire logo embroidered on the front and Rotherham college logo printed on the back.
Senior,Rotherham College/University: Media Makeup,Black Zip Hoodie* + Black long sleeve T-shirt (Plain) + Black Wrap Tunic (Rotherham logo printed),HRMMOP2,BK,45.5,0,<b style=color:#ff0000;>Made to order only. This is a Non-Exchangeable & Non-Refundable product.</b><br/>* Inspire logo embroidered on the front and Rotherham college logo printed on the back.
Senior,Rotherham College/University: Media Makeup,Black Hoodie* + Black long sleeve T-shirt (Plain),HRMMOP3,BK,26,0,<b style=color:#ff0000;>Made to order only. This is a Non-Exchangeable & Non-Refundable product.</b><br/>* Inspire logo embroidered on the front and Rotherham college logo printed on the back.
Senior,Rotherham College/University: Media Makeup,Black Hoodie* + Black long sleeve T-shirt (Plain) + Black Wrap Tunic (Rotherham logo printed),HRMMOP4,BK,40,0,<b style=color:#ff0000;>Made to order only. This is a Non-Exchangeable & Non-Refundable product.</b><br/>* Inspire logo embroidered on the front and Rotherham college logo printed on the back.
Junior,Birley Primary Academy,Staff Fleece,S3JP,NB,23,28,<b style=color:#ff0000;>Made to order only. This is a Non-Exchangeable & Non-Refundable product.</b>
Senior,Bents Green,Fleece,3JPT,BY,16,23,<b style=color:#ff0000;>Made to order only. This is a Non-Exchangeable & Non-Refundable product.</b>
Junior,Bradway Primary,Drawstring Bag,SH5890,DD,3,0,
Senior,Bents Green,Polo Shirt,3PP,BT,6.75,10,
Senior,Bents Green,Polo Shirt,3PP,BY,6.75,10,
Senior,Bents Green,T-Shirt (With Logo),3TCBENT,WHT,4.5,0,
Senior,Bents Green,T-Shirt (With Logo),3TCBENT,BT,4.5,0,
Senior,Bents Green,PE Falcon Girls Leggings,ZR38,BK,15.5,24.5,
Senior,Bents Green,ECOPURE BIO BOTTLE 500ml,BWB18,BK_BT_RY_EM_GD_NB_PI_PU_RD_SB_YW_MRN,4,0,
Senior,Bents Green,Men's Classic Elasticated Cuff Jog Pants,64026,BK,12,0,
Senior,Bents Green,Kid's Classic Elasticated Cuff Jog Pant,64051,BK,8,10,
Senior,Bents Green,My Jogger,MYJ,BK,8,0,
Senior,Bents Green,GIRLS RIB HIPSTERS,RIHI,BK,6,8,
Senior,Bents Green,T-Shirt (With Logo),3TCBENT,BY,4.5,6.75,
Junior,Norbriggs Primary,V Neck Sweatshirt,3SV,BY,12,0,This is a Non-Exchangeable & Non-Refundable product.
Junior,Aston Fence Junior and Infant,Fleece (With Logo),3JP,BK,16,0,<b style=color:#ff0000;>Made to order only. This is a Non-Exchangeable & Non-Refundable product.</b>
Senior,Rotherham College - Course Hoodies ,GD001 T-Shirt,64000S,BK,8,0,<b style=color:#ff0000;>Made to order only. This is a Non-Exchangeable & Non-Refundable product.</b>
Senior,Rotherham College - Course Hoodies ,Pullover Hoodie,18500R,BK-BK,19,0,Media and Photography Pullover Hoodie
Senior,Rotherham College - Course Hoodies ,Gildan Zip Hoodie (Adults),18600R,BK-BK,24,0,Media and Photography Zip Up Hoodie
Senior,Rotherham College - Course Hoodies ,Pullover Hoodie,18500R,NBYW,19,0,Navy Aviation Pullover Hoodie
Senior,Rotherham College - Course Hoodies ,Gildan Zip Hoodie (Adults),18600R,NBYW,24,0,
Senior,Rotherham College Hair Dressing,PR177 Wrap up tunics,PR177,BK,12,0,
Senior,Rotherham College - Course Hoodies ,PR177 Wrap up tunics,PR177,BK,12,0,
Senior,Rotherham College/University: Media Makeup,PR177 Wrap up tunics,PR177,BK,12,0,
Senior,King Edward VII School,T-Shirt,JC001,RD,8,8,LOGO FRONT AND BACK PRINT. <br/>This is a Non-Exchangeable & Non-Refundable product.
Senior,Birley Academy,PE Falcon Girls Leggings,ZR38,BK,15.5,24.5,
Senior,Birley Academy,Hoodie,18500H,BK,12,14,
Senior,Birley Academy,Hoodie,18500H,NB,12,14,
Category,Girls Tights,GIRLS SCHOOL TIGHTS,GSTN,NB_GY_WHT_RD,4,0,
Senior,Rotherham College - Course Hoodies ,Pullover Hoodie,18500R,NBYW2,19,0,
Senior,Rotherham College - Course Hoodies ,Gildan Zip Hoodie (Adults),18600R,NBYW,24,0,
Senior,St Pius Catholic High School,Spirit Hoodie,B550,NB-AM-WHT,18.5,25,
Senior,Wickersley School & Sports College,Leavers Hoodie,18500LS,SG,25,0,Includes school logo on the left chest and leavers design on the back.<b>Order by 27th Feb 2026</b><br/><b style=color:red>This product will be Shipped to school only<br/>Made to order only. This is a Non-Exchangeable & Non-Refundable product.</b>
Senior,King Ecgbert,Leavers Hoodie,18500L,CC,19,0,Includes a school logo on the left chest and a leavers design on the back.<br/><b>Order by 27th Feb 2026<b><br/><b style=color:red>This product will be Shipped to school only<br/>Made to order only. This is a Non-Exchangeable & Non-Refundable product</b>
Junior,Lacewood Primary School,Leaver Hoodies,LHODAWD,CC,16,19,This product will come with school logo left chest and leavers design on the back. <b style=color:#ff0000;>Last of ordering is 8th February<br/>This is a Non-Exchangeable & Non-Refundable product.</b>
Junior,Badsley Primary,Leavers Hoodie,18500L,PU,16,19,Includes a school logo on the left chest and a leavers design on the back.<b>Order by 22nd March</b><br/><b style=color:red;>This product will be Shipped to school only. Made to order only. This is a Non-Exchangeable & Non-Refundable product</b>
Junior,Mossbrook Primary,Sweatshirt (With Logo),3SR,JD,8.5,0,
Senior,Eckington Comprehensive,Leaver Hoodies,18500-Eck,CC,19,0,Includes 6th form logo on the left chest and a leavers design on the back.<b>Order by 1st March</b><br/><b style=color:red;>This product will be Shipped to school only. Made to order only. This is a Non-Exchangeable & Non-Refundable product</b>
Junior,Tinsley Meadows,Cardigan (With Logo),3SC,NB,9,0,
Junior,Tinsley Meadows,Sweatshirt (With Logo),3SR,NB,8.5,0,
Junior,Tinsley Meadows,Bookbag,BB03,NB,4.5,0,
Junior,Hope Primary School,Polo Shirt (With Logo),3PP,SB,6.75,0,
Junior,Hope Primary School,Cardigan (With Logo),3SC,NB,9,0,
Junior,Hope Primary School,Sweatshirt (With Logo),3SR,NB,8.5,0,
Junior,Hope Primary School,PE T-Shirt (With Logo),3TC,PU,4.5,0,
Junior,Hope Primary School,PE T-Shirt (With Logo),3TC,SB,4.5,0,
Junior,Hope Primary School,Shadow Stripe Shorts,3BS,BK,2.5,0,
Junior,Hope Primary School,Jogging Bottoms,64051,BK,9,10,
Junior,St Mary's Maltby,Leavers Hoodie,18500L,NB,16,19,This product will come with school logo left chest and leavers design on the back. <b>Last of ordering is 28th February</b><br/><b style=color:#ff0000;>Made to order only. This is a Non-Exchangeable & Non-Refundable product.</b>
Senior,Dinnington High School,100% Cotton Knitted V Neck Jumper (With Logo).,PTHINJ,DHS,16,0,
Senior,Hilltop School,PE T-Shirt (With Logo),3TCSTAFF,BK,8,0,<b style=color:#ff0000;>Made to order only. This is a Non-Exchangeable & Non-Refundable product.</b>
Senior,Hilltop School,PE T-Shirt (With Logo),3TC,BK,8,8,
Senior,Hilltop School,Result Core Micro Fleece Jacket (With Logo),RS114M,BK,18,0,<b style=color:#ff0000;>Made to order only. This is a Non-Exchangeable & Non-Refundable product.</b>
Senior,Hilltop School,Polo Shirt,3PP,BK,12,10,
Senior,Hilltop School,Polo Shirt (With Logo),3PPSTAFF,BK,12,0,<b style=color:#ff0000;>Made to order only. This is a Non-Exchangeable & Non-Refundable product.</b>
Senior,Hilltop School,Waterproof Fleece (NON REVERSIBLE),3JM,BK,28,28,<b style=color:#ff0000;>Made to order only. This is a Non-Exchangeable & Non-Refundable product.</b>
Senior,Hilltop School,PE Hoodie,18500,BK,14,14,<b style=color:#ff0000;>Made to order only. This is a Non-Exchangeable & Non-Refundable product.</b>
Senior,King Ecgbert,Leavers Hoodie,18500L,CC,19,0,This product will come with school logo left chest and leavers design on the back. <b>Last of ordering is 31st March</b><br/><b style=color:#ff0000;>Made to order only. This is a Non-Exchangeable & Non-Refundable product.</b>
Junior,St Josephs Dinnington,Fleece (With Logo),3JP,NB,16,0,<b style=color:#ff0000;>Made to order only. This is a Non-Exchangeable & Non-Refundable product.</b>
Junior,Oasis Academy Watermead,Leaver Hoodies,LHOD,HWB,16,19,Includes a school logo on the left chest and a leavers design on the back.<b>Order by 1st March</b><br/><b style=color:red;>This product will be Shipped to school only. Made to order only. This is a Non-Exchangeable & Non-Refundable product</b>
Junior,St Josephs Dinnington,Staff Fleece,S3JP,NB,23,28,<b style=color:#ff0000;>Made to order only. This is a Non-Exchangeable & Non-Refundable product.</b>
Senior,Aston Academy,Leavers Hoodie,18500LS,ASTON,19,0,Includes a school logo on the left chest and a leavers design on the back.<br/><b>Order by 10th April</b><br/><b style=color:red;>This product will be Shipped to school only.Made to order only. This is a Non-Exchangeable & Non-Refundable product</b>
Category,Special Offers,Pack of 5 Polo Shirts,MC3PPNEW,CC,10,20,Pack includes 5pcs of same size and same coloured garments.<br/><b style=color:#ff0000;>These are non exchangeable and non refundable.</b>
Senior,Dinnington High School,STANNO ¼ ZIP TOP (With Logo),STANNO,RY,18,0,
Junior,Laughton All Saints C of E Primary School,Fleece (With Logo),3JP,RD,16,0,<b style=color:#ff0000;>Made to order only. This is a Non-Exchangeable & Non-Refundable product.</b>
Junior,Laughton All Saints C of E Primary School,Polo Shirt (With Logo),3PP,RD,6.75,0,
Junior,Laughton All Saints C of E Primary School,Cardigan (With Logo),3SC,RD,9,0,
Junior,Laughton All Saints C of E Primary School,Sweatshirt (With Logo),3SR,RD,8.5,0,
Junior,Laughton All Saints C of E Primary School,PE T-Shirt (With Logo),3TC,WHT,4.5,0,
Junior,Laughton All Saints C of E Primary School,Bookbag,BB03,RD,4.5,0,
Junior,Laughton All Saints C of E Primary School,Polo Shirt (With Logo),3PP,WHT,6.75,0,
Junior,Laughton All Saints C of E Primary School,Shadow Stripe Shorts,3BS,RD,2.5,0,
Junior,Laughton All Saints C of E Primary School,BOX PLEATED SKIRTS,BPS,GY,7,9,
Junior,Laughton All Saints C of E Primary School,BOYS PULL UP TROUSERS,BPT,GY,8,10,
Junior,Laughton All Saints C of E Primary School,Shadow Stripe Shorts,3BS,BK,2.5,0,
Junior,Laughton All Saints C of E Primary School,BOX PLEATED SKIRTS,BPS,BK,7,9,
Junior,Laughton All Saints C of E Primary School,BOYS PULL UP TROUSERS,BPT,BK,8,10,
Junior,Laughton All Saints C of E Primary School,BOYS LEG LENGTH TROUSERS,BLL,BK,11,14,
Junior,Laughton All Saints C of E Primary School,BOYS LEG LENGTH TROUSERS,BLL,GY,11,14,
Senior,Wingfield,Leavers Hoodie,18500LS,BK,19,0,This product will come with school logo left chest and leavers design on the back.<br/><b>Last of ordering is 30th May</b><br/><b style=color:#ff0000;>Made to order only. This is a Non-Exchangeable & Non-Refundable product.</b>
Senior,Dinnington High School,T-Shirt,JC001,RY,5,7,
Senior,Dinnington High School,Clip on Tie,CTIE,DHS,6.5,0,
Senior,Dinnington High School,BOYS COTTON JUMPERS (With Logo),BCBV13805,BK,16,0,
Senior,Dinnington High School,GIRLS COTTON JUMPERS (With Logo),BCGV13805,BK,16,0,
Senior,Dinnington High School,GIRLS BLAZER (With Logo),BAGB13804,BK,25,30,
Senior,Dinnington High School,BOYS BLAZER (With Logo),BABB13804,BK,25,30,
Junior,Hollingwood Primary,T-Shirt,3TCH,NB,7,9.5,This product will come with school logo left chest and leavers design on the back.<br/><b>Last of ordering is 30th April</b><br/><b style=color:#ff0000;>Made to order only. This is a Non-Exchangeable & Non-Refundable product.</b>
Junior,Hollingwood Primary,Leavers Hoodie 26,18500LS,NB,16,19,Includes a school logo on the left chest and a leavers design on the back.<b>Order by 20th April</b><br/><b style=color:red;>This product will be Shipped to school only. Made to order only. This is a Non-Exchangeable & Non-Refundable product</b>
Senior,Dinnington High School,SHORT SLEEVE BLOUSE TWIN PACK NON IRON,PSBH,WHT,10,25,
Senior,Dinnington High School,SHORT SLEEVE SHIRT TWIN PACK NON IRON,PSSH,WHT,10,12,
Senior,Dinnington High School,PE Encore Training Trousers,ZR35,NB,18,25,
Senior,Dinnington High School,PE Falcon Girls Leggings,ZR38,NB,15.5,24.5,
Senior,Dinnington High School,Cool Shorts,JC080B,NB,6.75,10,
Junior,Anston Park Junior School,Leavers Hoodie 26,18500LS,NB,16,19,This product will come with school logo left chest and leavers design on the back.<br/><b>Last of ordering is 9th May</b><br/><b style=color:#ff0000;>Made to order only. This is a Non-Exchangeable & Non-Refundable product.</b>
Junior,Anston Park Junior School,Leavers Hoodie 26,18500LS,RY,16,19,Includes a school logo on the left chest and a leavers design on the back.<b>Order by 30th April</b><br/><b style=color:red;>This product will be Shipped to school only. Made to order only. This is a Non-Exchangeable & Non-Refundable product</b>
Senior,Dinnington High School,Football Socks,3RF,NB,5,0,
Senior,Thrybergh School & Sports College,Leavers Hoodie 26,18500LSC,CC,14,19,This product will come with school logo left chest and leavers design on the back. <b>Last of ordering is 11th May</b><br/><b style=color:#ff0000;>Made to order only. This is a Non-Exchangeable & Non-Refundable product.</b>
Senior,Oakwood High,T-Shirt,JC001,NB,5,7,
Junior,Tinsley Meadows,Polo Shirt (With Logo),3PP,WHT,5.75,0,
Junior,Willow Park School,T-Shirt (With Logo),HERIJC001,BK,5,7,<b style=color:#ff0000;>Made to order only. This is a Non-Exchangeable & Non-Refundable product.</b>
Junior,Milton school,Bookbag (With Logo),BOB,NB,4.5,0,<b style=color:#ff0000;>Made to order only. This is a Non-Exchangeable & Non-Refundable product.</b>
Junior,Creswell CofE Infants And Nursery,BOYS PULL UP TROUSERS,BPT,BK,8,10,<b style=color:#ff0000;>Made to order only. This is a Non-Exchangeable & Non-Refundable product.</b>
Junior,Creswell CofE Infants And Nursery,BOX PLEATED SKIRTS,BPS,BK,7,9,<b style=color:#ff0000;>Made to order only. This is a Non-Exchangeable & Non-Refundable product.</b>
Senior,Winterhill,Leavers Hoodie,18500LSC2,CC,19,0,Includes a school logo on the left chest and a leavers design on the back.<b>Order by 30th April</b><br/><b style=color:red;>This product will be Shipped to school only. Made to order only. This is a Non-Exchangeable & Non-Refundable product</b>
Junior,Creswell CofE Infants And Nursery,BOYS LEG LENGTH TROUSERS,BLL,BK,11,14,<b style=color:#ff0000;>Made to order only. This is a Non-Exchangeable & Non-Refundable product.</b>
Junior,Creswell CofE Infants And Nursery,BOYS COMFORT FIT SHORTS,BCFC,BK,12,0,<b style=color:#ff0000;>Made to order only. This is a Non-Exchangeable & Non-Refundable product.</b>
Junior,Creswell CofE Infants And Nursery,Pull Up Shorts,PUPS,GY,8,0,<b style=color:#ff0000;>Made to order only. This is a Non-Exchangeable & Non-Refundable product.</b>
Junior,Creswell CofE Infants And Nursery,BOYS GABERDINE SHORTS ZIP AND CLIP ,BGS,BK,8,0,<b style=color:#ff0000;>Made to order only. This is a Non-Exchangeable & Non-Refundable product.</b>
Junior,Creswell CofE Infants And Nursery,Junior Hoodie (With Logo),18500BPL,NB,12,0,<b style=color:#ff0000;>Made to order only. This is a Non-Exchangeable & Non-Refundable product.</b>
Junior,Creswell CofE Infants And Nursery,Kids Cool Shorts,JC080B,BK,6.75,0,<b style=color:#ff0000;>Made to order only. This is a Non-Exchangeable & Non-Refundable product.</b>
Junior,Creswell CofE Infants And Nursery,KIDS SHADOW STRIPE SHORTS,KSSS,BK,2.5,0,<b style=color:#ff0000;>Made to order only. This is a Non-Exchangeable & Non-Refundable product.</b>
Junior,Creswell CofE Infants And Nursery,My Jogger,MYJ,BK,8,0,<b style=color:#ff0000;>Made to order only. This is a Non-Exchangeable & Non-Refundable product.</b>
Junior,Creswell CofE Infants And Nursery,PE T-Shirt  (Plain),3TC,WHT,3.5,0,<b style=color:#ff0000;>Made to order only. This is a Non-Exchangeable & Non-Refundable product.</b>
Junior,Creswell CofE Infants And Nursery,PE T-Shirt (With Logo),3TC,WHT,4.5,0,<b style=color:#ff0000;>Made to order only. This is a Non-Exchangeable & Non-Refundable product.</b>
Junior,Thurcroft Junior Academy,Plain Polo Shirt,3PP,GD,5.75,0,<b style=color:#ff0000;>Made to order only. This is a Non-Exchangeable & Non-Refundable product.</b>
Junior,Creswell CofE Infants And Nursery,Plain Polo Shirt,3PP,WHT,5.75,0,<b style=color:#ff0000;>Made to order only. This is a Non-Exchangeable & Non-Refundable product.</b>
Junior,Creswell CofE Infants And Nursery,Plain Cardigan,3SC,DD,8,0,<b style=color:#ff0000;>Made to order only. This is a Non-Exchangeable & Non-Refundable product.</b>
Junior,Creswell CofE Infants And Nursery,Plain Sweatshirt,3SR,DD,7.5,0,<b style=color:#ff0000;>Made to order only. This is a Non-Exchangeable & Non-Refundable product.</b>
Junior,Creswell CofE Infants And Nursery,Plain Fleece,3JP,DR,15,0,<b style=color:#ff0000;>Made to order only. This is a Non-Exchangeable & Non-Refundable product.</b>
Junior,Creswell CofE Infants And Nursery,Plain Hoodie,18500BPL,NB,11,0,<b style=color:#ff0000;>Made to order only. This is a Non-Exchangeable & Non-Refundable product.</b>
Senior,Chesterfield College Group,Uneek Classic Poloshirt,UC101B,NB,9,0,<b style=color:#ff0000;>Made to order only. This is a Non-Exchangeable & Non-Refundable product.</b>
Senior,Chesterfield College Group,Uneek Classic Poloshirt,UC101,NB,9,0,<b style=color:#ff0000;>Made to order only. This is a Non-Exchangeable & Non-Refundable product.</b>
Senior,Chaucer School,Leavers Hoodie,18500LS,BK,19,0,This product will come with school logo left chest and leavers design on the back.<br/><b>Last of ordering is 20th June</b><br/><b style=color:#ff0000;>Made to order only. This is a Non-Exchangeable & Non-Refundable product.</b>
Junior,St Thomas of Canterbury Primary,PE T-Shirt (With Logo),3TC,RD,4.5,0,
Senior,St Bernards Catholic High School,T-Shirt,JC001,BK,5,7,
Senior,St Bernards Catholic High School,T-Shirt,JC001,BK,5,7,
Senior,St Bernards Catholic High School,T-Shirt,JC001,BK,5,7,
Senior,St Bernards Catholic High School,T-Shirt,JC001,BK,5,7,
Senior,St Bernards Catholic High School,Senior Pleat Skirts,GSTCAS,GY,20,0,
Senior,Wales High School,PE Tops,DE7360,RYYW,15,0,
Senior,Wales High School,PE Tops,DE7360,RYBK,15,0,
Senior,Wales High School,PE Tops,DE7360,RYRY,15,0,
Senior,Wales High School,PE Tops,DE7360,RYWHT,15,0,
Senior,St Bernards Catholic High School,Clip on Tie,CTIE,ROCHE,7,0,
Senior,St Bernards Catholic High School,Clip on Tie,CTIE,FOUNT,7,0,
Senior,St Bernards Catholic High School,Clip on Tie,CTIE,RIEV,7,0,
Senior,St Bernards Catholic High School,Clip on Tie,CTIE,KIRK,7,0,
Junior,Brinsworth Manor Infant,House T-Shirts,BMJHT,GD,8.5,8.5,House Name-printed On The Back In Black and school logo on the left chest<br/><b style=color:#ff0000;>Made to order only. This is a Non-Exchangeable & Non-Refundable product.</b>
Junior,Brinsworth Manor Infant,House T-Shirts,BMJHT,SB,8.5,8.5,House Name-printed On The Back In Black and school logo on the left chest<br/><b style=color:#ff0000;>Made to order only. This is a Non-Exchangeable & Non-Refundable product.</b>
Junior,Brinsworth Manor Infant,House T-Shirts,BMJHT,RY,8.5,8.5,House Name-printed On The Back In Black and school logo on the left chest<br/><b style=color:#ff0000;>Made to order only. This is a Non-Exchangeable & Non-Refundable product.</b>
Junior,Brinsworth Manor Infant,House T-Shirts,BMJHT,EM,8.5,8.5,House Name-printed On The Back In Black and school logo on the left chest<br/><b style=color:#ff0000;>Made to order only. This is a Non-Exchangeable & Non-Refundable product.</b>
Junior,Brinsworth Manor Junior ,Junior Hoodie (With Logo),18500BPL,RD,12,0,This product will come with school logo on the left chest.<br/> <b style=color:#ff0000;>Made to order only. This is a Non-Exchangeable & Non-Refundable product.</b>
Junior,Brinsworth Manor Infant,Junior Hoodie (With Logo),18500BPL,RD,12,0,This product will come with school logo on the left chest.<br/><b style=color:#ff0000;>Made to order only. This is a Non-Exchangeable & Non-Refundable product.</b>
Junior,Brook House Junior,PE T-Shirt  (Plain),3TC,WHT,3.5,0,
Junior,Aston Hall,KIDS CHAMPION TSHIRTS,3TCK,WHT,3.5,0,
Junior,Athelstan Primary,BOOK BAG,PRBB19,BT,4.5,0,
Junior,Lower Meadow Primary Academy,PE T-Shirt (With Logo),3TC,LMNB,4.5,0,
Senior,St Bernards Catholic High School,STANNO ¼ ZIP TOP (With Logo),STANNO,BK,18,0,
Senior,St Bernards Catholic High School,STANNO ¼ ZIP TOP (With Logo),STANNO,BK,18,0,
Senior,St Bernards Catholic High School,STANNO ¼ ZIP TOP (With Logo),STANNO,BK,18,0,
Senior,St Bernards Catholic High School,STANNO ¼ ZIP TOP (With Logo),STANNO,BK,18,0,
Senior,St Bernards Catholic High School,KNEE HIGH SOCKS WITH BOW (Single Pair),KHSWB,BK,3.5,0,
Senior,St Bernards Catholic High School,PLAIN KNEE HIGH SOCKS (Pack of 3),KHS,BK,5,0,
Senior,St Bernards Catholic High School,ANKLE SOCKS (Pack of 3),BSS,BK,3,0,
Senior,Sheffield Park Academy,Premium Straight Skirts ,PPLS,BK,16,18,
Senior,Newfield School,STANNO ¼ ZIP TOP (With Logo),STANNO,BY,18,0,
Junior,Tinsley Meadows,Cool T-Shirt,JC001,BT,5,7,
Junior,Inkersall Spencer Academy,Polo Shirt (With Logo),3PP,RY,6.75,0,
Junior,Inkersall Spencer Academy,Plain Polo Shirt,3PP,RY,5.75,0,
Junior,Inkersall Spencer Academy,PE T-Shirt (With Logo),3TC,RY,4.5,0,
Junior,Inkersall Spencer Academy,PE T-Shirt  (Plain),3TC,RY,3.5,0,
Junior,Inkersall Spencer Academy,KIDS SHADOW STRIPE SHORTS,KSSS,RY,2.5,0,
Senior,Bradfield School,BOYS COMFORT FIT SHORTS,BCFC,BK,12,0,<b style=color:#ff0000;>Made to order only. This is a Non-Exchangeable & Non-Refundable product.</b>
Senior,Bradfield School,BOYS ZIP SHORTS,BZS,BK,10,0,<b style=color:#ff0000;>Made to order only. This is a Non-Exchangeable & Non-Refundable product.</b>
Senior,Bradfield School,PINDERS SENIOR WAIST SHORTS,PSS,BK,15,0,<b style=color:#ff0000;>Made to order only. This is a Non-Exchangeable & Non-Refundable product.</b>
Junior,Totley Primary,Plain Sweatshirt,3SR,NB,7.5,0,
Junior,Totley Primary,Plain Fleece,3JP,NB,16,0,<b style=color:#ff0000;>Made to order only. This is a Non-Exchangeable & Non-Refundable product.</b>
Junior,Totley Primary,Plain Cardigan,3SC,NB,8,0,
Junior,Totley Primary,Plain Polo Shirt,3PP,WHT,5.75,0,
Junior,Totley Primary,Plain Polo Shirt,3PP,NB,5.75,0,
Category,ExtraProducts,Fancy Multicolor Bow Clip,NWT315c,RYYW,3,0,
Category,Accessories,Fancy Multicolor Bow Clip,NWT315c,RYYW,3,0,
Junior,Aughton Junior Academy,Plain Polo Shirt,3PP,GD,5.75,0,<b style=color:#ff0000;>Made to order only. This is a Non-Exchangeable & Non-Refundable product.</b>
Junior,Brookfield Junior Academy,Plain Polo Shirt,3PP,GD,5.75,0,<b style=color:#ff0000;>Made to order only. This is a Non-Exchangeable & Non-Refundable product.</b>
Junior,Listerdale Junior Academy,Plain Polo Shirt,3PP,GD,5.75,0,<b style=color:#ff0000;>Made to order only. This is a Non-Exchangeable & Non-Refundable product.</b>
Junior,Lowedges Junior Academy,Plain Polo Shirt,3PP,GD,5.75,0,<b style=color:#ff0000;>Made to order only. This is a Non-Exchangeable & Non-Refundable product.</b>
Junior,Springwood Junior Academy,Plain Polo Shirt,3PP,GD,5.75,0,<b style=color:#ff0000;>Made to order only. This is a Non-Exchangeable & Non-Refundable product.</b>
Junior,Temple Normanton,Plain Polo Shirt,3PP,SB,5.75,0,<b style=color:#ff0000;>Made to order only. This is a Non-Exchangeable & Non-Refundable product.</b>
Junior,Waverley Junior Academy,Plain Polo Shirt,3PP,GD,5.75,0,<b style=color:#ff0000;>Made to order only. This is a Non-Exchangeable & Non-Refundable product.</b>
Junior,St Charles RC Primary (SWINTON-MANCHESTER),Gildan Hoodie (Kids),18500B,NB,12,0,<b style=color:#ff0000;>Made to order only. This is a Non-Exchangeable & Non-Refundable product.</b>
Junior,St Lukes C of E Shireoaks,PE T-Shirt (With Logo),3TC,BT,4.5,0,
Senior,Wingfield,Wingfield Polo Shirt,G920,BK-WHT-GD,14,17,
Junior,St Lukes C of E Shireoaks,PE T-Shirt (With Logo),3TC,BT,4.5,0,
Senior,Wales High School,Black S Cut Skirt,SCUT,BK,17,0,
Category,Girls Skirts,Black S Cut Skirt,SCUT,BK,17,0,
Senior,MALP,MALP Sweatshirt,3SRM,BK,8.5,19.5,<b style=color:#ff0000;>Made to order only. This is a Non-Exchangeable & Non-Refundable product.</b>
Junior,Stocksbridge Junior,Gildan Hoodie (Kids),18500B,NB,12,0,
Junior,Waverley Junior Academy,Pack of 5 Plain Polo Shirts,MC3PP,GD,10,0,<b style=color:#ff0000;>This is a Non-Exchangeable & Non-Refundable product.</b>
Junior,Springwood Junior Academy,Pack of 5 Plain Polo Shirts,MC3PP,GD,10,0,<b style=color:#ff0000;>This is a Non-Exchangeable & Non-Refundable product.</b>
Junior,Brookfield Junior Academy,Pack of 5 Plain Polo Shirts,MC3PP,GD,10,0,<b style=color:#ff0000;>This is a Non-Exchangeable & Non-Refundable product.</b>
Junior,Aughton Junior Academy,Pack of 5 Plain Polo Shirts,MC3PP,GD,10,0,<b style=color:#ff0000;>This is a Non-Exchangeable & Non-Refundable product.</b>
Junior,Listerdale Junior Academy,Pack of 5 Plain Polo Shirts,MC3PP,GD,10,0,<b style=color:#ff0000;>This is a Non-Exchangeable & Non-Refundable product.</b>
Junior,Lowedges Junior Academy,Pack of 5 Plain Polo Shirts,MC3PP,GD,10,0,<b style=color:#ff0000;>This is a Non-Exchangeable & Non-Refundable product.</b>
Junior,Langwith Bassett,Pack of 5 Plain Polo Shirts,MC3PP,SB,10,0,<b style=color:#ff0000;>This is a Non-Exchangeable & Non-Refundable product.</b>
Junior,Temple Normanton,Pack of 5 Plain Polo Shirts,MC3PP,SB,10,0,<b style=color:#ff0000;>This is a Non-Exchangeable & Non-Refundable product.</b>
Category,Girls Trousers,GIRLS PREMIUM COMFORT FIT TROUSERS,GCFT,BK,25,0,
Junior,St Mary's Maltby,Leavers Hoodie 26,18500LS,NB,16,19,This product will come with school logo left chest and leavers design on the back.<br/><b>Last of ordering is 30th September</b><br/><b style=color:#ff0000;>Made to order only. This is a Non-Exchangeable & Non-Refundable product.</b>
Senior,Brinsworth Academy,Boys Blazer,BCJ,GreyBrinsworth,25,30,
Senior,Brinsworth Academy,Girls Blazers,GCJ,GreyBrinsworth,25,30,
Senior,Brinsworth Academy,Girls 100% Cotton Knitted V Neck Jumper (With Logo),GPTHINJ,GreyBrinsworth,16,0,
Senior,Brinsworth Academy,100% Cotton Knitted V Neck Jumper (With Logo).,PTHINJ,GreyBrinsworth,16,0,
Senior,Brinsworth Academy,Trutex Unisex PE Polo,SPB,NavyRoyalBrinsworth,13,15,
Senior,Brinsworth Academy,Trutex Girls PE Polo,SPG,NavyRoyalBrinsworth,13,15,
Senior,Brinsworth Academy,Clip on Tie,CTIENEW,Brinsworth,6.5,0,
Senior,Brinsworth Academy,SHORT SLEEVE BLOUSE TWIN PACK NON IRON,PSBH,WHT,10,25,
Senior,Brinsworth Academy,SHORT SLEEVE SHIRT TWIN PACK NON IRON,PSSH,WHT,10,12,
Senior,Wales High School,STANNO ¼ ZIP TOP (With Logo),STANNO,BK,18,0,
Senior,Chesterfield College Group - Childhood Studies,Uneek Classic Poloshirt,UC101,NB,9,0,<b style=color:#ff0000;>Made to order only. This is a Non-Exchangeable & Non-Refundable product.</b>
Junior,Woodlands Primary School,Leavers Hoodie 26,18500LS,FG,16,19,"Includes a school logo on the left chest, white printed initials on the right, and a white leavers design on the back.<br/><b>Order by October 1st. </b><br/><b style=color:red>Made to order only. This is a Non-Exchangeable & Non-Refundable product.</b>"
Senior,Brinsworth Academy,Trutex Unisex PE 1/4 Zip Top with logo,BMLS,NavyRoyalBrinsworth,26.5,0,
Senior,Talbot Specialist School,Zip Hoodies,JH050B,BK,16,22,
Senior,Talbot Specialist School,Zip Hoodies,JH050B,PU,16,22,<b style=color:#ff0000;>Made to order only. This is a Non-Exchangeable & Non-Refundable product.</b>
Junior,Bolsover CofE,Clip on Tie,CTIE,NB,5.5,0,
Senior,Brinsworth Academy, Pack of 3 Cotton Knitted V Neck Jumper with Logo,PTHINJOFF,GreyBrinsworth,43.2,0,<b style=color:#ff0000;>Offer Available on Online Orders only.<br/>Made to order only. This is a Non-Exchangeable & Non-Refundable product.</b>
Junior,Holmesdale Infant,Polo Shirt (With Logo),3PP,NB,6.75,0,
Junior,Holmesdale Infant,Cardigan (With Logo),3SC,NB,9,0,
Junior,Holmesdale Infant,Sweatshirt (With Logo),3SR,NB,8.5,0,
Junior,Holmesdale Infant,Polo Shirt (With Logo),3PP,RD,6.75,0,
Junior,Holmesdale Infant,Sweatshirt (With Logo),3SR,RD,8.5,0,
Senior,Wales High School,Basic Tie,BTIE,WALES,7,0,
Junior,Holmesdale Infant,Cardigan (With Logo),3SC,RD,9,0,
Senior,HALLAMSHIRE ACADEMY STAFF,Tunic,NN310,BK,26.5,34.5,Garments come with the logo.<br/><b style=color:#ff0000;>This Product is Made to order only. This is a Non-Exchangeable & Non-Refundable product.</b>
Senior,HALLAMSHIRE ACADEMY STAFF,SOFTSHELL JACKET,RX500,BK,22.5,26.5,Garments come with the logo.<br/><b style=color:#ff0000;>This Product is Made to order only. This is a Non-Exchangeable & Non-Refundable product.</b>
Senior,HALLAMSHIRE ACADEMY STAFF,T-SHIRT,RX151,BK,8,10,Garments come with the logo.<br/><b style=color:#ff0000;>This Product is Made to order only. This is a Non-Exchangeable & Non-Refundable product.</b>
Senior,HALLAMSHIRE ACADEMY STAFF,POLO-SHIRT,RX101,BK,8.5,11,Garments come with the logo.<br/><b style=color:#ff0000;>This Product is Made to order only. This is a Non-Exchangeable & Non-Refundable product.</b>
Senior,HALLAMSHIRE ACADEMY,POLO SHIRT (With Logo),3PPH,BK,6.75,10,<b style=color:#ff0000;>This Product is Made to order only. This is a Non-Exchangeable & Non-Refundable product.</b>
Senior,HALLAMSHIRE ACADEMY,T SHIRT (With Logo),3TCH,BK,5.5,8,<b style=color:#ff0000;>This Product is Made to order only. This is a Non-Exchangeable & Non-Refundable product.</b>
Senior,HALLAMSHIRE ACADEMY,FLEECE (With Logo),3JPH,BK,16.5,25,<b style=color:#ff0000;>This Product is Made to order only. This is a Non-Exchangeable & Non-Refundable product.</b>
Senior,HALLAMSHIRE ACADEMY,CARDIGAN (With Logo),3SCH,BK,9,13.5,<b style=color:#ff0000;>This Product is Made to order only. This is a Non-Exchangeable & Non-Refundable product.</b>
Senior,HALLAMSHIRE ACADEMY,WATER BOTTLE PLAIN,BWB18,EM,4,0,<b style=color:#ff0000;>This Product is Made to order only. This is a Non-Exchangeable & Non-Refundable product.</b>
Senior,HALLAMSHIRE ACADEMY,KIDS PE T-SHIRT WITH PRINT LOGO,JC001BH,KG,6,0,<b style=color:#ff0000;>This Product is Made to order only. This is a Non-Exchangeable & Non-Refundable product.</b>
Senior,HALLAMSHIRE ACADEMY,ADULTS PE T-SHIRT WITH PRINT LOGO,JC001H,KG,8,0,Garments come with the logo
Senior,HALLAMSHIRE ACADEMY,PE Encore Training Trousers,ZR35,BK,18,25,
Senior,HALLAMSHIRE ACADEMY,BOYS LEG LENGTH TROUSERS,BLL,BK,11,14,
Senior,HALLAMSHIRE ACADEMY,BOYS COMFORT FIT TROUSERS,BCFT,BK,14,24,
Senior,HALLAMSHIRE ACADEMY,BOYS COMFORT FIT TROUSERS LONG,BCFTL,BK,16,26,
Senior,HALLAMSHIRE ACADEMY,MENS SLIM FIT TROUSERS,MSF,BK,18,20,
Senior,HALLAMSHIRE ACADEMY,Pinders Premium Straight Skirts,PPLS,BK,16,18,
Senior,HALLAMSHIRE ACADEMY,Black S Cut Skirt,SCUT,BK,17,0,
Category,Girls Trousers,COMBO OFFER NEW JERSEY HEART BUCKLE TROUSER,CJHBT,BK,12,0,
Category,Girls Trousers,NEW JERSEY HEART BUCKLE TROUSER,JHBT,BK,8,0,
Senior,Kiddiwinks Nursery,Staff Fleece,S3JP,DR,25,25,<b style=color:#ff0000;>Made to order only. This is a Non-Exchangeable & Non-Refundable product.</b>
Senior,Kiddiwinks Nursery,Polo Shirt (With Logo),3PPSTAFF,SB,12,0,<b style=color:#ff0000;>Made to order only. This is a Non-Exchangeable & Non-Refundable product.</b>
Senior,Bright Skies Nursery,Staff Fleece,S3JP,DR,25,25,<b style=color:#ff0000;>Made to order only. This is a Non-Exchangeable & Non-Refundable product.</b>
Senior,Bright Skies Nursery,Polo Shirt (With Logo),3PPSTAFF,SB,12,0,<b style=color:#ff0000;>Made to order only. This is a Non-Exchangeable & Non-Refundable product.</b>
Senior,Kiddiwinks Nursery,Pullover Hoodie,18500R,RY,15.6,0,Logo embroidered on the left chest area.<br/><b style=color:#ff0000;>Made to order only. This is a Non-Exchangeable & Non-Refundable product.</b>
Senior,Kiddiwinks Nursery,Gildan Zip Hoodie (Adults),18600R,RY,22.5,0,Logo embroidered on the left chest area.<br/><b style=color:#ff0000;>Made to order only. This is a Non-Exchangeable & Non-Refundable product.</b>
Senior,Kiddiwinks Nursery,Cardigan,3SCSTAFF,BK,22,22,Logo embroidered on the left chest area.<br/><b style=color:#ff0000;>Made to order only. This is a Non-Exchangeable & Non-Refundable product.</b>
Senior,Kiddiwinks Nursery,Staff Reversible Coat,FOD3JM,BK,33.6,0,Logo embroidered on the left chest area.<br/><b style=color:#ff0000;>Made to order only. This is a Non-Exchangeable & Non-Refundable product.</b>
Senior,Kiddiwinks Nursery,Vest,JC015,BK,10.5,0,Logo embroidered on the left chest area.<br/><b style=color:#ff0000;>Made to order only. This is a Non-Exchangeable & Non-Refundable product.</b>
Senior,Bright Skies Nursery,Pullover Hoodie,18500R,RY,15.6,0,Logo embroidered on the left chest area.<br/><b style=color:#ff0000;>Made to order only. This is a Non-Exchangeable & Non-Refundable product.</b>
Senior,Bright Skies Nursery,Gildan Zip Hoodie (Adults),18600R,RY,22.5,0,Logo embroidered on the left chest area.<br/><b style=color:#ff0000;>Made to order only. This is a Non-Exchangeable & Non-Refundable product.</b>
Senior,Bright Skies Nursery,Staff Reversible Coat,FOD3JM,BK,33.6,0,Logo embroidered on the left chest area.<br/><b style=color:#ff0000;>Made to order only. This is a Non-Exchangeable & Non-Refundable product.</b>
Senior,Bright Skies Nursery,Vest,JC015,BK,10.5,0,Logo embroidered on the left chest area.<br/><b style=color:#ff0000;>Made to order only. This is a Non-Exchangeable & Non-Refundable product.</b>
Senior,Bright Skies Nursery,Cardigan,3SCSTAFF,BK,22,22,Logo embroidered on the left chest area.<br/><b style=color:#ff0000;>Made to order only. This is a Non-Exchangeable & Non-Refundable product.</b>
Junior,Mosborough Primary School,Fleece (With Logo),3JP,NB,16,0,<b style=color:#ff0000;>Made to order only. This is a Non-Exchangeable & Non-Refundable product.</b>
Junior,Intake Primary School,Fleece (With Logo),3JP,NB,16,0,<b style=color:#ff0000;>Made to order only. This is a Non-Exchangeable & Non-Refundable product.</b>
Category,Accessories,THERMA BOTTLE,TB21,TB21BFLK_TB21BG_TB21BL_TB21BLK_TB21BWD_TB21CAM_TB21CE_TB21GD_TB21GPI_TB21GY_TB21LF_TB21LIL_TB21LIM_TB21LTL_TB21MWG_TB21OR_TB21PI_TB21PWG_TB21TE_TB21MTWHT_TB21GGD_TB21GSL_TB21GLB_TB21IBW_TB21GB_TB21CSP_TB21ILS_TB21FFF_TB21TB_TB21CEP_TB21MRD_TB21LA_TB21PP_TB21CB_TB21CR_TB21CGY_TB21OBW_TB21OSW_TB21OPOY_TB21OLPT_TB21OPMG_TB21OPPP_TB21OWR_TB21OSR_TB21GWG_TB21WWD_TB21MGRT_TB21MTS_TB21MBS_TB21MRG_TB21MRSC,9,0,
Category,Stationery,THERMA BOTTLE,TB21,TB21BFLK_TB21BG_TB21BL_TB21BLK_TB21BWD_TB21CAM_TB21CE_TB21GD_TB21GPI_TB21GY_TB21LF_TB21LIL_TB21LIM_TB21LTL_TB21MWG_TB21OR_TB21PI_TB21PWG_TB21TE_TB21MTWHT_TB21GGD_TB21GSL_TB21GLB_TB21IBW_TB21GB_TB21CSP_TB21ILS_TB21FFF_TB21TB_TB21CEP_TB21MRD_TB21LA_TB21PP_TB21CB_TB21CR_TB21CGY_TB21OBW_TB21OSW_TB21OPOY_TB21OLPT_TB21OPMG_TB21OPPP_TB21OWR_TB21OSR_TB21GWG_TB21WWD_TB21MGRT_TB21MTS_TB21MBS_TB21MRG_TB21MRSC,9,0,
Senior,King Ecgbert,Leavers Hoodie,18500-KING,CC,19,0,Includes a school logo on the left chest and a leavers design on the back.<br/><b>Order by 8th Mar 2026<b><br/><b style=color:red>This product will be Shipped to school only<br/>Made to order only. This is a Non-Exchangeable & Non-Refundable product</b>
Senior,Sheffield Park Academy,Clip on Tie,CTIE,YW,6.5,0,
Senior,Sheffield Park Academy,Clip on Tie,CTIE,SV,6.5,0,
Senior,Sheffield Park Academy,Clip on Tie,CTIE,KG,6.5,0,
Senior,Rawmarsh Community School,Leavers Hoodie,18500LSRM,CC,19,0,Includes a school logo on the left chest and a Rawmarsh leavers design on the back.<b>Order by 20th April</b><br/><b style=color:red;>This product will be Shipped to school only.Made to order only. This is a Non-Exchangeable & Non-Refundable product</b>
Senior,Venn Academy Trust,Pro RTX Pro Sweatshirt (With Logo),RX301,NB,14,0,Staff Uniform<br/><b style=color:#ff0000;>Made to order only. This is a Non-Exchangeable & Non-Refundable product.</b>
Junior,Willow Park School,Fleece (With Logo),3JP,BK,16,0,<b style=color:#ff0000;>Made to order only. This is a Non-Exchangeable & Non-Refundable product.</b>
Senior,Venn Academy Trust,POLO-SHIRT,RX101,NB,8.5,0,Staff Uniform<br/><b style=color:#ff0000;>Made to order only. This is a Non-Exchangeable & Non-Refundable product.</b>
Senior,Venn Academy Trust,T-SHIRT,RX151,NB,8,10,Staff Uniform<br/><b style=color:#ff0000;>Made to order only. This is a Non-Exchangeable & Non-Refundable product.</b>
Senior,Venn Academy Trust,POLO LONG SLEEVE,RX102,NB,12,0,Staff Uniform<br/><b style=color:#ff0000;>Made to order only. This is a Non-Exchangeable & Non-Refundable product.</b>
Category,Special Offers,Pack of 5 Polo Shirts,MC3PPNEW,CC,10,20,Pack includes 5pcs of same size and same coloured garments.<br/><b style=color:#ff0000;>These are non exchangeable and non refundable.</b>
Senior,Bradfield School, Pack of 3 Cotton Knitted V Neck Jumper with Logo,PTHINJOFF,BK-Bradfield,43.2,0,<b style=color:#ff0000;>Offer Available on Online Orders only.<br/>Made to order only. This is a Non-Exchangeable & Non-Refundable product.</b>
Senior,King Ecgbert, Pack of 3 Cotton Knitted V Neck Jumper with Logo,PTHINJOFF,BK-KEcgbert,43.2,0,<b style=color:#ff0000;>Offer Available on Online Orders only.<br/>Made to order only. This is a Non-Exchangeable & Non-Refundable product.</b>
Senior,Oakwood High, Pack of 3 Cotton Knitted V Neck Jumper with Logo,PTHINJOFF,GY-OAK,43.2,0,<b style=color:#ff0000;>Offer Available on Online Orders only.<br/>Made to order only. This is a Non-Exchangeable & Non-Refundable product.</b>
Junior,Totley Primary,3 (Plain) Sweatshirt Offer,3SROFFP,NB,20.25,0,<b style=color:#ff0000;>Offer Available on Online Orders only<br/>Made to order only. This is a Non-Exchangeable & Non-Refundable product.</b>
Junior,Totley Primary,3 (Plain) Cardigan Offer,3SCOFFP,NB,21.6,0,<b style=color:#ff0000;>Offer Available on Online Orders only<br/>Made to order only. This is a Non-Exchangeable & Non-Refundable product.</b>
Junior,Totley Primary,Pack of 5 (Plain) Polo Shirts Offer,3PPOFFP,NB,15,0,<b style=color:#ff0000;>Offer Available on Online Orders only<br/>Made to order only. This is a Non-Exchangeable & Non-Refundable product.</b>
Senior,All Saints Catholic High School,Pack of 3 Pinders Acrylic Jumper with logo,PAJOFF,GY-ASC,37.8,52.65,<b style=color:#ff0000;>Offer Available on Online Orders only.<br/>Made to order only. This is a Non-Exchangeable & Non-Refundable product.</b>
Senior,All Saints Catholic High School,Pack of 5 Polo Shirt With Logo,3PPLOFF,SB,30.38,45,<b style=color:#ff0000;>Offer Available on Online Orders only.<br/>Made to order only. This is a Non-Exchangeable & Non-Refundable product.</b>
Senior,Oakwood High,Senior Pleat Skirts,GSTCAS,GY,20,0,
Senior,Oakwood High,Leavers Hoodie 26,18500LSD,CC,19,0,Includes a school logo on the left chest and a white leavers design on the back.<b>Order by 14th Jan 2026<b><br/><b style=color:red>This product will be Shipped to school only<br/>Made to order only. This is a Non-Exchangeable & Non-Refundable product
Senior,St Mary's CE Academy,Polo Shirt (With Logo),3PP,WHT,6.75,0,
Senior,St Mary's CE Academy,PE T-Shirt (With Logo),3TCAB,WHT,4.5,6.75,<b style=color:#ff0000;>Made to order only. This is a Non-Exchangeable & Non-Refundable product.</b>
Senior,St Mary's CE Academy,PE T-Shirt (With Logo),3TCAB,NB,4.5,6.75,<b style=color:#ff0000;>Made to order only. This is a Non-Exchangeable & Non-Refundable product.</b>
Senior,St Mary's CE Academy,Fleece (With Logo),3JPSM,NB,16,23,<b style=color:#ff0000;>Made to order only. This is a Non-Exchangeable & Non-Refundable product.</b>
Senior,St Mary's CE Academy,Shadow Stripe Shorts,3BS,NB,2.5,6,
Senior,St Mary's CE Academy,Shadow Stripe Shorts,3BSAB,BK,2.5,6,
Senior,St Mary's CE Academy,Bookbag,BB03,NB,4.5,0,
Senior,St Mary's CE Academy,Drawstring Bag,SH5890,NB,3,0,
Senior,St Mary's CE Academy,V Neck Sweatshirt (With Logo),3SVSM,NB,10,15,<b style=color:#ff0000;>Made to order only. This is a Non-Exchangeable & Non-Refundable product.</b>
Senior,St Mary's CE Academy,Cardigan (With Logo),3SCSM,NB,9,13.5,<b style=color:#ff0000;>Made to order only. This is a Non-Exchangeable & Non-Refundable product.</b>
Senior,St Mary's CE Academy,Blazer - Boys,1UASM,NB,25,0,<b style=color:#ff0000;>Made to order only. This is a Non-Exchangeable & Non-Refundable product.</b>
Senior,St Mary's CE Academy,Blazer - Girls,1UJSM,NB,25,0,<b style=color:#ff0000;>Made to order only. This is a Non-Exchangeable & Non-Refundable product.</b>
Senior,St Mary's CE Academy,SHORT SLEEVE BLOUSE TWIN PACK NON IRON,PSBH,WHT,10,25,
Senior,St Mary's CE Academy,SHORT SLEEVE SHIRT TWIN PACK NON IRON,PSSH,WHT,10,12,
Senior,St Mary's CE Academy,SHADOW STRIPE SHORTS,KASSS,BK,2.5,3.5,
Senior,St Mary's CE Academy,Clip on Tie,CTIE,SMCEA,5.5,0,
Senior,St Bernards Catholic High School,Leavers Hoodie 26,18500LSD,CC,19,0,Includes a school logo on the left chest and a white leavers design on the back.<b>Order by 10th April 2026<b><br/><b style=color:red>This product will be Shipped to school only<br/>Made to order only. This is a Non-Exchangeable & Non-Refundable product
Senior,Thrybergh School & Sports College,Leaver Hoodies,18500LSC,SG,25,0,Includes school logo on the left chest and leavers design on the back.<b>Order by 27th Feb 2026</b><br/><b style=color:red>This product will be Shipped to school only<br/>Made to order only. This is a Non-Exchangeable & Non-Refundable product.</b>
Junior,Mossbrook Primary,Fleece (With Logo),3JP,BK,16,0,<b style=color:#ff0000;>Made to order only. This is a Non-Exchangeable & Non-Refundable product.</b>
Junior,Mossbrook Primary,PE T-Shirt (With Logo),3TC,WHT,4.5,0,
Senior,Rotherham College - Course Hoodies ,Pullover Hoodie,18500R,BK-WHT,20.5,0,Games & Animation Hoodie
Senior,Rotherham College - Course Hoodies ,Pullover Hoodie,18500R,BK-WL,20.5,0,Computing Hoodie
Senior,Rotherham College - Course Hoodies ,Gildan Zip Hoodie (Adults),18600R,BK-WL,26,0,Computing Zip Hoodie
Senior,Rotherham College - Course Hoodies ,Gildan Zip Hoodie (Adults),18600R,BK-WHT,26,0,Black Games & Animation Zip Hoodie
Junior,Oughtibridge Primary School,3 Cardigan Offer (With Logo),3SCOFF,NB,24.3,0,<b style=color:#ff0000;>Offer Available on Online Orders only<br/>Made to order only. This is a Non-Exchangeable & Non-Refundable product.</b>
Junior,Oughtibridge Primary School,5 Polo Offer (With Logo),3PPOFF,NB,30.38,0,<b style=color:#ff0000;>Offer Available on Online Orders only<br/>Made to order only. This is a Non-Exchangeable & Non-Refundable product.</b>
Junior,Oughtibridge Primary School,3 Sweatshirt Offer (With Logo),3SROFF,NB,22.95,0,<b style=color:#ff0000;>Offer Available on Online Orders only<br/>Made to order only. This is a Non-Exchangeable & Non-Refundable product.</b>
Junior,Oughtibridge Primary School,5 Polo Offer (With Logo),3PPOFF,WHT,30.38,0,<b style=color:#ff0000;>Offer Available on Online Orders only<br/>Made to order only. This is a Non-Exchangeable & Non-Refundable product.</b>
Junior,Phillimore Community Primary School,Cardigan (With Logo),3SC,RD,9,0,
Junior,Phillimore Community Primary School,Sweatshirt (With Logo),3SR,RD,8.5,0,
Junior,Phillimore Community Primary School,Bookbag,BB03,RD,4.5,0,
Junior,Phillimore Community Primary School,Infant Backpack,IBMP12,RD,14,0,
Junior,Phillimore Community Primary School,Polo Shirt (With Logo),3PP,WHT,6.75,0,
Junior,Phillimore Community Primary School,Shadow Stripe Shorts,3BS,BK,2.5,0,
Junior,Phillimore Community Primary School,Drawstring Bag,SH5890,RD,3,0,
Junior,Phillimore Community Primary School,Polo Shirt (With Logo),3PP,GD,6.75,0,
Junior,Phillimore Community Primary School,Fleece (With Logo),3JP,RD,16,0,<b style=color:#ff0000;>Made to order only. This is a Non-Exchangeable & Non-Refundable product.</b>
Junior,Phillimore Community Primary School,THERMA BOTTLE,TB21,TB21BFLK_TB21BG_TB21BL_TB21BLK_TB21BWD_TB21CAM_TB21CE_TB21GD_TB21GPI_TB21GY_TB21LF_TB21LIL_TB21LIM_TB21LTL_TB21MWG_TB21OR_TB21PI_TB21PWG_TB21TE_TB21MTWHT_TB21GGD_TB21GSL_TB21GLB_TB21IBW_TB21GB_TB21CSP_TB21ILS_TB21FFF_TB21TB_TB21CEP_TB21MRD_TB21LA_TB21PP_TB21CB_TB21CR_TB21CGY_TB21OBW_TB21OSW_TB21OPOY_TB21OLPT_TB21OPMG_TB21OPPP_TB21OWR_TB21OSR_TB21GWG_TB21WWD_TB21MGRT_TB21MTS_TB21MBS_TB21MRG_TB21MRSC,9,0,
Junior,Phillimore Community Primary School,Junior Backpack,JBMP12,RD,15,0,
Junior,Phillimore Community Primary School,5 Polo Offer (With Logo),3PPOFF,WHT,30.38,0,<b style=color:#ff0000;>Offer Available on Online Orders only<br/>Made to order only. This is a Non-Exchangeable & Non-Refundable product.</b>
Junior,Phillimore Community Primary School,5 Polo Offer (With Logo),3PPOFF,GD,30.38,0,<b style=color:#ff0000;>Offer Available on Online Orders only<br/>Made to order only. This is a Non-Exchangeable & Non-Refundable product.</b>
Junior,Phillimore Community Primary School,3 Sweatshirt Offer (With Logo),3SROFF,RD,22.95,0,<b style=color:#ff0000;>Offer Available on Online Orders only<br/>Made to order only. This is a Non-Exchangeable & Non-Refundable product.</b>
Junior,Phillimore Community Primary School,3 Cardigan Offer (With Logo),3SCOFF,RD,24.3,0,<b style=color:#ff0000;>Offer Available on Online Orders only<br/>Made to order only. This is a Non-Exchangeable & Non-Refundable product.</b>
Junior,Monkwood Primary,5 Polo Offer (With Logo),3PPOFF,NB,30.38,0,<b style=color:#ff0000;>Offer Available on Online Orders only<br/>Made to order only. This is a Non-Exchangeable & Non-Refundable product.</b>
Junior,Monkwood Primary,3 Cardigan Offer (With Logo),3SCOFF,NB,24.3,0,<b style=color:#ff0000;>Offer Available on Online Orders only<br/>Made to order only. This is a Non-Exchangeable & Non-Refundable product.</b>
Junior,Monkwood Primary,3 Sweatshirt Offer (With Logo),3SROFF,NB,22.95,0,<b style=color:#ff0000;>Offer Available on Online Orders only<br/>Made to order only. This is a Non-Exchangeable & Non-Refundable product.</b>
Junior,Monkwood Primary,5 Polo Offer (With Logo),3PPOFF,WHT,30.38,0,<b style=color:#ff0000;>Offer Available on Online Orders only<br/>Made to order only. This is a Non-Exchangeable & Non-Refundable product.</b>
Junior,Dore Primary,5 Polo Offer (With Logo),3PPOFF,WHT,30.38,0,<b style=color:#ff0000;>Offer Available on Online Orders only<br/>Made to order only. This is a Non-Exchangeable & Non-Refundable product.</b>
Junior,Dore Primary,5 Polo Offer (With Logo),3PPOFF,NB,30.38,0,<b style=color:#ff0000;>Offer Available on Online Orders only<br/>Made to order only. This is a Non-Exchangeable & Non-Refundable product.</b>
Junior,Dore Primary,3 Cardigan Offer (With Logo),3SCOFF,NB,24.3,0,<b style=color:#ff0000;>Offer Available on Online Orders only<br/>Made to order only. This is a Non-Exchangeable & Non-Refundable product.</b>
Junior,Dore Primary,3 Sweatshirt Offer (With Logo),3SROFF,NB,22.95,0,<b style=color:#ff0000;>Offer Available on Online Orders only<br/>Made to order only. This is a Non-Exchangeable & Non-Refundable product.</b>
Junior,Abbey Lane,5 Polo Offer (With Logo),3PPOFF,WHT,30.38,0,<b style=color:#ff0000;>Offer Available on Online Orders only<br/>Made to order only. This is a Non-Exchangeable & Non-Refundable product.</b>
Junior,Abbey Lane,3 Cardigan Offer (With Logo),3SCOFF,JD,24.3,0,<b style=color:#ff0000;>Offer Available on Online Orders only<br/>Made to order only. This is a Non-Exchangeable & Non-Refundable product.</b>
Junior,Abbey Lane,3 Sweatshirt Offer (With Logo),3SROFF,JD,22.95,0,<b style=color:#ff0000;>Offer Available on Online Orders only<br/>Made to order only. This is a Non-Exchangeable & Non-Refundable product.</b>
Junior,Abbey Lane,5 Polo Offer (With Logo),3PPOFF,BK,30.38,0,<b style=color:#ff0000;>Offer Available on Online Orders only<br/>Made to order only. This is a Non-Exchangeable & Non-Refundable product.</b>
Junior,Abbey Lane,5 Polo Offer (With Logo),3PPOFF,DJ,30.38,0,<b style=color:#ff0000;>Offer Available on Online Orders only<br/>Made to order only. This is a Non-Exchangeable & Non-Refundable product.</b>
Junior,Acres Hill,5 Polo Offer (With Logo),3PPOFF,SB,30.38,0,<b style=color:#ff0000;>Offer Available on Online Orders only<br/>Made to order only. This is a Non-Exchangeable & Non-Refundable product.</b>
Junior,Acres Hill,3 Cardigan Offer (With Logo),3SCOFF,NB,24.3,0,<b style=color:#ff0000;>Offer Available on Online Orders only<br/>Made to order only. This is a Non-Exchangeable & Non-Refundable product.</b>
Junior,Acres Hill,3 Sweatshirt Offer (With Logo),3SROFF,NB,22.95,0,<b style=color:#ff0000;>Offer Available on Online Orders only<br/>Made to order only. This is a Non-Exchangeable & Non-Refundable product.</b>
Junior,Angram Bank,5 Polo Offer (With Logo),3PPOFF,RD,30.38,0,<b style=color:#ff0000;>Offer Available on Online Orders only<br/>Made to order only. This is a Non-Exchangeable & Non-Refundable product.</b>
Junior,Angram Bank,3 Cardigan Offer (With Logo),3SCOFF,NB,24.3,0,<b style=color:#ff0000;>Offer Available on Online Orders only<br/>Made to order only. This is a Non-Exchangeable & Non-Refundable product.</b>
Junior,Angram Bank,3 Sweatshirt Offer (With Logo),3SROFF,NB,22.95,0,<b style=color:#ff0000;>Offer Available on Online Orders only<br/>Made to order only. This is a Non-Exchangeable & Non-Refundable product.</b>
Junior,Angram Bank,5 Polo Offer (With Logo),3PPOFF,SB,30.38,0,<b style=color:#ff0000;>Offer Available on Online Orders only<br/>Made to order only. This is a Non-Exchangeable & Non-Refundable product.</b>
Junior,Anns Grove,5 Polo Offer (With Logo),3PPOFF,WHT,30.38,0,<b style=color:#ff0000;>Offer Available on Online Orders only<br/>Made to order only. This is a Non-Exchangeable & Non-Refundable product.</b>
Junior,Anns Grove,3 Cardigan Offer (With Logo),3SCOFF,NB,24.3,0,<b style=color:#ff0000;>Offer Available on Online Orders only<br/>Made to order only. This is a Non-Exchangeable & Non-Refundable product.</b>
Junior,Anns Grove,3 Sweatshirt Offer (With Logo),3SROFF,NB,22.95,0,<b style=color:#ff0000;>Offer Available on Online Orders only<br/>Made to order only. This is a Non-Exchangeable & Non-Refundable product.</b>
Junior,Anns Grove,3 Sweatshirt Offer (With Logo),3SROFF,RD,22.95,0,<b style=color:#ff0000;>Offer Available on Online Orders only<br/>Made to order only. This is a Non-Exchangeable & Non-Refundable product.</b>
Junior,Anston Brook Primary,5 Polo Offer (With Logo),3PPOFF,RD,30.38,0,<b style=color:#ff0000;>Offer Available on Online Orders only<br/>Made to order only. This is a Non-Exchangeable & Non-Refundable product.</b>
Junior,Anston Brook Primary,3 Cardigan Offer (With Logo),3SCOFF,NB,24.3,0,<b style=color:#ff0000;>Offer Available on Online Orders only<br/>Made to order only. This is a Non-Exchangeable & Non-Refundable product.</b>
Junior,Anston Brook Primary,3 Sweatshirt Offer (With Logo),3SROFF,NB,22.95,0,<b style=color:#ff0000;>Offer Available on Online Orders only<br/>Made to order only. This is a Non-Exchangeable & Non-Refundable product.</b>
Junior,Anston Hillcrest,5 Polo Offer (With Logo),3PPOFF,RD,30.38,0,<b style=color:#ff0000;>Offer Available on Online Orders only<br/>Made to order only. This is a Non-Exchangeable & Non-Refundable product.</b>
Junior,Anston Hillcrest,3 Cardigan Offer (With Logo),3SCOFF,RD,24.3,0,<b style=color:#ff0000;>Offer Available on Online Orders only<br/>Made to order only. This is a Non-Exchangeable & Non-Refundable product.</b>
Junior,Anston Hillcrest,3 Sweatshirt Offer (With Logo),3SROFF,RD,22.95,0,<b style=color:#ff0000;>Offer Available on Online Orders only<br/>Made to order only. This is a Non-Exchangeable & Non-Refundable product.</b>
Junior,Anston Hillcrest,5 Polo Offer (With Logo),3PPOFF,WHT,30.38,0,<b style=color:#ff0000;>Offer Available on Online Orders only<br/>Made to order only. This is a Non-Exchangeable & Non-Refundable product.</b>
Junior,Anston Park Junior School,5 Polo Offer (With Logo),3PPOFF,NB,30.38,0,<b style=color:#ff0000;>Offer Available on Online Orders only<br/>Made to order only. This is a Non-Exchangeable & Non-Refundable product.</b>
Junior,Anston Park Junior School,3 Cardigan Offer (With Logo),3SCOFF,NB,24.3,0,<b style=color:#ff0000;>Offer Available on Online Orders only<br/>Made to order only. This is a Non-Exchangeable & Non-Refundable product.</b>
Junior,Anston Park Junior School,3 Sweatshirt Offer (With Logo),3SROFF,NB,22.95,0,<b style=color:#ff0000;>Offer Available on Online Orders only<br/>Made to order only. This is a Non-Exchangeable & Non-Refundable product.</b>
Junior,Anston Park Junior School,5 Polo Offer (With Logo),3PPOFF,WHT,30.38,0,<b style=color:#ff0000;>Offer Available on Online Orders only<br/>Made to order only. This is a Non-Exchangeable & Non-Refundable product.</b>
Junior,Arnold Nursery School and Children's Centre ,5 Polo Offer (With Logo),3PPOFF,WHT,30.38,0,<b style=color:#ff0000;>Offer Available on Online Orders only<br/>Made to order only. This is a Non-Exchangeable & Non-Refundable product.</b>
Junior,Arnold Nursery School and Children's Centre ,3 Cardigan Offer (With Logo),3SCOFF,BT,24.3,0,<b style=color:#ff0000;>Offer Available on Online Orders only<br/>Made to order only. This is a Non-Exchangeable & Non-Refundable product.</b>
Junior,Arnold Nursery School and Children's Centre ,3 Sweatshirt Offer (With Logo),3SROFF,BT,22.95,0,
Junior,Ashgate Croft,5 Polo Offer (With Logo),3PPOFF,NB,30.38,0,<b style=color:#ff0000;>Offer Available on Online Orders only<br/>Made to order only. This is a Non-Exchangeable & Non-Refundable product.</b>
Junior,Ashgate Croft,3 Sweatshirt Offer (With Logo),3SROFF,NB,22.95,0,<b style=color:#ff0000;>Offer Available on Online Orders only<br/>Made to order only. This is a Non-Exchangeable & Non-Refundable product.</b>
Junior,Ashgate Croft,5 Polo Offer (With Logo),3PPOFF,RD,30.38,0,<b style=color:#ff0000;>Offer Available on Online Orders only<br/>Made to order only. This is a Non-Exchangeable & Non-Refundable product.</b>
Junior,Ashgate Croft,3 Sweatshirt Offer (With Logo),3SROFF,RD,22.95,0,<b style=color:#ff0000;>Offer Available on Online Orders only<br/>Made to order only. This is a Non-Exchangeable & Non-Refundable product.</b>
Junior,Aston All Saints,5 Polo Offer (With Logo),3PPOFF,WHT,30.38,0,<b style=color:#ff0000;>Offer Available on Online Orders only<br/>Made to order only. This is a Non-Exchangeable & Non-Refundable product.</b>
Junior,Aston All Saints,3 Cardigan Offer (With Logo),3SCOFF,BY,24.3,0,<b style=color:#ff0000;>Offer Available on Online Orders only<br/>Made to order only. This is a Non-Exchangeable & Non-Refundable product.</b>
Junior,Aston All Saints,3 Sweatshirt Offer (With Logo),3SROFF,BY,22.95,0,<b style=color:#ff0000;>Offer Available on Online Orders only<br/>Made to order only. This is a Non-Exchangeable & Non-Refundable product.</b>
Junior,Phillimore Community Primary School,"Pack of Tic Tak, Hair bands & Headbands",NWT305,BK_NB_RD_RY_BT_MRN,5,0,
Junior,Wickersley Northfield,5 Polo Offer (With Logo),3PPOFF,SB,30.38,0,<b style=color:#ff0000;>Offer Available on Online Orders only<br/>Made to order only. This is a Non-Exchangeable & Non-Refundable product.</b>
Junior,Wickersley Northfield,3 Cardigan Offer (With Logo),3SCOFF,BY,24.3,0,<b style=color:#ff0000;>Offer Available on Online Orders only<br/>Made to order only. This is a Non-Exchangeable & Non-Refundable product.</b>
Junior,Wickersley Northfield,3 Sweatshirt Offer (With Logo),3SROFF,BY,22.95,0,<b style=color:#ff0000;>Offer Available on Online Orders only<br/>Made to order only. This is a Non-Exchangeable & Non-Refundable product.</b>
Junior,Phillimore Community Primary School,Permanent Stick On Name Labels,NAMELABELS,Standard,5,0,
Junior,Phillimore Community Primary School,Pack of 5 White Polo Shirts,3PP5,WHT,10,0,
Junior,Phillimore Community Primary School,ANKLE SOCKS (Pack of 3),BSS,BK_NB_GY_WHT,3,0,
Junior,Phillimore Community Primary School,KNEE HIGH SOCKS WITH BOW (Single Pair),KHSWB,BK_NB_GY_WHT,3.5,0,
Junior,Phillimore Community Primary School,PLAIN KNEE HIGH SOCKS (Pack of 3),KHS,BK_NB_GY_WHT,5,0,
Junior,Phillimore Community Primary School,Pinders Tote Bag,SH4112,PIN,3,0,
Junior,Phillimore Community Primary School,SHADOW STRIPE SHORTS,KASSS,BK_NB_RD_RY_BT_MRN_WHT,2.5,3.5,
Junior,Greenhill Primary School,5 Polo Offer (With Logo),3PPOFF,BK,30.38,0,<b style=color:#ff0000;>Offer Available on Online Orders only<br/>Made to order only. This is a Non-Exchangeable & Non-Refundable product.</b>
Junior,Greenhill Primary School,3 Cardigan Offer (With Logo),3SCOFF,RD,24.3,0,<b style=color:#ff0000;>Offer Available on Online Orders only<br/>Made to order only. This is a Non-Exchangeable & Non-Refundable product.</b>
Junior,Greenhill Primary School,3 Sweatshirt Offer (With Logo),3SROFF,RD,22.95,0,<b style=color:#ff0000;>Offer Available on Online Orders only<br/>Made to order only. This is a Non-Exchangeable & Non-Refundable product.</b>
Junior,Greenhill Primary School,5 Polo Offer (With Logo),3PPOFF,WHT,30.38,0,<b style=color:#ff0000;>Offer Available on Online Orders only<br/>Made to order only. This is a Non-Exchangeable & Non-Refundable product.</b>
Junior,Aston Fence Junior and Infant,5 Polo Offer (With Logo),3PPOFF,EM,30.38,0,<b style=color:#ff0000;>Offer Available on Online Orders only<br/>Made to order only. This is a Non-Exchangeable & Non-Refundable product.</b>
Junior,Aston Fence Junior and Infant,3 Cardigan Offer (With Logo),3SCOFF,EM,24.3,0,<b style=color:#ff0000;>Offer Available on Online Orders only<br/>Made to order only. This is a Non-Exchangeable & Non-Refundable product.</b>
Junior,Aston Fence Junior and Infant,3 Sweatshirt Offer (With Logo),3SROFF,EM,22.95,0,<b style=color:#ff0000;>Offer Available on Online Orders only<br/>Made to order only. This is a Non-Exchangeable & Non-Refundable product.</b>
Junior,Aston Fence Junior and Infant,5 Polo Offer (With Logo),3PPOFF,GD,30.38,0,<b style=color:#ff0000;>Offer Available on Online Orders only<br/>Made to order only. This is a Non-Exchangeable & Non-Refundable product.</b>
Junior,Aston Hall,5 Polo Offer (With Logo),3PPOFF,DR,30.38,0,<b style=color:#ff0000;>Offer Available on Online Orders only<br/>Made to order only. This is a Non-Exchangeable & Non-Refundable product.</b>
Junior,Aston Hall,5 Polo Offer (With Logo),3PPOFF,GD,30.38,0,<b style=color:#ff0000;>Offer Available on Online Orders only<br/>Made to order only. This is a Non-Exchangeable & Non-Refundable product.</b>
Junior,Aston Hall,3 Cardigan Offer (With Logo),3SCOFF,DD,24.3,0,<b style=color:#ff0000;>Offer Available on Online Orders only<br/>Made to order only. This is a Non-Exchangeable & Non-Refundable product.</b>
Junior,Aston Hall,3 Sweatshirt Offer (With Logo),3SROFF,DD,22.95,0,<b style=color:#ff0000;>Offer Available on Online Orders only<br/>Made to order only. This is a Non-Exchangeable & Non-Refundable product.</b>
Junior,Aston Lodge,5 Polo Offer (With Logo),3PPOFF,SB,30.38,0,<b style=color:#ff0000;>Offer Available on Online Orders only<br/>Made to order only. This is a Non-Exchangeable & Non-Refundable product.</b>
Junior,Aston Lodge,3 Cardigan Offer (With Logo),3SCOFF,NB,24.3,0,<b style=color:#ff0000;>Offer Available on Online Orders only<br/>Made to order only. This is a Non-Exchangeable & Non-Refundable product.</b>
Junior,Aston Lodge,3 Sweatshirt Offer (With Logo),3SROFF,NB,22.95,0,<b style=color:#ff0000;>Offer Available on Online Orders only<br/>Made to order only. This is a Non-Exchangeable & Non-Refundable product.</b>
Junior,Athelstan Primary,3 Cardigan Offer (With Logo),3SCOFF,JD,24.3,0,<b style=color:#ff0000;>Offer Available on Online Orders only<br/>Made to order only. This is a Non-Exchangeable & Non-Refundable product.</b>
Junior,Athelstan Primary,3 Sweatshirt Offer (With Logo),3SROFF,JD,22.95,0,<b style=color:#ff0000;>Offer Available on Online Orders only<br/>Made to order only. This is a Non-Exchangeable & Non-Refundable product.</b>
Junior,Athelstan Primary,5 Polo Offer (With Logo),3PPOFF,WHT,30.38,0,<b style=color:#ff0000;>Offer Available on Online Orders only<br/>Made to order only. This is a Non-Exchangeable & Non-Refundable product.</b>
Junior,Athelstan Primary,5 Polo Offer (With Logo),3PPOFF,DJ,30.38,0,<b style=color:#ff0000;>Offer Available on Online Orders only<br/>Made to order only. This is a Non-Exchangeable & Non-Refundable product.</b>
Junior,Badsley Primary,5 Polo Offer (With Logo),3PPOFF,PU,30.38,0,<b style=color:#ff0000;>Offer Available on Online Orders only<br/>Made to order only. This is a Non-Exchangeable & Non-Refundable product.</b>
Junior,Badsley Primary,3 Cardigan Offer (With Logo),3SCOFF,PU,24.3,0,<b style=color:#ff0000;>Offer Available on Online Orders only<br/>Made to order only. This is a Non-Exchangeable & Non-Refundable product.</b>
Junior,Badsley Primary,3 Sweatshirt Offer (With Logo),3SROFF,PU,22.95,0,<b style=color:#ff0000;>Offer Available on Online Orders only<br/>Made to order only. This is a Non-Exchangeable & Non-Refundable product.</b>
Junior,Badsley Primary,5 Polo Offer (With Logo),3PPOFF,WHT,30.38,0,<b style=color:#ff0000;>Offer Available on Online Orders only<br/>Made to order only. This is a Non-Exchangeable & Non-Refundable product.</b>
Junior,Badsley Primary,3 Cardigan Offer (With Logo),3SCOFF,BK,24.3,0,<b style=color:#ff0000;>Offer Available on Online Orders only<br/>Made to order only. This is a Non-Exchangeable & Non-Refundable product.</b>
Junior,Badsley Primary,3 Sweatshirt Offer (With Logo),3SROFF,BK,22.95,0,<b style=color:#ff0000;>Offer Available on Online Orders only<br/>Made to order only. This is a Non-Exchangeable & Non-Refundable product.</b>
Junior,Barlborough Primary,5 Polo Offer (With Logo),3PPOFF,RD,30.38,0,<b style=color:#ff0000;>Offer Available on Online Orders only<br/>Made to order only. This is a Non-Exchangeable & Non-Refundable product.</b>
Junior,Barlborough Primary,3 Cardigan Offer (With Logo),3SCOFF,RD,24.3,0,<b style=color:#ff0000;>Offer Available on Online Orders only<br/>Made to order only. This is a Non-Exchangeable & Non-Refundable product.</b>
Junior,Barlborough Primary,3 Sweatshirt Offer (With Logo),3SROFF,RD,22.95,0,<b style=color:#ff0000;>Offer Available on Online Orders only<br/>Made to order only. This is a Non-Exchangeable & Non-Refundable product.</b>
Junior,Barlborough Primary,5 Polo Offer (With Logo),3PPOFF,WHT,30.38,0,<b style=color:#ff0000;>Offer Available on Online Orders only<br/>Made to order only. This is a Non-Exchangeable & Non-Refundable product.</b>
Junior,Barlow C of E,5 Polo Offer (With Logo),3PPOFF,WHT,30.38,0,<b style=color:#ff0000;>Offer Available on Online Orders only<br/>Made to order only. This is a Non-Exchangeable & Non-Refundable product.</b>
Junior,Barlow C of E,3 Cardigan Offer (With Logo),3SCOFF,BT,24.3,0,<b style=color:#ff0000;>Offer Available on Online Orders only<br/>Made to order only. This is a Non-Exchangeable & Non-Refundable product.</b>
Junior,Barlow C of E,3 Sweatshirt Offer (With Logo),3SROFF,BT,22.95,0,<b style=color:#ff0000;>Offer Available on Online Orders only<br/>Made to order only. This is a Non-Exchangeable & Non-Refundable product.</b>
Junior,Beighton Nursery Infant school ,3 Cardigan Offer (With Logo),3SCOFF,NB,24.3,0,<b style=color:#ff0000;>Offer Available on Online Orders only<br/>Made to order only. This is a Non-Exchangeable & Non-Refundable product.</b>
Junior,Beighton Nursery Infant school ,3 Sweatshirt Offer (With Logo),3SROFF,NB,22.95,0,<b style=color:#ff0000;>Offer Available on Online Orders only<br/>Made to order only. This is a Non-Exchangeable & Non-Refundable product.</b>
Junior,Birk Hill Infants,5 Polo Offer (With Logo),3PPOFF,DR,30.38,0,<b style=color:#ff0000;>Offer Available on Online Orders only<br/>Made to order only. This is a Non-Exchangeable & Non-Refundable product.</b>
Junior,Birk Hill Infants,3 Cardigan Offer (With Logo),3SCOFF,DD,24.3,0,<b style=color:#ff0000;>Offer Available on Online Orders only<br/>Made to order only. This is a Non-Exchangeable & Non-Refundable product.</b>
Junior,Birk Hill Infants,3 Sweatshirt Offer (With Logo),3SROFF,DD,22.95,0,<b style=color:#ff0000;>Offer Available on Online Orders only<br/>Made to order only. This is a Non-Exchangeable & Non-Refundable product.</b>
Junior,Birk Hill Infants,5 Polo Offer (With Logo),3PPOFF,WHT,30.38,0,<b style=color:#ff0000;>Offer Available on Online Orders only<br/>Made to order only. This is a Non-Exchangeable & Non-Refundable product.</b>
Junior,Birley Primary Academy,5 Polo Offer (With Logo),3PPOFF,NB,30.38,0,<b style=color:#ff0000;>Offer Available on Online Orders only<br/>Made to order only. This is a Non-Exchangeable & Non-Refundable product.</b>
Junior,Birley Primary Academy,3 Cardigan Offer (With Logo),3SCOFF,NB,24.3,0,<b style=color:#ff0000;>Offer Available on Online Orders only<br/>Made to order only. This is a Non-Exchangeable & Non-Refundable product.</b>
Junior,Birley Primary Academy,3 Sweatshirt Offer (With Logo),3SROFF,NB,22.95,0,<b style=color:#ff0000;>Offer Available on Online Orders only<br/>Made to order only. This is a Non-Exchangeable & Non-Refundable product.</b>
Junior,Birley Primary Academy,5 Polo Offer (With Logo),3PPOFF,WHT,30.38,0,<b style=color:#ff0000;>Offer Available on Online Orders only<br/>Made to order only. This is a Non-Exchangeable & Non-Refundable product.</b>
Junior,Birley Spa Primary Academy,5 Polo Offer (With Logo),3PPOFF,RD,30.38,0,<b style=color:#ff0000;>Offer Available on Online Orders only<br/>Made to order only. This is a Non-Exchangeable & Non-Refundable product.</b>
Junior,Birley Spa Primary Academy,3 Cardigan Offer (With Logo),3SCOFF,RD,24.3,0,<b style=color:#ff0000;>Offer Available on Online Orders only<br/>Made to order only. This is a Non-Exchangeable & Non-Refundable product.</b>
Junior,Birley Spa Primary Academy,3 Sweatshirt Offer (With Logo),3SROFF,RD,22.95,0,<b style=color:#ff0000;>Offer Available on Online Orders only<br/>Made to order only. This is a Non-Exchangeable & Non-Refundable product.</b>
Junior,Blackburn Primary,3 Cardigan Offer (With Logo),3SCOFF,DD,24.3,0,<b style=color:#ff0000;>Offer Available on Online Orders only<br/>Made to order only. This is a Non-Exchangeable & Non-Refundable product.</b>
Junior,Blackburn Primary,3 Sweatshirt Offer (With Logo),3SROFF,DD,22.95,0,<b style=color:#ff0000;>Offer Available on Online Orders only<br/>Made to order only. This is a Non-Exchangeable & Non-Refundable product.</b>
Junior,Blackburn Primary,5 Polo Offer (With Logo),3PPOFF,SB,30.38,0,<b style=color:#ff0000;>Offer Available on Online Orders only<br/>Made to order only. This is a Non-Exchangeable & Non-Refundable product.</b>
Junior,Blackburn Primary,5 Polo Offer (With Logo),3PPOFF,GD,30.38,0,<b style=color:#ff0000;>Offer Available on Online Orders only<br/>Made to order only. This is a Non-Exchangeable & Non-Refundable product.</b>
Junior,Bolsover CofE,3 Cardigan Offer (With Logo),3SCOFF,NB,24.3,0,<b style=color:#ff0000;>Offer Available on Online Orders only<br/>Made to order only. This is a Non-Exchangeable & Non-Refundable product.</b>
Junior,Bolsover CofE,3 Sweatshirt Offer (With Logo),3SROFF,NB,22.95,0,<b style=color:#ff0000;>Offer Available on Online Orders only<br/>Made to order only. This is a Non-Exchangeable & Non-Refundable product.</b>
Junior,Bolsover Infant & Nursery,5 Polo Offer (With Logo),3PPOFF,SB,30.38,0,<b style=color:#ff0000;>Offer Available on Online Orders only<br/>Made to order only. This is a Non-Exchangeable & Non-Refundable product.</b>
Junior,Bolsover Infant & Nursery,3 Cardigan Offer (With Logo),3SCOFF,NB,24.3,0,<b style=color:#ff0000;>Offer Available on Online Orders only<br/>Made to order only. This is a Non-Exchangeable & Non-Refundable product.</b>
Junior,Bolsover Infant & Nursery,3 Sweatshirt Offer (With Logo),3SROFF,NB,22.95,0,<b style=color:#ff0000;>Offer Available on Online Orders only<br/>Made to order only. This is a Non-Exchangeable & Non-Refundable product.</b>
Junior,Bolsover Infant & Nursery,5 Polo Offer (With Logo),3PPOFF,WHT,30.38,0,<b style=color:#ff0000;>Offer Available on Online Orders only<br/>Made to order only. This is a Non-Exchangeable & Non-Refundable product.</b>
Junior,Bradway Primary,5 Polo Offer (With Logo),3PPOFF,WHT,30.38,0,<b style=color:#ff0000;>Offer Available on Online Orders only<br/>Made to order only. This is a Non-Exchangeable & Non-Refundable product.</b>
Junior,Bradway Primary,3 Cardigan Offer (With Logo),3SCOFF,DD,24.3,0,<b style=color:#ff0000;>Offer Available on Online Orders only<br/>Made to order only. This is a Non-Exchangeable & Non-Refundable product.</b>
Junior,Bradway Primary,3 Sweatshirt Offer (With Logo),3SROFF,DD,22.95,0,<b style=color:#ff0000;>Offer Available on Online Orders only<br/>Made to order only. This is a Non-Exchangeable & Non-Refundable product.</b>
Junior,Bramley Sunnyside Infants,5 Polo Offer (With Logo),3PPOFF,WHT,30.38,0,<b style=color:#ff0000;>Offer Available on Online Orders only<br/>Made to order only. This is a Non-Exchangeable & Non-Refundable product.</b>
Junior,Bramley Sunnyside Infants,3 Cardigan Offer (With Logo),3SCOFF,NB,24.3,0,<b style=color:#ff0000;>Offer Available on Online Orders only<br/>Made to order only. This is a Non-Exchangeable & Non-Refundable product.</b>
Junior,Bramley Sunnyside Infants,3 Sweatshirt Offer (With Logo),3SROFF,NB,22.95,0,<b style=color:#ff0000;>Offer Available on Online Orders only<br/>Made to order only. This is a Non-Exchangeable & Non-Refundable product.</b>
Junior,Bramley Sunnyside Junior,5 Polo Offer (With Logo),3PPOFF,SB,30.38,0,<b style=color:#ff0000;>Offer Available on Online Orders only<br/>Made to order only. This is a Non-Exchangeable & Non-Refundable product.</b>
Junior,Bramley Sunnyside Junior,3 Cardigan Offer (With Logo),3SCOFF,DD,24.3,0,<b style=color:#ff0000;>Offer Available on Online Orders only<br/>Made to order only. This is a Non-Exchangeable & Non-Refundable product.</b>
Junior,Bramley Sunnyside Junior,3 Sweatshirt Offer (With Logo),3SROFF,DD,22.95,0,<b style=color:#ff0000;>Offer Available on Online Orders only<br/>Made to order only. This is a Non-Exchangeable & Non-Refundable product.</b>
Junior,Bramley Sunnyside Junior,5 Polo Offer (With Logo),3PPOFF,WHT,30.38,0,<b style=color:#ff0000;>Offer Available on Online Orders only<br/>Made to order only. This is a Non-Exchangeable & Non-Refundable product.</b>
Junior,Kilnhurst Primary,3 Cardigan Offer (With Logo),3SCOFF,RD,24.3,0,<b style=color:#ff0000;>Offer Available on Online Orders only<br/>Made to order only. This is a Non-Exchangeable & Non-Refundable product.</b>
Junior,Kilnhurst Primary,3 Sweatshirt Offer (With Logo),3SROFF,RD,22.95,0,<b style=color:#ff0000;>Offer Available on Online Orders only<br/>Made to order only. This is a Non-Exchangeable & Non-Refundable product.</b>
Junior,Brinsworth Howarth Primary,5 Polo Offer (With Logo),3PPOFF,JD,30.38,0,<b style=color:#ff0000;>Offer Available on Online Orders only<br/>Made to order only. This is a Non-Exchangeable & Non-Refundable product.</b>
Junior,Brinsworth Howarth Primary,3 Cardigan Offer (With Logo),3SCOFF,JD,24.3,0,<b style=color:#ff0000;>Offer Available on Online Orders only<br/>Made to order only. This is a Non-Exchangeable & Non-Refundable product.</b>
Junior,Brinsworth Howarth Primary,3 Sweatshirt Offer (With Logo),3SROFF,JD,22.95,0,<b style=color:#ff0000;>Offer Available on Online Orders only<br/>Made to order only. This is a Non-Exchangeable & Non-Refundable product.</b>
Junior,Brinsworth Manor Infant,5 Polo Offer (With Logo),3PPOFF,RD,30.38,0,<b style=color:#ff0000;>Offer Available on Online Orders only<br/>Made to order only. This is a Non-Exchangeable & Non-Refundable product.</b>
Junior,Brinsworth Manor Infant,3 Cardigan Offer (With Logo),3SCOFF,RD,24.3,0,<b style=color:#ff0000;>Offer Available on Online Orders only<br/>Made to order only. This is a Non-Exchangeable & Non-Refundable product.</b>
Junior,Brinsworth Manor Infant,3 Sweatshirt Offer (With Logo),3SROFF,RD,22.95,0,<b style=color:#ff0000;>Offer Available on Online Orders only<br/>Made to order only. This is a Non-Exchangeable & Non-Refundable product.</b>
Junior,Brinsworth Manor Infant,5 Polo Offer (With Logo),3PPOFF,WHT,30.38,0,<b style=color:#ff0000;>Offer Available on Online Orders only<br/>Made to order only. This is a Non-Exchangeable & Non-Refundable product.</b>
Junior,Brinsworth Manor Infant,5 Polo Offer (With Logo),3PPOFF,NB,30.38,0,<b style=color:#ff0000;>Offer Available on Online Orders only<br/>Made to order only. This is a Non-Exchangeable & Non-Refundable product.</b>
Junior,Brinsworth Manor Junior ,5 Polo Offer (With Logo),3PPOFF,RD,30.38,0,<b style=color:#ff0000;>Offer Available on Online Orders only<br/>Made to order only. This is a Non-Exchangeable & Non-Refundable product.</b>
Junior,Brinsworth Manor Junior ,3 Cardigan Offer (With Logo),3SCOFF,RD,24.3,0,<b style=color:#ff0000;>Offer Available on Online Orders only<br/>Made to order only. This is a Non-Exchangeable & Non-Refundable product.</b>
Junior,Brinsworth Manor Junior ,3 Sweatshirt Offer (With Logo),3SROFF,RD,22.95,0,<b style=color:#ff0000;>Offer Available on Online Orders only<br/>Made to order only. This is a Non-Exchangeable & Non-Refundable product.</b>
Junior,Brinsworth Manor Junior ,5 Polo Offer (With Logo),3PPOFF,WHT,30.38,0,<b style=color:#ff0000;>Offer Available on Online Orders only<br/>Made to order only. This is a Non-Exchangeable & Non-Refundable product.</b>
Junior,Brinsworth Whitehill,5 Polo Offer (With Logo),3PPOFF,NB,30.38,0,<b style=color:#ff0000;>Offer Available on Online Orders only<br/>Made to order only. This is a Non-Exchangeable & Non-Refundable product.</b>
Junior,Brinsworth Whitehill,3 Cardigan Offer (With Logo),3SCOFF,NB,24.3,0,<b style=color:#ff0000;>Offer Available on Online Orders only<br/>Made to order only. This is a Non-Exchangeable & Non-Refundable product.</b>
Junior,Brinsworth Whitehill,3 Sweatshirt Offer (With Logo),3SROFF,NB,22.95,0,<b style=color:#ff0000;>Offer Available on Online Orders only<br/>Made to order only. This is a Non-Exchangeable & Non-Refundable product.</b>
Junior,Brinsworth Whitehill,5 Polo Offer (With Logo),3PPOFF,WHT,30.38,0,<b style=color:#ff0000;>Offer Available on Online Orders only<br/>Made to order only. This is a Non-Exchangeable & Non-Refundable product.</b>
Junior,Kilnhurst Primary,Polo Shirt (With Logo),3PP,RD,6.75,0,
Junior,Kilnhurst Primary,Polo Shirt (With Logo),3PP,WHT,6.75,0,
Junior,Kilnhurst Primary,5 Polo Offer (With Logo),3PPOFF,RD,30.38,0,<b style=color:#ff0000;>Offer Available on Online Orders only<br/>Made to order only. This is a Non-Exchangeable & Non-Refundable product.</b>
Junior,Kilnhurst Primary,5 Polo Offer (With Logo),3PPOFF,WHT,30.38,0,<b style=color:#ff0000;>Offer Available on Online Orders only<br/>Made to order only. This is a Non-Exchangeable & Non-Refundable product.</b>
Junior,Brook House Junior,5 Polo Offer (With Logo),3PPOFF,SB,30.38,0,<b style=color:#ff0000;>Offer Available on Online Orders only<br/>Made to order only. This is a Non-Exchangeable & Non-Refundable product.</b>
Junior,Brook House Junior,3 Cardigan Offer (With Logo),3SCOFF,NB,24.3,0,<b style=color:#ff0000;>Offer Available on Online Orders only<br/>Made to order only. This is a Non-Exchangeable & Non-Refundable product.</b>
Junior,Brook House Junior,3 Sweatshirt Offer (With Logo),3SROFF,NB,22.95,0,<b style=color:#ff0000;>Offer Available on Online Orders only<br/>Made to order only. This is a Non-Exchangeable & Non-Refundable product.</b>
Junior,Brook House Junior,5 Polo Offer (With Logo),3PPOFF,WHT,30.38,0,<b style=color:#ff0000;>Offer Available on Online Orders only<br/>Made to order only. This is a Non-Exchangeable & Non-Refundable product.</b>
Junior,Brookfield Junior Academy,5 Polo Offer (With Logo),3PPOFF,GD,30.38,0,<b style=color:#ff0000;>Offer Available on Online Orders only<br/>Made to order only. This is a Non-Exchangeable & Non-Refundable product.</b>
Junior,Broom Valley Community School,5 Polo Offer (With Logo),3PPOFF,WHT,30.38,0,<b style=color:#ff0000;>Offer Available on Online Orders only<br/>Made to order only. This is a Non-Exchangeable & Non-Refundable product.</b>
Junior,Broom Valley Community School,3 Cardigan Offer (With Logo),3SCOFF,DD,24.3,0,<b style=color:#ff0000;>Offer Available on Online Orders only<br/>Made to order only. This is a Non-Exchangeable & Non-Refundable product.</b>
Junior,Broom Valley Community School,3 Sweatshirt Offer (With Logo),3SROFF,DD,22.95,0,<b style=color:#ff0000;>Offer Available on Online Orders only<br/>Made to order only. This is a Non-Exchangeable & Non-Refundable product.</b>
Junior,Brunswick Primary,5 Polo Offer (With Logo),3PPOFF,RD,30.38,0,<b style=color:#ff0000;>Offer Available on Online Orders only<br/>Made to order only. This is a Non-Exchangeable & Non-Refundable product.</b>
Junior,Brunswick Primary,3 Cardigan Offer (With Logo),3SCOFF,BK,24.3,0,<b style=color:#ff0000;>Offer Available on Online Orders only<br/>Made to order only. This is a Non-Exchangeable & Non-Refundable product.</b>
Junior,Brunswick Primary,3 Sweatshirt Offer (With Logo),3SROFF,BK,22.95,0,<b style=color:#ff0000;>Offer Available on Online Orders only<br/>Made to order only. This is a Non-Exchangeable & Non-Refundable product.</b>
Junior,Canklow Woods Primary,5 Polo Offer (With Logo),3PPOFF,DR,30.38,0,<b style=color:#ff0000;>Offer Available on Online Orders only<br/>Made to order only. This is a Non-Exchangeable & Non-Refundable product.</b>
Junior,Canklow Woods Primary,5 Polo Offer (With Logo),3PPOFF,WHT,30.38,0,<b style=color:#ff0000;>Offer Available on Online Orders only<br/>Made to order only. This is a Non-Exchangeable & Non-Refundable product.</b>
Junior,Canklow Woods Primary,3 Cardigan Offer (With Logo),3SCOFF,DD,24.3,0,<b style=color:#ff0000;>Offer Available on Online Orders only<br/>Made to order only. This is a Non-Exchangeable & Non-Refundable product.</b>
Junior,Canklow Woods Primary,3 Sweatshirt Offer (With Logo),3SROFF,DD,22.95,0,<b style=color:#ff0000;>Offer Available on Online Orders only<br/>Made to order only. This is a Non-Exchangeable & Non-Refundable product.</b>
Junior,Canklow Woods Primary,5 Polo Offer (With Logo),3PPOFF,SB,30.38,0,<b style=color:#ff0000;>Offer Available on Online Orders only<br/>Made to order only. This is a Non-Exchangeable & Non-Refundable product.</b>
Junior,Catcliffe Primary,5 Polo Offer (With Logo),3PPOFF,RY,30.38,0,<b style=color:#ff0000;>Offer Available on Online Orders only<br/>Made to order only. This is a Non-Exchangeable & Non-Refundable product.</b>
Junior,Catcliffe Primary,5 Polo Offer (With Logo),3PPOFF,WHT,30.38,0,
Junior,Catcliffe Primary,3 Cardigan Offer (With Logo),3SCOFF,DD,24.3,0,<b style=color:#ff0000;>Offer Available on Online Orders only<br/>Made to order only. This is a Non-Exchangeable & Non-Refundable product.</b>
Junior,Catcliffe Primary,3 Sweatshirt Offer (With Logo),3SROFF,DD,22.95,0,<b style=color:#ff0000;>Offer Available on Online Orders only<br/>Made to order only. This is a Non-Exchangeable & Non-Refundable product.</b>
Junior,Catcliffe Primary,5 Polo Offer (With Logo),3PPOFF,GD,30.38,0,<b style=color:#ff0000;>Offer Available on Online Orders only<br/>Made to order only. This is a Non-Exchangeable & Non-Refundable product.</b>
Junior,Charnock Hall,5 Polo Offer (With Logo),3PPOFF,SB,30.38,0,<b style=color:#ff0000;>Offer Available on Online Orders only<br/>Made to order only. This is a Non-Exchangeable & Non-Refundable product.</b>
Junior,Charnock Hall,3 Cardigan Offer (With Logo),3SCOFF,DD,24.3,0,<b style=color:#ff0000;>Offer Available on Online Orders only<br/>Made to order only. This is a Non-Exchangeable & Non-Refundable product.</b>
Junior,Charnock Hall,3 Sweatshirt Offer (With Logo),3SROFF,DD,22.95,0,<b style=color:#ff0000;>Offer Available on Online Orders only<br/>Made to order only. This is a Non-Exchangeable & Non-Refundable product.</b>
Junior,Charnock Hall,5 Polo Offer (With Logo),3PPOFF,WHT,30.38,0,<b style=color:#ff0000;>Offer Available on Online Orders only<br/>Made to order only. This is a Non-Exchangeable & Non-Refundable product.</b>
Junior,City Road Community Childcare,5 Polo Offer (With Logo),3PPOFF,NB,30.38,0,<b style=color:#ff0000;>Offer Available on Online Orders only<br/>Made to order only. This is a Non-Exchangeable & Non-Refundable product.</b>
Junior,City Road Community Childcare,3 Cardigan Offer (With Logo),3SCOFF,NB,24.3,0,<b style=color:#ff0000;>Offer Available on Online Orders only<br/>Made to order only. This is a Non-Exchangeable & Non-Refundable product.</b>
Junior,City Road Community Childcare,3 Sweatshirt Offer (With Logo),3SROFF,NB,22.95,0,<b style=color:#ff0000;>Offer Available on Online Orders only<br/>Made to order only. This is a Non-Exchangeable & Non-Refundable product.</b>
Junior,Clowne Junior,5 Polo Offer (With Logo),3PPOFF,WHT,30.38,0,<b style=color:#ff0000;>Offer Available on Online Orders only<br/>Made to order only. This is a Non-Exchangeable & Non-Refundable product.</b>
Junior,Clowne Junior,3 Cardigan Offer (With Logo),3SCOFF,DD,24.3,0,<b style=color:#ff0000;>Offer Available on Online Orders only<br/>Made to order only. This is a Non-Exchangeable & Non-Refundable product.</b>
Junior,Clowne Junior,3 Sweatshirt Offer (With Logo),3SROFF,DD,22.95,0,<b style=color:#ff0000;>Offer Available on Online Orders only<br/>Made to order only. This is a Non-Exchangeable & Non-Refundable product.</b>
Junior,Coleridge Primary,5 Polo Offer (With Logo),3PPOFF,DJ,30.38,0,<b style=color:#ff0000;>Offer Available on Online Orders only<br/>Made to order only. This is a Non-Exchangeable & Non-Refundable product.</b>
Junior,Coleridge Primary,5 Polo Offer (With Logo),3PPOFF,WHT,30.38,0,<b style=color:#ff0000;>Offer Available on Online Orders only<br/>Made to order only. This is a Non-Exchangeable & Non-Refundable product.</b>
Junior,Coleridge Primary,3 Cardigan Offer (With Logo),3SCOFF,DJ,24.3,0,<b style=color:#ff0000;>Offer Available on Online Orders only<br/>Made to order only. This is a Non-Exchangeable & Non-Refundable product.</b>
Junior,Coleridge Primary,3 Sweatshirt Offer (With Logo),3SROFF,DJ,22.95,0,<b style=color:#ff0000;>Offer Available on Online Orders only<br/>Made to order only. This is a Non-Exchangeable & Non-Refundable product.</b>
Junior,Creswell CofE Infants And Nursery,3 Cardigan Offer (With Logo),3SCOFF,DD,24.3,0,<b style=color:#ff0000;>Offer Available on Online Orders only<br/>Made to order only. This is a Non-Exchangeable & Non-Refundable product.</b>
Junior,Creswell CofE Infants And Nursery,3 Sweatshirt Offer (With Logo),3SROFF,DD,22.95,0,<b style=color:#ff0000;>Offer Available on Online Orders only<br/>Made to order only. This is a Non-Exchangeable & Non-Refundable product.</b>
Junior,Creswell CofE Infants And Nursery,5 Polo Offer (With Logo),3PPOFF,WHT,30.38,0,<b style=color:#ff0000;>Offer Available on Online Orders only<br/>Made to order only. This is a Non-Exchangeable & Non-Refundable product.</b>
Junior,Dinnington Community Primary,5 Polo Offer (With Logo),3PPOFF,RD,30.38,0,<b style=color:#ff0000;>Offer Available on Online Orders only<br/>Made to order only. This is a Non-Exchangeable & Non-Refundable product.</b>
Junior,Dinnington Community Primary,3 Cardigan Offer (With Logo),3SCOFF,RD,24.3,0,<b style=color:#ff0000;>Offer Available on Online Orders only<br/>Made to order only. This is a Non-Exchangeable & Non-Refundable product.</b>
Junior,Dinnington Community Primary,3 Sweatshirt Offer (With Logo),3SROFF,RD,22.95,0,<b style=color:#ff0000;>Offer Available on Online Orders only<br/>Made to order only. This is a Non-Exchangeable & Non-Refundable product.</b>
Junior,Dinnington Community Primary,5 Polo Offer (With Logo),3PPOFF,WHT,30.38,0,<b style=color:#ff0000;>Offer Available on Online Orders only<br/>Made to order only. This is a Non-Exchangeable & Non-Refundable product.</b>
Junior,Discovery Academy Lower,3 Cardigan Offer (With Logo),3SCOFF,NB,24.3,0,<b style=color:#ff0000;>Offer Available on Online Orders only<br/>Made to order only. This is a Non-Exchangeable & Non-Refundable product.</b>
Junior,Discovery Academy Lower,3 Sweatshirt Offer (With Logo),3SROFF,NB,22.95,0,<b style=color:#ff0000;>Offer Available on Online Orders only<br/>Made to order only. This is a Non-Exchangeable & Non-Refundable product.</b>
Junior,Discovery Academy Lower,5 Polo Offer (With Logo),3PPOFF,SB,30.38,0,<b style=color:#ff0000;>Offer Available on Online Orders only<br/>Made to order only. This is a Non-Exchangeable & Non-Refundable product.</b>
Junior,Dobcroft Infants,5 Polo Offer (With Logo),3PPOFF,NB,30.38,0,<b style=color:#ff0000;>Offer Available on Online Orders only<br/>Made to order only. This is a Non-Exchangeable & Non-Refundable product.</b>
Junior,Dobcroft Infants,3 Cardigan Offer (With Logo),3SCOFF,NB,24.3,0,<b style=color:#ff0000;>Offer Available on Online Orders only<br/>Made to order only. This is a Non-Exchangeable & Non-Refundable product.</b>
Junior,Dobcroft Infants,3 Sweatshirt Offer (With Logo),3SROFF,NB,22.95,0,<b style=color:#ff0000;>Offer Available on Online Orders only<br/>Made to order only. This is a Non-Exchangeable & Non-Refundable product.</b>
Junior,Dobcroft Infants,5 Polo Offer (With Logo),3PPOFF,JD,30.38,0,<b style=color:#ff0000;>Offer Available on Online Orders only<br/>Made to order only. This is a Non-Exchangeable & Non-Refundable product.</b>
Junior,Dobcroft Infants,3 Cardigan Offer (With Logo),3SCOFF,JD,24.3,0,<b style=color:#ff0000;>Offer Available on Online Orders only<br/>Made to order only. This is a Non-Exchangeable & Non-Refundable product.</b>
Junior,Dobcroft Infants,3 Sweatshirt Offer (With Logo),3SROFF,JD,22.95,0,<b style=color:#ff0000;>Offer Available on Online Orders only<br/>Made to order only. This is a Non-Exchangeable & Non-Refundable product.</b>
Junior,Dobcroft Infants,5 Polo Offer (With Logo),3PPOFF,WHT,30.38,0,<b style=color:#ff0000;>Offer Available on Online Orders only<br/>Made to order only. This is a Non-Exchangeable & Non-Refundable product.</b>
Junior,Dronfield Junior,5 Polo Offer (With Logo),3PPOFF,SB,30.38,0,<b style=color:#ff0000;>Offer Available on Online Orders only<br/>Made to order only. This is a Non-Exchangeable & Non-Refundable product.</b>
Junior,Dronfield Junior,3 Cardigan Offer (With Logo),3SCOFF,BY,24.3,0,<b style=color:#ff0000;>Offer Available on Online Orders only<br/>Made to order only. This is a Non-Exchangeable & Non-Refundable product.</b>
Junior,Dronfield Junior,3 Sweatshirt Offer (With Logo),3SROFF,BY,22.95,0,<b style=color:#ff0000;>Offer Available on Online Orders only<br/>Made to order only. This is a Non-Exchangeable & Non-Refundable product.</b>
Junior,Dronfield Junior,5 Polo Offer (With Logo),3PPOFF,WHT,30.38,0,<b style=color:#ff0000;>Offer Available on Online Orders only<br/>Made to order only. This is a Non-Exchangeable & Non-Refundable product.</b>
Junior,Whiston J and I,5 Polo Offer (With Logo),3PPOFF,DJ,30.38,0,<b style=color:#ff0000;>Offer Available on Online Orders only<br/>Made to order only. This is a Non-Exchangeable & Non-Refundable product.</b>
Junior,Whiston J and I,3 Cardigan Offer (With Logo),3SCOFF,NB,24.3,0,<b style=color:#ff0000;>Offer Available on Online Orders only<br/>Made to order only. This is a Non-Exchangeable & Non-Refundable product.</b>
Junior,Whiston J and I,3 Sweatshirt Offer (With Logo),3SROFF,NB,22.95,0,<b style=color:#ff0000;>Offer Available on Online Orders only<br/>Made to order only. This is a Non-Exchangeable & Non-Refundable product.</b>
Junior,Manor Lodge,5 Polo Offer (With Logo),3PPOFF,SB,30.38,0,<b style=color:#ff0000;>Offer Available on Online Orders only<br/>Made to order only. This is a Non-Exchangeable & Non-Refundable product.</b>
Junior,Manor Lodge,3 Cardigan Offer (With Logo),3SCOFF,NB,24.3,0,<b style=color:#ff0000;>Offer Available on Online Orders only<br/>Made to order only. This is a Non-Exchangeable & Non-Refundable product.</b>
Junior,Manor Lodge,3 Sweatshirt Offer (With Logo),3SROFF,NB,22.95,0,<b style=color:#ff0000;>Offer Available on Online Orders only<br/>Made to order only. This is a Non-Exchangeable & Non-Refundable product.</b>
Junior,Newbold C of E Primary School,5 Polo Offer (With Logo),3PPOFF,SB,30.38,0,<b style=color:#ff0000;>Offer Available on Online Orders only<br/>Made to order only. This is a Non-Exchangeable & Non-Refundable product.</b>
Junior,Newbold C of E Primary School,3 Cardigan Offer (With Logo),3SCOFF,NB,24.3,0,<b style=color:#ff0000;>Offer Available on Online Orders only<br/>Made to order only. This is a Non-Exchangeable & Non-Refundable product.</b>
Junior,Newbold C of E Primary School,3 Sweatshirt Offer (With Logo),3SROFF,NB,22.95,0,<b style=color:#ff0000;>Offer Available on Online Orders only<br/>Made to order only. This is a Non-Exchangeable & Non-Refundable product.</b>
Junior,Manor Lodge,Polo Shirt (With Logo),3PP,WHT,6.75,0,
Junior,Manor Lodge,5 Polo Offer (With Logo),3PPOFF,WHT,30.38,0,<b style=color:#ff0000;>Offer Available on Online Orders only<br/>Made to order only. This is a Non-Exchangeable & Non-Refundable product.</b>
Junior,East Dene Primary,5 Polo Offer (With Logo),3PPOFF,WHT,30.38,0,<b style=color:#ff0000;>Offer Available on Online Orders only<br/>Made to order only. This is a Non-Exchangeable & Non-Refundable product.</b>
Junior,East Dene Primary,3 Cardigan Offer (With Logo),3SCOFF,DD,24.3,0,<b style=color:#ff0000;>Offer Available on Online Orders only<br/>Made to order only. This is a Non-Exchangeable & Non-Refundable product.</b>
Junior,East Dene Primary,3 Sweatshirt Offer (With Logo),3SROFF,DD,22.95,0,
Junior,Eastwood Village,5 Polo Offer (With Logo),3PPOFF,WHT,30.38,0,<b style=color:#ff0000;>Offer Available on Online Orders only<br/>Made to order only. This is a Non-Exchangeable & Non-Refundable product.</b>
Junior,Eastwood Village,3 Cardigan Offer (With Logo),3SCOFF,NB,24.3,0,<b style=color:#ff0000;>Offer Available on Online Orders only<br/>Made to order only. This is a Non-Exchangeable & Non-Refundable product.</b>
Junior,Eastwood Village,3 Sweatshirt Offer (With Logo),3SROFF,NB,22.95,0,<b style=color:#ff0000;>Offer Available on Online Orders only<br/>Made to order only. This is a Non-Exchangeable & Non-Refundable product.</b>
Junior,Eckington Camms CofE,5 Polo Offer (With Logo),3PPOFF,RD,30.38,0,<b style=color:#ff0000;>Offer Available on Online Orders only<br/>Made to order only. This is a Non-Exchangeable & Non-Refundable product.</b>
Junior,Eckington Camms CofE,3 Cardigan Offer (With Logo),3SCOFF,RD,24.3,0,<b style=color:#ff0000;>Offer Available on Online Orders only<br/>Made to order only. This is a Non-Exchangeable & Non-Refundable product.</b>
Junior,Eckington Camms CofE,3 Sweatshirt Offer (With Logo),3SROFF,RD,22.95,0,<b style=color:#ff0000;>Offer Available on Online Orders only<br/>Made to order only. This is a Non-Exchangeable & Non-Refundable product.</b>
Junior,Eckington Junior,5 Polo Offer (With Logo),3PPOFF,WHT,30.38,0,<b style=color:#ff0000;>Offer Available on Online Orders only<br/>Made to order only. This is a Non-Exchangeable & Non-Refundable product.</b>
Junior,Eckington Junior,3 Cardigan Offer (With Logo),3SCOFF,DD,24.3,0,<b style=color:#ff0000;>Offer Available on Online Orders only<br/>Made to order only. This is a Non-Exchangeable & Non-Refundable product.</b>
Junior,Eckington Junior,3 Sweatshirt Offer (With Logo),3SROFF,DD,22.95,0,<b style=color:#ff0000;>Offer Available on Online Orders only<br/>Made to order only. This is a Non-Exchangeable & Non-Refundable product.</b>
Junior,Element Academy Junior,3 Sweatshirt Offer (With Logo),3SROFF,NB,22.95,0,<b style=color:#ff0000;>Offer Available on Online Orders only<br/>Made to order only. This is a Non-Exchangeable & Non-Refundable product.</b>
Junior,Emmanuel Junior,5 Polo Offer (With Logo),3PPOFF,DR,30.38,0,<b style=color:#ff0000;>Offer Available on Online Orders only<br/>Made to order only. This is a Non-Exchangeable & Non-Refundable product.</b>
Junior,Emmanuel Junior,3 Cardigan Offer (With Logo),3SCOFF,DD,24.3,0,<b style=color:#ff0000;>Offer Available on Online Orders only<br/>Made to order only. This is a Non-Exchangeable & Non-Refundable product.</b>
Junior,Emmanuel Junior,3 Sweatshirt Offer (With Logo),3SROFF,DD,22.95,0,<b style=color:#ff0000;>Offer Available on Online Orders only<br/>Made to order only. This is a Non-Exchangeable & Non-Refundable product.</b>
Junior,Emmanuel Junior,5 Polo Offer (With Logo),3PPOFF,WHT,30.38,0,<b style=color:#ff0000;>Offer Available on Online Orders only<br/>Made to order only. This is a Non-Exchangeable & Non-Refundable product.</b>
Junior,Emmaus Primary,5 Polo Offer (With Logo),3PPOFF,DJ,30.38,0,<b style=color:#ff0000;>Offer Available on Online Orders only<br/>Made to order only. This is a Non-Exchangeable & Non-Refundable product.</b>
Junior,Emmaus Primary,3 Cardigan Offer (With Logo),3SCOFF,NB,24.3,0,<b style=color:#ff0000;>Offer Available on Online Orders only<br/>Made to order only. This is a Non-Exchangeable & Non-Refundable product.</b>
Junior,Emmaus Primary,3 Sweatshirt Offer (With Logo),3SROFF,NB,22.95,0,<b style=color:#ff0000;>Offer Available on Online Orders only<br/>Made to order only. This is a Non-Exchangeable & Non-Refundable product.</b>
Junior,Ferham Primary,5 Polo Offer (With Logo),3PPOFF,WHT,30.38,0,<b style=color:#ff0000;>Offer Available on Online Orders only<br/>Made to order only. This is a Non-Exchangeable & Non-Refundable product.</b>
Junior,Ferham Primary,3 Cardigan Offer (With Logo),3SCOFF,DD,24.3,0,<b style=color:#ff0000;>Offer Available on Online Orders only<br/>Made to order only. This is a Non-Exchangeable & Non-Refundable product.</b>
Junior,Ferham Primary,3 Sweatshirt Offer (With Logo),3SROFF,DD,22.95,0,<b style=color:#ff0000;>Offer Available on Online Orders only<br/>Made to order only. This is a Non-Exchangeable & Non-Refundable product.</b>
Junior,Foljambe Primary Campus,5 Polo Offer (With Logo),3PPOFF,PU,30.38,0,<b style=color:#ff0000;>Offer Available on Online Orders only<br/>Made to order only. This is a Non-Exchangeable & Non-Refundable product.</b>
Junior,Foljambe Primary Campus,3 Cardigan Offer (With Logo),3SCOFF,BK,24.3,0,<b style=color:#ff0000;>Offer Available on Online Orders only<br/>Made to order only. This is a Non-Exchangeable & Non-Refundable product.</b>
Junior,Foljambe Primary Campus,3 Sweatshirt Offer (With Logo),3SROFF,BK,22.95,0,<b style=color:#ff0000;>Offer Available on Online Orders only<br/>Made to order only. This is a Non-Exchangeable & Non-Refundable product.</b>
Junior,Fountaindale,5 Polo Offer (With Logo),3PPOFF,SB,30.38,0,<b style=color:#ff0000;>Offer Available on Online Orders only<br/>Made to order only. This is a Non-Exchangeable & Non-Refundable product.</b>
Junior,Fountaindale,3 Cardigan Offer (With Logo),3SCOFF,DD,24.3,0,<b style=color:#ff0000;>Offer Available on Online Orders only<br/>Made to order only. This is a Non-Exchangeable & Non-Refundable product.</b>
Junior,Fountaindale,3 Sweatshirt Offer (With Logo),3SROFF,DD,22.95,0,<b style=color:#ff0000;>Offer Available on Online Orders only<br/>Made to order only. This is a Non-Exchangeable & Non-Refundable product.</b>
Junior,Gorseybrigg Primary,5 Polo Offer (With Logo),3PPOFF,BT,30.38,0,<b style=color:#ff0000;>Offer Available on Online Orders only<br/>Made to order only. This is a Non-Exchangeable & Non-Refundable product.</b>
Junior,Gorseybrigg Primary,3 Cardigan Offer (With Logo),3SCOFF,BT,24.3,0,<b style=color:#ff0000;>Offer Available on Online Orders only<br/>Made to order only. This is a Non-Exchangeable & Non-Refundable product.</b>
Junior,Gorseybrigg Primary,3 Sweatshirt Offer (With Logo),3SROFF,BT,22.95,0,<b style=color:#ff0000;>Offer Available on Online Orders only<br/>Made to order only. This is a Non-Exchangeable & Non-Refundable product.</b>
Junior,Gorseybrigg Primary,5 Polo Offer (With Logo),3PPOFF,WHT,30.38,0,<b style=color:#ff0000;>Offer Available on Online Orders only<br/>Made to order only. This is a Non-Exchangeable & Non-Refundable product.</b>
Junior,Greasbrough Primary,5 Polo Offer (With Logo),3PPOFF,JD,30.38,0,<b style=color:#ff0000;>Offer Available on Online Orders only<br/>Made to order only. This is a Non-Exchangeable & Non-Refundable product.</b>
Junior,Greasbrough Primary,3 Cardigan Offer (With Logo),3SCOFF,JD,24.3,0,<b style=color:#ff0000;>Offer Available on Online Orders only<br/>Made to order only. This is a Non-Exchangeable & Non-Refundable product.</b>
Junior,Greasbrough Primary,3 Sweatshirt Offer (With Logo),3SROFF,JD,22.95,0,<b style=color:#ff0000;>Offer Available on Online Orders only<br/>Made to order only. This is a Non-Exchangeable & Non-Refundable product.</b>
Junior,Greasbrough Primary,5 Polo Offer (With Logo),3PPOFF,WHT,30.38,0,<b style=color:#ff0000;>Offer Available on Online Orders only<br/>Made to order only. This is a Non-Exchangeable & Non-Refundable product.</b>
Junior,Grenoside Primary,5 Polo Offer (With Logo),3PPOFF,EM,30.38,0,<b style=color:#ff0000;>Offer Available on Online Orders only<br/>Made to order only. This is a Non-Exchangeable & Non-Refundable product.</b>
Junior,Grenoside Primary,3 Cardigan Offer (With Logo),3SCOFF,NB,24.3,0,<b style=color:#ff0000;>Offer Available on Online Orders only<br/>Made to order only. This is a Non-Exchangeable & Non-Refundable product.</b>
Junior,Grenoside Primary,3 Sweatshirt Offer (With Logo),3SROFF,NB,22.95,0,<b style=color:#ff0000;>Offer Available on Online Orders only<br/>Made to order only. This is a Non-Exchangeable & Non-Refundable product.</b>
Junior,Grenoside Primary,5 Polo Offer (With Logo),3PPOFF,EM,30.38,0,
Junior,Grenoside Primary,3 Cardigan Offer (With Logo),3SCOFF,NB,24.3,0,
Junior,Grenoside Primary,3 Sweatshirt Offer (With Logo),3SROFF,NB,22.95,0,
Junior,Halfway Infant & Nursery,5 Polo Offer (With Logo),3PPOFF,DR,30.38,0,<b style=color:#ff0000;>Offer Available on Online Orders only<br/>Made to order only. This is a Non-Exchangeable & Non-Refundable product.</b>
Junior,Halfway Infant & Nursery,3 Cardigan Offer (With Logo),3SCOFF,DD,24.3,0,<b style=color:#ff0000;>Offer Available on Online Orders only<br/>Made to order only. This is a Non-Exchangeable & Non-Refundable product.</b>
Junior,Halfway Infant & Nursery,3 Sweatshirt Offer (With Logo),3SROFF,DD,22.95,0,<b style=color:#ff0000;>Offer Available on Online Orders only<br/>Made to order only. This is a Non-Exchangeable & Non-Refundable product.</b>
Junior,Halfway Infant & Nursery,5 Polo Offer (With Logo),3PPOFF,WHT,30.38,0,<b style=color:#ff0000;>Offer Available on Online Orders only<br/>Made to order only. This is a Non-Exchangeable & Non-Refundable product.</b>
Junior,Halfway Junior,5 Polo Offer (With Logo),3PPOFF,DJ,30.38,0,<b style=color:#ff0000;>Offer Available on Online Orders only<br/>Made to order only. This is a Non-Exchangeable & Non-Refundable product.</b>
Junior,Halfway Junior,3 Cardigan Offer (With Logo),3SCOFF,JD,24.3,0,<b style=color:#ff0000;>Offer Available on Online Orders only<br/>Made to order only. This is a Non-Exchangeable & Non-Refundable product.</b>
Junior,Halfway Junior,3 Sweatshirt Offer (With Logo),3SROFF,JD,22.95,0,<b style=color:#ff0000;>Offer Available on Online Orders only<br/>Made to order only. This is a Non-Exchangeable & Non-Refundable product.</b>
Junior,Halfway Junior,5 Polo Offer (With Logo),3PPOFF,NB,30.38,0,<b style=color:#ff0000;>Offer Available on Online Orders only<br/>Made to order only. This is a Non-Exchangeable & Non-Refundable product.</b>
Junior,Halfway Junior,3 Cardigan Offer (With Logo),3SCOFF,NB,24.3,0,<b style=color:#ff0000;>Offer Available on Online Orders only<br/>Made to order only. This is a Non-Exchangeable & Non-Refundable product.</b>
Junior,Halfway Junior,3 Sweatshirt Offer (With Logo),3SROFF,NB,22.95,0,<b style=color:#ff0000;>Offer Available on Online Orders only<br/>Made to order only. This is a Non-Exchangeable & Non-Refundable product.</b>
Junior,Harthill Primary,5 Polo Offer (With Logo),3PPOFF,SB,30.38,0,
Junior,Harthill Primary,3 Cardigan Offer (With Logo),3SCOFF,NB,24.3,0,<b style=color:#ff0000;>Offer Available on Online Orders only<br/>Made to order only. This is a Non-Exchangeable & Non-Refundable product.</b>
Junior,Harthill Primary,3 Sweatshirt Offer (With Logo),3SROFF,NB,22.95,0,<b style=color:#ff0000;>Offer Available on Online Orders only<br/>Made to order only. This is a Non-Exchangeable & Non-Refundable product.</b>
Junior,Harthill Primary,5 Polo Offer (With Logo),3PPOFF,WHT,30.38,0,<b style=color:#ff0000;>Offer Available on Online Orders only<br/>Made to order only. This is a Non-Exchangeable & Non-Refundable product.</b>
Junior,Hatfield Academy,5 Polo Offer (With Logo),3PPOFF,WHT,30.38,0,<b style=color:#ff0000;>Offer Available on Online Orders only<br/>Made to order only. This is a Non-Exchangeable & Non-Refundable product.</b>
Junior,Herringthorpe Infants,5 Polo Offer (With Logo),3PPOFF,WHT,30.38,0,<b style=color:#ff0000;>Offer Available on Online Orders only<br/>Made to order only. This is a Non-Exchangeable & Non-Refundable product.</b>
Junior,Herringthorpe Infants,3 Cardigan Offer (With Logo),3SCOFF,NB,24.3,0,
Junior,Herringthorpe Infants,3 Sweatshirt Offer (With Logo),3SROFF,NB,22.95,0,<b style=color:#ff0000;>Offer Available on Online Orders only<br/>Made to order only. This is a Non-Exchangeable & Non-Refundable product.</b>
Junior,Herringthorpe Infants,3 Cardigan Offer (With Logo),3SCOFF,RD,24.3,0,
Junior,Herringthorpe Infants,3 Sweatshirt Offer (With Logo),3SROFF,RD,22.95,0,<b style=color:#ff0000;>Offer Available on Online Orders only<br/>Made to order only. This is a Non-Exchangeable & Non-Refundable product.</b>
Junior,Herringthorpe Junior,5 Polo Offer (With Logo),3PPOFF,WHT,30.38,0,<b style=color:#ff0000;>Offer Available on Online Orders only<br/>Made to order only. This is a Non-Exchangeable & Non-Refundable product.</b>
Junior,Herringthorpe Junior,3 Cardigan Offer (With Logo),3SCOFF,DD,24.3,0,<b style=color:#ff0000;>Offer Available on Online Orders only<br/>Made to order only. This is a Non-Exchangeable & Non-Refundable product.</b>
Junior,Herringthorpe Junior,3 Sweatshirt Offer (With Logo),3SROFF,DD,22.95,0,<b style=color:#ff0000;>Offer Available on Online Orders only<br/>Made to order only. This is a Non-Exchangeable & Non-Refundable product.</b>
Junior,High Greave Infant,5 Polo Offer (With Logo),3PPOFF,WHT,30.38,0,<b style=color:#ff0000;>Offer Available on Online Orders only<br/>Made to order only. This is a Non-Exchangeable & Non-Refundable product.</b>
Junior,High Greave Infant,3 Cardigan Offer (With Logo),3SCOFF,NB,24.3,0,<b style=color:#ff0000;>Offer Available on Online Orders only<br/>Made to order only. This is a Non-Exchangeable & Non-Refundable product.</b>
Junior,High Greave Infant,3 Sweatshirt Offer (With Logo),3SROFF,NB,22.95,0,<b style=color:#ff0000;>Offer Available on Online Orders only<br/>Made to order only. This is a Non-Exchangeable & Non-Refundable product.</b>
Junior,High Greave Junior,5 Polo Offer (With Logo),3PPOFF,WHT,30.38,0,<b style=color:#ff0000;>Offer Available on Online Orders only<br/>Made to order only. This is a Non-Exchangeable & Non-Refundable product.</b>
Junior,High Greave Junior,3 Cardigan Offer (With Logo),3SCOFF,NB,24.3,0,<b style=color:#ff0000;>Offer Available on Online Orders only<br/>Made to order only. This is a Non-Exchangeable & Non-Refundable product.</b>
Junior,High Greave Junior,3 Sweatshirt Offer (With Logo),3SROFF,NB,22.95,0,<b style=color:#ff0000;>Offer Available on Online Orders only<br/>Made to order only. This is a Non-Exchangeable & Non-Refundable product.</b>
Junior,High Hazels Academy,3 Cardigan Offer (With Logo),3SCOFF,NB,24.3,0,<b style=color:#ff0000;>Offer Available on Online Orders only<br/>Made to order only. This is a Non-Exchangeable & Non-Refundable product.</b>
Junior,High Hazels Academy,3 Sweatshirt Offer (With Logo),3SROFF,NB,22.95,0,<b style=color:#ff0000;>Offer Available on Online Orders only<br/>Made to order only. This is a Non-Exchangeable & Non-Refundable product.</b>
Junior,Highfield Farm Primary,5 Polo Offer (With Logo),3PPOFF,BT,30.38,0,<b style=color:#ff0000;>Offer Available on Online Orders only<br/>Made to order only. This is a Non-Exchangeable & Non-Refundable product.</b>
Junior,Highfield Farm Primary,3 Cardigan Offer (With Logo),3SCOFF,BT,24.3,0,
Junior,Highfield Farm Primary,3 Sweatshirt Offer (With Logo),3SROFF,BT,22.95,0,
Junior,Hollingwood Primary,5 Polo Offer (With Logo),3PPOFF,NB,30.38,0,<b style=color:#ff0000;>Offer Available on Online Orders only<br/>Made to order only. This is a Non-Exchangeable & Non-Refundable product.</b>
Junior,Hollingwood Primary,3 Cardigan Offer (With Logo),3SCOFF,NB,24.3,0,<b style=color:#ff0000;>Offer Available on Online Orders only<br/>Made to order only. This is a Non-Exchangeable & Non-Refundable product.</b>
Junior,Hollingwood Primary,3 Sweatshirt Offer (With Logo),3SROFF,NB,22.95,0,<b style=color:#ff0000;>Offer Available on Online Orders only<br/>Made to order only. This is a Non-Exchangeable & Non-Refundable product.</b>
Junior,Hollingwood Primary,5 Polo Offer (With Logo),3PPOFF,WHT,30.38,0,<b style=color:#ff0000;>Offer Available on Online Orders only<br/>Made to order only. This is a Non-Exchangeable & Non-Refundable product.</b>
Junior,Woodlands Primary School,5 Polo Offer (With Logo),3PPOFF,WHT,30.38,0,<b style=color:#ff0000;>Offer Available on Online Orders only<br/>Made to order only. This is a Non-Exchangeable & Non-Refundable product.</b>
Junior,Woodlands Primary School,3 Cardigan Offer (With Logo),3SCOFF,BT,24.3,0,<b style=color:#ff0000;>Offer Available on Online Orders only<br/>Made to order only. This is a Non-Exchangeable & Non-Refundable product.</b>
Junior,Woodlands Primary School,3 Sweatshirt Offer (With Logo),3SROFF,BT,22.95,0,<b style=color:#ff0000;>Offer Available on Online Orders only<br/>Made to order only. This is a Non-Exchangeable & Non-Refundable product.</b>
Junior,Holmesdale Infant,5 Polo Offer (With Logo),3PPOFF,NB,30.38,0,<b style=color:#ff0000;>Offer Available on Online Orders only<br/>Made to order only. This is a Non-Exchangeable & Non-Refundable product.</b>
Junior,Holmesdale Infant,3 Cardigan Offer (With Logo),3SCOFF,NB,24.3,0,<b style=color:#ff0000;>Offer Available on Online Orders only<br/>Made to order only. This is a Non-Exchangeable & Non-Refundable product.</b>
Junior,Holmesdale Infant,3 Sweatshirt Offer (With Logo),3SROFF,NB,22.95,0,<b style=color:#ff0000;>Offer Available on Online Orders only<br/>Made to order only. This is a Non-Exchangeable & Non-Refundable product.</b>
Junior,Holmesdale Infant,5 Polo Offer (With Logo),3PPOFF,RD,30.38,0,<b style=color:#ff0000;>Offer Available on Online Orders only<br/>Made to order only. This is a Non-Exchangeable & Non-Refundable product.</b>
Junior,Holmesdale Infant,3 Cardigan Offer (With Logo),3SCOFF,RD,24.3,0,<b style=color:#ff0000;>Offer Available on Online Orders only<br/>Made to order only. This is a Non-Exchangeable & Non-Refundable product.</b>
Junior,Holmesdale Infant,3 Sweatshirt Offer (With Logo),3SROFF,RD,22.95,0,<b style=color:#ff0000;>Offer Available on Online Orders only<br/>Made to order only. This is a Non-Exchangeable & Non-Refundable product.</b>
Junior,Hope Primary School,5 Polo Offer (With Logo),3PPOFF,SB,30.38,0,<b style=color:#ff0000;>Offer Available on Online Orders only<br/>Made to order only. This is a Non-Exchangeable & Non-Refundable product.</b>
Junior,Hope Primary School,3 Cardigan Offer (With Logo),3SCOFF,NB,24.3,0,<b style=color:#ff0000;>Offer Available on Online Orders only<br/>Made to order only. This is a Non-Exchangeable & Non-Refundable product.</b>
Junior,Hope Primary School,3 Sweatshirt Offer (With Logo),3SROFF,NB,22.95,0,<b style=color:#ff0000;>Offer Available on Online Orders only<br/>Made to order only. This is a Non-Exchangeable & Non-Refundable product.</b>
Junior,Holyfamily School (SALFORD),5 Polo Offer (With Logo),3PPOFF,WHT,30.38,0,<b style=color:#ff0000;>Offer Available on Online Orders only<br/>Made to order only. This is a Non-Exchangeable & Non-Refundable product.</b>
Junior,Holyfamily School (SALFORD),3 Cardigan Offer (With Logo),3SCOFF,RY,24.3,0,<b style=color:#ff0000;>Offer Available on Online Orders only<br/>Made to order only. This is a Non-Exchangeable & Non-Refundable product.</b>
Junior,Holyfamily School (SALFORD),3 Sweatshirt Offer (With Logo),3SROFF,RY,22.95,0,<b style=color:#ff0000;>Offer Available on Online Orders only<br/>Made to order only. This is a Non-Exchangeable & Non-Refundable product.</b>
Junior,Intake Primary School,5 Polo Offer (With Logo),3PPOFF,NB,30.38,0,<b style=color:#ff0000;>Offer Available on Online Orders only<br/>Made to order only. This is a Non-Exchangeable & Non-Refundable product.</b>
Junior,Intake Primary School,3 Cardigan Offer (With Logo),3SCOFF,NB,24.3,0,<b style=color:#ff0000;>Offer Available on Online Orders only<br/>Made to order only. This is a Non-Exchangeable & Non-Refundable product.</b>
Junior,Intake Primary School,3 Sweatshirt Offer (With Logo),3SROFF,NB,22.95,0,<b style=color:#ff0000;>Offer Available on Online Orders only<br/>Made to order only. This is a Non-Exchangeable & Non-Refundable product.</b>
Junior,Intake Primary School,5 Polo Offer (With Logo),3PPOFF,WHT,30.38,0,<b style=color:#ff0000;>Offer Available on Online Orders only<br/>Made to order only. This is a Non-Exchangeable & Non-Refundable product.</b>
Junior,Kelford School,5 Polo Offer (With Logo),3PPOFF,RD,30.38,0,<b style=color:#ff0000;>Offer Available on Online Orders only<br/>Made to order only. This is a Non-Exchangeable & Non-Refundable product.</b>
Junior,Kelford School,3 Cardigan Offer (With Logo),3SCOFF,RD,24.3,0,<b style=color:#ff0000;>Offer Available on Online Orders only<br/>Made to order only. This is a Non-Exchangeable & Non-Refundable product.</b>
Junior,Kelford School,3 Sweatshirt Offer (With Logo),3SROFF,RD,22.95,0,<b style=color:#ff0000;>Offer Available on Online Orders only<br/>Made to order only. This is a Non-Exchangeable & Non-Refundable product.</b>
Junior,Kelford School,5 Polo Offer (With Logo),3PPOFF,JD,30.38,0,<b style=color:#ff0000;>Offer Available on Online Orders only<br/>Made to order only. This is a Non-Exchangeable & Non-Refundable product.</b>
Junior,Kelford School,3 Cardigan Offer (With Logo),3SCOFF,JD,24.3,0,<b style=color:#ff0000;>Offer Available on Online Orders only<br/>Made to order only. This is a Non-Exchangeable & Non-Refundable product.</b>
Junior,Kelford School,3 Sweatshirt Offer (With Logo),3SROFF,JD,22.95,0,<b style=color:#ff0000;>Offer Available on Online Orders only<br/>Made to order only. This is a Non-Exchangeable & Non-Refundable product.</b>
Junior,Kelford School,5 Polo Offer (With Logo),3PPOFF,NB,30.38,0,<b style=color:#ff0000;>Offer Available on Online Orders only<br/>Made to order only. This is a Non-Exchangeable & Non-Refundable product.</b>
Junior,Kelford School,3 Cardigan Offer (With Logo),3SCOFF,NB,24.3,0,<b style=color:#ff0000;>Offer Available on Online Orders only<br/>Made to order only. This is a Non-Exchangeable & Non-Refundable product.</b>
Junior,Kelford School,3 Sweatshirt Offer (With Logo),3SROFF,NB,22.95,0,<b style=color:#ff0000;>Offer Available on Online Orders only<br/>Made to order only. This is a Non-Exchangeable & Non-Refundable product.</b>
Junior,Kelford School,5 Polo Offer (With Logo),3PPOFF,SB,30.38,0,<b style=color:#ff0000;>Offer Available on Online Orders only<br/>Made to order only. This is a Non-Exchangeable & Non-Refundable product.</b>
Junior,Killamarsh Bears Pre School,5 Polo Offer (With Logo),3PPOFF,PU,30.38,0,<b style=color:#ff0000;>Offer Available on Online Orders only<br/>Made to order only. This is a Non-Exchangeable & Non-Refundable product.</b>
Junior,Killamarsh Bears Pre School,3 Sweatshirt Offer (With Logo),3SROFF,BK,22.95,0,<b style=color:#ff0000;>Offer Available on Online Orders only<br/>Made to order only. This is a Non-Exchangeable & Non-Refundable product.</b>
Junior,Killamarsh Infant & Nursery,5 Polo Offer (With Logo),3PPOFF,RD,30.38,0,<b style=color:#ff0000;>Offer Available on Online Orders only<br/>Made to order only. This is a Non-Exchangeable & Non-Refundable product.</b>
Junior,Killamarsh Infant & Nursery,3 Cardigan Offer (With Logo),3SCOFF,RD,24.3,0,<b style=color:#ff0000;>Offer Available on Online Orders only<br/>Made to order only. This is a Non-Exchangeable & Non-Refundable product.</b>
Junior,Killamarsh Infant & Nursery,3 Sweatshirt Offer (With Logo),3SROFF,RD,22.95,0,<b style=color:#ff0000;>Offer Available on Online Orders only<br/>Made to order only. This is a Non-Exchangeable & Non-Refundable product.</b>
Junior,Nether Edge Primary and Nursery School,5 Polo Offer (With Logo),3PPOFF,NB,30.38,0,<b style=color:#ff0000;>Offer Available on Online Orders only<br/>Made to order only. This is a Non-Exchangeable & Non-Refundable product.</b>
Junior,Nether Edge Primary and Nursery School,3 Cardigan Offer (With Logo),3SCOFF,NB,24.3,0,<b style=color:#ff0000;>Offer Available on Online Orders only<br/>Made to order only. This is a Non-Exchangeable & Non-Refundable product.</b>
Junior,Nether Edge Primary and Nursery School,3 Sweatshirt Offer (With Logo),3SROFF,NB,22.95,0,<b style=color:#ff0000;>Offer Available on Online Orders only<br/>Made to order only. This is a Non-Exchangeable & Non-Refundable product.</b>
Junior,Nether Edge Primary and Nursery School,5 Polo Offer (With Logo),3PPOFF,WHT,30.38,0,<b style=color:#ff0000;>Offer Available on Online Orders only<br/>Made to order only. This is a Non-Exchangeable & Non-Refundable product.</b>
Junior,Killamarsh Junior,5 Polo Offer (With Logo),3PPOFF,WHT,30.38,0,<b style=color:#ff0000;>Offer Available on Online Orders only<br/>Made to order only. This is a Non-Exchangeable & Non-Refundable product.</b>
Junior,Killamarsh Junior,3 Cardigan Offer (With Logo),3SCOFF,NB,24.3,0,<b style=color:#ff0000;>Offer Available on Online Orders only<br/>Made to order only. This is a Non-Exchangeable & Non-Refundable product.</b>
Junior,Killamarsh Junior,3 Sweatshirt Offer (With Logo),3SROFF,NB,22.95,0,<b style=color:#ff0000;>Offer Available on Online Orders only<br/>Made to order only. This is a Non-Exchangeable & Non-Refundable product.</b>
Junior,Killamarsh Village Day Nursery & Pre School,5 Polo Offer (With Logo),3PPOFF,NB,30.38,0,<b style=color:#ff0000;>Offer Available on Online Orders only<br/>Made to order only. This is a Non-Exchangeable & Non-Refundable product.</b>
Junior,Killamarsh Village Day Nursery & Pre School,3 Cardigan Offer (With Logo),3SCOFF,NB,24.3,0,<b style=color:#ff0000;>Offer Available on Online Orders only<br/>Made to order only. This is a Non-Exchangeable & Non-Refundable product.</b>
Junior,Killamarsh Village Day Nursery & Pre School,3 Sweatshirt Offer (With Logo),3SROFF,NB,22.95,0,<b style=color:#ff0000;>Offer Available on Online Orders only<br/>Made to order only. This is a Non-Exchangeable & Non-Refundable product.</b>
Junior,Killamarsh Village Day Nursery & Pre School,5 Polo Offer (With Logo),3PPOFF,SB,30.38,0,<b style=color:#ff0000;>Offer Available on Online Orders only<br/>Made to order only. This is a Non-Exchangeable & Non-Refundable product.</b>
Junior,Kimberworth Community Primary,5 Polo Offer (With Logo),3PPOFF,NB,30.38,0,<b style=color:#ff0000;>Offer Available on Online Orders only<br/>Made to order only. This is a Non-Exchangeable & Non-Refundable product.</b>
Junior,Kimberworth Community Primary,3 Cardigan Offer (With Logo),3SCOFF,NB,24.3,0,<b style=color:#ff0000;>Offer Available on Online Orders only<br/>Made to order only. This is a Non-Exchangeable & Non-Refundable product.</b>
Junior,Kimberworth Community Primary,3 Sweatshirt Offer (With Logo),3SROFF,NB,22.95,0,<b style=color:#ff0000;>Offer Available on Online Orders only<br/>Made to order only. This is a Non-Exchangeable & Non-Refundable product.</b>
Junior,Kimberworth Community Primary,5 Polo Offer (With Logo),3PPOFF,WHT,30.38,0,<b style=color:#ff0000;>Offer Available on Online Orders only<br/>Made to order only. This is a Non-Exchangeable & Non-Refundable product.</b>
Junior,Kimberworth Community Primary,3 Cardigan Offer (With Logo),3SCOFF,RD,24.3,0,<b style=color:#ff0000;>Offer Available on Online Orders only<br/>Made to order only. This is a Non-Exchangeable & Non-Refundable product.</b>
Junior,Kimberworth Community Primary,3 Sweatshirt Offer (With Logo),3SROFF,RD,22.95,0,<b style=color:#ff0000;>Offer Available on Online Orders only<br/>Made to order only. This is a Non-Exchangeable & Non-Refundable product.</b>
Junior,Kiveton Park Infants,5 Polo Offer (With Logo),3PPOFF,WHT,30.38,0,<b style=color:#ff0000;>Offer Available on Online Orders only<br/>Made to order only. This is a Non-Exchangeable & Non-Refundable product.</b>
Junior,Kiveton Park Infants,3 Cardigan Offer (With Logo),3SCOFF,BY,24.3,0,<b style=color:#ff0000;>Offer Available on Online Orders only<br/>Made to order only. This is a Non-Exchangeable & Non-Refundable product.</b>
Junior,Kiveton Park Infants,3 Sweatshirt Offer (With Logo),3SROFF,BY,22.95,0,<b style=color:#ff0000;>Offer Available on Online Orders only<br/>Made to order only. This is a Non-Exchangeable & Non-Refundable product.</b>
Junior,Kiveton Park Meadows,5 Polo Offer (With Logo),3PPOFF,SB,30.38,0,<b style=color:#ff0000;>Offer Available on Online Orders only<br/>Made to order only. This is a Non-Exchangeable & Non-Refundable product.</b>
Junior,Kiveton Park Meadows,3 Cardigan Offer (With Logo),3SCOFF,NB,24.3,0,<b style=color:#ff0000;>Offer Available on Online Orders only<br/>Made to order only. This is a Non-Exchangeable & Non-Refundable product.</b>
Junior,Kiveton Park Meadows,3 Sweatshirt Offer (With Logo),3SROFF,NB,22.95,0,<b style=color:#ff0000;>Offer Available on Online Orders only<br/>Made to order only. This is a Non-Exchangeable & Non-Refundable product.</b>
Junior,Kiveton Park Meadows,5 Polo Offer (With Logo),3PPOFF,WHT,30.38,0,<b style=color:#ff0000;>Offer Available on Online Orders only<br/>Made to order only. This is a Non-Exchangeable & Non-Refundable product.</b>
Senior,St Pius Catholic High School,Leavers Hoodie,18500LS,GD,19,0,Includes a school logo on the left chest and a leavers design on the back.<b>Order by 24th Apr 2026<b><br><b style=color:red;>This product will be Shipped to school only. Made to order only. This is a Non-Exchangeable & Non-Refundable product</b>
Senior,St Pius Catholic High School,Leavers Hoodie,18500LSPIUS,NB,19,0,Includes a school logo on the left chest and a leavers design on the back.<b>Order by 24th Apr 2026<b><br><b style=color:red;>This product will be Shipped to school only. Made to order only. This is a Non-Exchangeable & Non-Refundable product</b>
Junior,Inkersall Spencer Academy,5 Polo Offer (With Logo),3PPOFF,RY,30.38,0,<b style=color:#ff0000;>Offer Available on Online Orders only<br/>Made to order only. This is a Non-Exchangeable & Non-Refundable product.</b>
Junior,Inkersall Spencer Academy,3 Cardigan Offer (With Logo),3SCOFF,DD,24.3,0,<b style=color:#ff0000;>Offer Available on Online Orders only<br/>Made to order only. This is a Non-Exchangeable & Non-Refundable product.</b>
Junior,Inkersall Spencer Academy,3 Sweatshirt Offer (With Logo),3SROFF,DD,22.95,0,<b style=color:#ff0000;>Offer Available on Online Orders only<br/>Made to order only. This is a Non-Exchangeable & Non-Refundable product.</b>
Junior,Inkersall Spencer Academy,5 Polo Offer (With Logo),3PPOFF,WHT,30.38,0,<b style=color:#ff0000;>Offer Available on Online Orders only<br/>Made to order only. This is a Non-Exchangeable & Non-Refundable product.</b>
Junior,Lacewood Primary School,5 Polo Offer (With Logo),3PPOFF,BT,30.38,0,<b style=color:#ff0000;>Offer Available on Online Orders only<br/>Made to order only. This is a Non-Exchangeable & Non-Refundable product.</b>
Junior,Lacewood Primary School,3 Cardigan Offer (With Logo),3SCOFF,BT,24.3,0,<b style=color:#ff0000;>Offer Available on Online Orders only<br/>Made to order only. This is a Non-Exchangeable & Non-Refundable product.</b>
Junior,Lacewood Primary School,3 Sweatshirt Offer (With Logo),3SROFF,BT,22.95,0,<b style=color:#ff0000;>Offer Available on Online Orders only<br/>Made to order only. This is a Non-Exchangeable & Non-Refundable product.</b>
Junior,Lacewood Primary School,5 Polo Offer (With Logo),3PPOFF,WHT,30.38,0,<b style=color:#ff0000;>Offer Available on Online Orders only<br/>Made to order only. This is a Non-Exchangeable & Non-Refundable product.</b>
Junior,Langwith Bassett,5 Polo Offer (With Logo),3PPOFF,SB,30.38,0,<b style=color:#ff0000;>Offer Available on Online Orders only<br/>Made to order only. This is a Non-Exchangeable & Non-Refundable product.</b>
Junior,Laughton All Saints C of E Primary School,5 Polo Offer (With Logo),3PPOFF,RD,30.38,0,<b style=color:#ff0000;>Offer Available on Online Orders only<br/>Made to order only. This is a Non-Exchangeable & Non-Refundable product.</b>
Junior,Laughton All Saints C of E Primary School,3 Cardigan Offer (With Logo),3SCOFF,RD,24.3,0,<b style=color:#ff0000;>Offer Available on Online Orders only<br/>Made to order only. This is a Non-Exchangeable & Non-Refundable product.</b>
Junior,Laughton All Saints C of E Primary School,3 Sweatshirt Offer (With Logo),3SROFF,RD,22.95,0,<b style=color:#ff0000;>Offer Available on Online Orders only<br/>Made to order only. This is a Non-Exchangeable & Non-Refundable product.</b>
Junior,Laughton All Saints C of E Primary School,5 Polo Offer (With Logo),3PPOFF,WHT,30.38,0,<b style=color:#ff0000;>Offer Available on Online Orders only<br/>Made to order only. This is a Non-Exchangeable & Non-Refundable product.</b>
Junior,Laughton J and I,5 Polo Offer (With Logo),3PPOFF,RD,30.38,0,<b style=color:#ff0000;>Offer Available on Online Orders only<br/>Made to order only. This is a Non-Exchangeable & Non-Refundable product.</b>
Junior,Laughton J and I,3 Cardigan Offer (With Logo),3SCOFF,RD,24.3,0,<b style=color:#ff0000;>Offer Available on Online Orders only<br/>Made to order only. This is a Non-Exchangeable & Non-Refundable product.</b>
Junior,Laughton J and I,3 Sweatshirt Offer (With Logo),3SROFF,RD,22.95,0,<b style=color:#ff0000;>Offer Available on Online Orders only<br/>Made to order only. This is a Non-Exchangeable & Non-Refundable product.</b>
Junior,Laughton J and I,5 Polo Offer (With Logo),3PPOFF,WHT,30.38,0,<b style=color:#ff0000;>Offer Available on Online Orders only<br/>Made to order only. This is a Non-Exchangeable & Non-Refundable product.</b>
Junior,Listerdale Junior Academy,5 Polo Offer (With Logo),3PPOFF,GD,30.38,0,<b style=color:#ff0000;>Offer Available on Online Orders only<br/>Made to order only. This is a Non-Exchangeable & Non-Refundable product.</b>
Junior,Lowedges Junior Academy,5 Polo Offer (With Logo),3PPOFF,GD,30.38,0,<b style=color:#ff0000;>Offer Available on Online Orders only<br/>Made to order only. This is a Non-Exchangeable & Non-Refundable product.</b>
Junior,Lower Meadow Primary Academy,5 Polo Offer (With Logo),3PPOFF,SB,30.38,0,<b style=color:#ff0000;>Offer Available on Online Orders only<br/>Made to order only. This is a Non-Exchangeable & Non-Refundable product.</b>
Junior,Lower Meadow Primary Academy,3 Cardigan Offer (With Logo),3SCOFF,NB,24.3,0,<b style=color:#ff0000;>Offer Available on Online Orders only<br/>Made to order only. This is a Non-Exchangeable & Non-Refundable product.</b>
Junior,Lower Meadow Primary Academy,3 Sweatshirt Offer (With Logo),3SROFF,NB,22.95,0,<b style=color:#ff0000;>Offer Available on Online Orders only<br/>Made to order only. This is a Non-Exchangeable & Non-Refundable product.</b>
Junior,Lower Meadow Primary Academy,5 Polo Offer (With Logo),3PPOFF,WHT,30.38,0,<b style=color:#ff0000;>Offer Available on Online Orders only<br/>Made to order only. This is a Non-Exchangeable & Non-Refundable product.</b>
Junior,Loxley Primary School,5 Polo Offer (With Logo),3PPOFF,RD,30.38,0,<b style=color:#ff0000;>Offer Available on Online Orders only<br/>Made to order only. This is a Non-Exchangeable & Non-Refundable product.</b>
Junior,Loxley Primary School,3 Cardigan Offer (With Logo),3SCOFF,NB,24.3,0,<b style=color:#ff0000;>Offer Available on Online Orders only<br/>Made to order only. This is a Non-Exchangeable & Non-Refundable product.</b>
Junior,Loxley Primary School,3 Sweatshirt Offer (With Logo),3SROFF,NB,22.95,0,<b style=color:#ff0000;>Offer Available on Online Orders only<br/>Made to order only. This is a Non-Exchangeable & Non-Refundable product.</b>
Junior,Lydgate Junior,5 Polo Offer (With Logo),3PPOFF,DR,30.38,0,<b style=color:#ff0000;>Offer Available on Online Orders only<br/>Made to order only. This is a Non-Exchangeable & Non-Refundable product.</b>
Junior,Lydgate Junior,3 Cardigan Offer (With Logo),3SCOFF,DD,24.3,0,<b style=color:#ff0000;>Offer Available on Online Orders only<br/>Made to order only. This is a Non-Exchangeable & Non-Refundable product.</b>
Junior,Lydgate Junior,3 Sweatshirt Offer (With Logo),3SROFF,DD,22.95,0,<b style=color:#ff0000;>Offer Available on Online Orders only<br/>Made to order only. This is a Non-Exchangeable & Non-Refundable product.</b>
Junior,Lydgate Junior,5 Polo Offer (With Logo),3PPOFF,SB,30.38,0,<b style=color:#ff0000;>Offer Available on Online Orders only<br/>Made to order only. This is a Non-Exchangeable & Non-Refundable product.</b>
Junior,Lydgate Junior,5 Polo Offer (With Logo),3PPOFF,WHT,30.38,0,<b style=color:#ff0000;>Offer Available on Online Orders only<br/>Made to order only. This is a Non-Exchangeable & Non-Refundable product.</b>
Junior,Maltby Lilly Hall Academy,5 Polo Offer (With Logo),3PPOFF,WHT,30.38,0,<b style=color:#ff0000;>Offer Available on Online Orders only<br/>Made to order only. This is a Non-Exchangeable & Non-Refundable product.</b>
Junior,Maltby Lilly Hall Academy,3 Cardigan Offer (With Logo),3SCOFF,DD,24.3,0,<b style=color:#ff0000;>Offer Available on Online Orders only<br/>Made to order only. This is a Non-Exchangeable & Non-Refundable product.</b>
Junior,Maltby Lilly Hall Academy,3 Sweatshirt Offer (With Logo),3SROFF,DD,22.95,0,<b style=color:#ff0000;>Offer Available on Online Orders only<br/>Made to order only. This is a Non-Exchangeable & Non-Refundable product.</b>
Junior,Maltby Manor Academy,5 Polo Offer (With Logo),3PPOFF,RD,30.38,0,<b style=color:#ff0000;>Offer Available on Online Orders only<br/>Made to order only. This is a Non-Exchangeable & Non-Refundable product.</b>
Junior,Maltby Manor Academy,3 Cardigan Offer (With Logo),3SCOFF,NB,24.3,0,<b style=color:#ff0000;>Offer Available on Online Orders only<br/>Made to order only. This is a Non-Exchangeable & Non-Refundable product.</b>
Junior,Maltby Manor Academy,3 Sweatshirt Offer (With Logo),3SROFF,NB,22.95,0,<b style=color:#ff0000;>Offer Available on Online Orders only<br/>Made to order only. This is a Non-Exchangeable & Non-Refundable product.</b>
Junior,Maltby Redwood,5 Polo Offer (With Logo),3PPOFF,WHT,30.38,0,<b style=color:#ff0000;>Offer Available on Online Orders only<br/>Made to order only. This is a Non-Exchangeable & Non-Refundable product.</b>
Junior,Maltby Redwood,3 Cardigan Offer (With Logo),3SCOFF,RD,24.3,0,<b style=color:#ff0000;>Offer Available on Online Orders only<br/>Made to order only. This is a Non-Exchangeable & Non-Refundable product.</b>
Junior,Maltby Redwood,3 Sweatshirt Offer (With Logo),3SROFF,RD,22.95,0,
Junior,Marsh Lane,3 Cardigan Offer (With Logo),3SCOFF,DD,24.3,0,<b style=color:#ff0000;>Offer Available on Online Orders only<br/>Made to order only. This is a Non-Exchangeable & Non-Refundable product.</b>
Junior,Marsh Lane,3 Sweatshirt Offer (With Logo),3SROFF,DD,22.95,0,<b style=color:#ff0000;>Offer Available on Online Orders only<br/>Made to order only. This is a Non-Exchangeable & Non-Refundable product.</b>
Junior,Marsh Lane,5 Polo Offer (With Logo),3PPOFF,WHT,30.38,0,<b style=color:#ff0000;>Offer Available on Online Orders only<br/>Made to order only. This is a Non-Exchangeable & Non-Refundable product.</b>
Junior,Marsh Lane,5 Polo Offer (With Logo),3PPOFF,DR,30.38,0,<b style=color:#ff0000;>Offer Available on Online Orders only<br/>Made to order only. This is a Non-Exchangeable & Non-Refundable product.</b>
Junior,Meadow View Primary,5 Polo Offer (With Logo),3PPOFF,SB,30.38,0,<b style=color:#ff0000;>Offer Available on Online Orders only<br/>Made to order only. This is a Non-Exchangeable & Non-Refundable product.</b>
Junior,Meadow View Primary,3 Cardigan Offer (With Logo),3SCOFF,NB,24.3,0,<b style=color:#ff0000;>Offer Available on Online Orders only<br/>Made to order only. This is a Non-Exchangeable & Non-Refundable product.</b>
Junior,Meadow View Primary,3 Sweatshirt Offer (With Logo),3SROFF,NB,22.95,0,<b style=color:#ff0000;>Offer Available on Online Orders only<br/>Made to order only. This is a Non-Exchangeable & Non-Refundable product.</b>
Junior,Milton school,5 Polo Offer (With Logo),3PPOFF,SB,30.38,0,<b style=color:#ff0000;>Offer Available on Online Orders only<br/>Made to order only. This is a Non-Exchangeable & Non-Refundable product.</b>
Junior,Milton school,3 Cardigan Offer (With Logo),3SCOFF,NB,24.3,0,<b style=color:#ff0000;>Offer Available on Online Orders only<br/>Made to order only. This is a Non-Exchangeable & Non-Refundable product.</b>
Junior,Milton school,3 Sweatshirt Offer (With Logo),3SROFF,NB,22.95,0,<b style=color:#ff0000;>Offer Available on Online Orders only<br/>Made to order only. This is a Non-Exchangeable & Non-Refundable product.</b>
Junior,Monteney Primary,5 Polo Offer (With Logo),3PPOFF,DR,30.38,0,<b style=color:#ff0000;>Offer Available on Online Orders only<br/>Made to order only. This is a Non-Exchangeable & Non-Refundable product.</b>
Junior,Monteney Primary,3 Cardigan Offer (With Logo),3SCOFF,DD,24.3,0,<b style=color:#ff0000;>Offer Available on Online Orders only<br/>Made to order only. This is a Non-Exchangeable & Non-Refundable product.</b>
Junior,Monteney Primary,3 Sweatshirt Offer (With Logo),3SROFF,DD,22.95,0,<b style=color:#ff0000;>Offer Available on Online Orders only<br/>Made to order only. This is a Non-Exchangeable & Non-Refundable product.</b>
Junior,Monteney Primary,5 Polo Offer (With Logo),3PPOFF,WHT,30.38,0,<b style=color:#ff0000;>Offer Available on Online Orders only<br/>Made to order only. This is a Non-Exchangeable & Non-Refundable product.</b>
Junior,Mosborough Primary School,5 Polo Offer (With Logo),3PPOFF,NB,30.38,0,<b style=color:#ff0000;>Offer Available on Online Orders only<br/>Made to order only. This is a Non-Exchangeable & Non-Refundable product.</b>
Junior,Mosborough Primary School,3 Cardigan Offer (With Logo),3SCOFF,NB,24.3,0,<b style=color:#ff0000;>Offer Available on Online Orders only<br/>Made to order only. This is a Non-Exchangeable & Non-Refundable product.</b>
Junior,Mosborough Primary School,3 Sweatshirt Offer (With Logo),3SROFF,NB,22.95,0,<b style=color:#ff0000;>Offer Available on Online Orders only<br/>Made to order only. This is a Non-Exchangeable & Non-Refundable product.</b>
Junior,Mosborough Primary School,5 Polo Offer (With Logo),3PPOFF,WHT,30.38,0,<b style=color:#ff0000;>Offer Available on Online Orders only<br/>Made to order only. This is a Non-Exchangeable & Non-Refundable product.</b>
Junior,Mossbrook Primary,5 Polo Offer (With Logo),3PPOFF,WHT,30.38,0,<b style=color:#ff0000;>Offer Available on Online Orders only<br/>Made to order only. This is a Non-Exchangeable & Non-Refundable product.</b>
Junior,Mossbrook Primary,3 Sweatshirt Offer (With Logo),3SROFF,JD,22.95,0,<b style=color:#ff0000;>Offer Available on Online Orders only<br/>Made to order only. This is a Non-Exchangeable & Non-Refundable product.</b>
Junior,Mundella Primary School,5 Polo Offer (With Logo),3PPOFF,WHT,30.38,0,<b style=color:#ff0000;>Offer Available on Online Orders only<br/>Made to order only. This is a Non-Exchangeable & Non-Refundable product.</b>
Junior,Mundella Primary School,3 Cardigan Offer (With Logo),3SCOFF,BY,24.3,0,<b style=color:#ff0000;>Offer Available on Online Orders only<br/>Made to order only. This is a Non-Exchangeable & Non-Refundable product.</b>
Junior,Mundella Primary School,3 Sweatshirt Offer (With Logo),3SROFF,BY,22.95,0,<b style=color:#ff0000;>Offer Available on Online Orders only<br/>Made to order only. This is a Non-Exchangeable & Non-Refundable product.</b>
Junior,New Whittington Primary,5 Polo Offer (With Logo),3PPOFF,DR,30.38,0,<b style=color:#ff0000;>Offer Available on Online Orders only<br/>Made to order only. This is a Non-Exchangeable & Non-Refundable product.</b>
Junior,New Whittington Primary,3 Cardigan Offer (With Logo),3SCOFF,DD,24.3,0,<b style=color:#ff0000;>Offer Available on Online Orders only<br/>Made to order only. This is a Non-Exchangeable & Non-Refundable product.</b>
Junior,New Whittington Primary,3 Sweatshirt Offer (With Logo),3SROFF,DD,22.95,0,<b style=color:#ff0000;>Offer Available on Online Orders only<br/>Made to order only. This is a Non-Exchangeable & Non-Refundable product.</b>
Junior,New Whittington Primary,5 Polo Offer (With Logo),3PPOFF,SB,30.38,0,<b style=color:#ff0000;>Offer Available on Online Orders only<br/>Made to order only. This is a Non-Exchangeable & Non-Refundable product.</b>
Junior,New Whittington Primary,5 Polo Offer (With Logo),3PPOFF,WHT,30.38,0,<b style=color:#ff0000;>Offer Available on Online Orders only<br/>Made to order only. This is a Non-Exchangeable & Non-Refundable product.</b>
Junior,Norbriggs Primary,5 Polo Offer (With Logo),3PPOFF,BY,30.38,0,<b style=color:#ff0000;>Offer Available on Online Orders only<br/>Made to order only. This is a Non-Exchangeable & Non-Refundable product.</b>
Junior,Norbriggs Primary,3 Cardigan Offer (With Logo),3SCOFF,BY,24.3,0,<b style=color:#ff0000;>Offer Available on Online Orders only<br/>Made to order only. This is a Non-Exchangeable & Non-Refundable product.</b>
Junior,Norbriggs Primary,3 Sweatshirt Offer (With Logo),3SROFF,BY,22.95,0,<b style=color:#ff0000;>Offer Available on Online Orders only<br/>Made to order only. This is a Non-Exchangeable & Non-Refundable product.</b>
Junior,Norbriggs Primary,5 Polo Offer (With Logo),3PPOFF,WHT,30.38,0,<b style=color:#ff0000;>Offer Available on Online Orders only<br/>Made to order only. This is a Non-Exchangeable & Non-Refundable product.</b>
Junior,Norfolk Comm primary,5 Polo Offer (With Logo),3PPOFF,GD,30.38,0,<b style=color:#ff0000;>Offer Available on Online Orders only<br/>Made to order only. This is a Non-Exchangeable & Non-Refundable product.</b>
Junior,Norfolk Comm primary,3 Cardigan Offer (With Logo),3SCOFF,DD,24.3,0,<b style=color:#ff0000;>Offer Available on Online Orders only<br/>Made to order only. This is a Non-Exchangeable & Non-Refundable product.</b>
Junior,Norfolk Comm primary,3 Sweatshirt Offer (With Logo),3SROFF,DD,22.95,0,<b style=color:#ff0000;>Offer Available on Online Orders only<br/>Made to order only. This is a Non-Exchangeable & Non-Refundable product.</b>
Junior,Northfield Junior,5 Polo Offer (With Logo),3PPOFF,WHT,30.38,0,<b style=color:#ff0000;>Offer Available on Online Orders only<br/>Made to order only. This is a Non-Exchangeable & Non-Refundable product.</b>
Junior,Northfield Junior,3 Cardigan Offer (With Logo),3SCOFF,BT,24.3,0,<b style=color:#ff0000;>Offer Available on Online Orders only<br/>Made to order only. This is a Non-Exchangeable & Non-Refundable product.</b>
Junior,Northfield Junior,3 Sweatshirt Offer (With Logo),3SROFF,BT,22.95,0,<b style=color:#ff0000;>Offer Available on Online Orders only<br/>Made to order only. This is a Non-Exchangeable & Non-Refundable product.</b>
Junior,Norton Free,5 Polo Offer (With Logo),3PPOFF,DR,30.38,0,<b style=color:#ff0000;>Offer Available on Online Orders only<br/>Made to order only. This is a Non-Exchangeable & Non-Refundable product.</b>
Junior,Norton Free,3 Cardigan Offer (With Logo),3SCOFF,DD,24.3,0,<b style=color:#ff0000;>Offer Available on Online Orders only<br/>Made to order only. This is a Non-Exchangeable & Non-Refundable product.</b>
Junior,Norton Free,3 Sweatshirt Offer (With Logo),3SROFF,DD,22.95,0,<b style=color:#ff0000;>Offer Available on Online Orders only<br/>Made to order only. This is a Non-Exchangeable & Non-Refundable product.</b>
Junior,Norton Free,5 Polo Offer (With Logo),3PPOFF,WHT,30.38,0,<b style=color:#ff0000;>Offer Available on Online Orders only<br/>Made to order only. This is a Non-Exchangeable & Non-Refundable product.</b>
Junior,Oasis Academy Firvale,5 Polo Offer (With Logo),3PPOFF,WHT,30.38,0,<b style=color:#ff0000;>Offer Available on Online Orders only<br/>Made to order only. This is a Non-Exchangeable & Non-Refundable product.</b>
Junior,Oasis Academy Firvale,3 Cardigan Offer (With Logo),3SCOFF,NB,24.3,0,<b style=color:#ff0000;>Offer Available on Online Orders only<br/>Made to order only. This is a Non-Exchangeable & Non-Refundable product.</b>
Junior,Oasis Academy Firvale,3 Sweatshirt Offer (With Logo),3SROFF,NB,22.95,0,<b style=color:#ff0000;>Offer Available on Online Orders only<br/>Made to order only. This is a Non-Exchangeable & Non-Refundable product.</b>
Junior,Oasis Academy Watermead,5 Polo Offer (With Logo),3PPOFF,WHT,30.38,0,<b style=color:#ff0000;>Offer Available on Online Orders only<br/>Made to order only. This is a Non-Exchangeable & Non-Refundable product.</b>
Junior,Oasis Academy Watermead,3 Cardigan Offer (With Logo),3SCOFF,NB,24.3,0,<b style=color:#ff0000;>Offer Available on Online Orders only<br/>Made to order only. This is a Non-Exchangeable & Non-Refundable product.</b>
Junior,Oasis Academy Watermead,3 Sweatshirt Offer (With Logo),3SROFF,NB,22.95,0,<b style=color:#ff0000;>Offer Available on Online Orders only<br/>Made to order only. This is a Non-Exchangeable & Non-Refundable product.</b>
Junior,Our Lady and St Josephs,5 Polo Offer (With Logo),3PPOFF,WHT,30.38,0,<b style=color:#ff0000;>Offer Available on Online Orders only<br/>Made to order only. This is a Non-Exchangeable & Non-Refundable product.</b>
Junior,Our Lady and St Josephs,3 Cardigan Offer (With Logo),3SCOFF,DD,24.3,0,<b style=color:#ff0000;>Offer Available on Online Orders only<br/>Made to order only. This is a Non-Exchangeable & Non-Refundable product.</b>
Junior,Our Lady and St Josephs,3 Sweatshirt Offer (With Logo),3SROFF,DD,22.95,0,<b style=color:#ff0000;>Offer Available on Online Orders only<br/>Made to order only. This is a Non-Exchangeable & Non-Refundable product.</b>
Junior,Peafield Lane Academy,3 Cardigan Offer (With Logo),3SCOFF,BT,24.3,0,<b style=color:#ff0000;>Offer Available on Online Orders only<br/>Made to order only. This is a Non-Exchangeable & Non-Refundable product.</b>
Junior,Peafield Lane Academy,3 Sweatshirt Offer (With Logo),3SROFF,BT,22.95,0,<b style=color:#ff0000;>Offer Available on Online Orders only<br/>Made to order only. This is a Non-Exchangeable & Non-Refundable product.</b>
Junior,Pipworth Community Primary,5 Polo Offer (With Logo),3PPOFF,RD,30.38,0,<b style=color:#ff0000;>Offer Available on Online Orders only<br/>Made to order only. This is a Non-Exchangeable & Non-Refundable product.</b>
Junior,Pipworth Community Primary,3 Cardigan Offer (With Logo),3SCOFF,RD,24.3,0,<b style=color:#ff0000;>Offer Available on Online Orders only<br/>Made to order only. This is a Non-Exchangeable & Non-Refundable product.</b>
Junior,Pipworth Community Primary,3 Sweatshirt Offer (With Logo),3SROFF,RD,22.95,0,<b style=color:#ff0000;>Offer Available on Online Orders only<br/>Made to order only. This is a Non-Exchangeable & Non-Refundable product.</b>
Junior,Pipworth Community Primary,5 Polo Offer (With Logo),3PPOFF,WHT,30.38,0,<b style=color:#ff0000;>Offer Available on Online Orders only<br/>Made to order only. This is a Non-Exchangeable & Non-Refundable product.</b>
Junior,Prince Edward,5 Polo Offer (With Logo),3PPOFF,WHT,30.38,0,<b style=color:#ff0000;>Offer Available on Online Orders only<br/>Made to order only. This is a Non-Exchangeable & Non-Refundable product.</b>
Junior,Prince Edward,3 Cardigan Offer (With Logo),3SCOFF,BY,24.3,0,<b style=color:#ff0000;>Offer Available on Online Orders only<br/>Made to order only. This is a Non-Exchangeable & Non-Refundable product.</b>
Junior,Prince Edward,3 Sweatshirt Offer (With Logo),3SROFF,BY,22.95,0,<b style=color:#ff0000;>Offer Available on Online Orders only<br/>Made to order only. This is a Non-Exchangeable & Non-Refundable product.</b>
Junior,Rainbow Forge Academy,5 Polo Offer (With Logo),3PPOFF,SB,30.38,0,<b style=color:#ff0000;>Offer Available on Online Orders only<br/>Made to order only. This is a Non-Exchangeable & Non-Refundable product.</b>
Junior,Rainbow Forge Academy,3 Cardigan Offer (With Logo),3SCOFF,NB,24.3,0,<b style=color:#ff0000;>Offer Available on Online Orders only<br/>Made to order only. This is a Non-Exchangeable & Non-Refundable product.</b>
Junior,Rainbow Forge Academy,3 Sweatshirt Offer (With Logo),3SROFF,NB,22.95,0,<b style=color:#ff0000;>Offer Available on Online Orders only<br/>Made to order only. This is a Non-Exchangeable & Non-Refundable product.</b>
Junior,Ravenfield Primary,5 Polo Offer (With Logo),3PPOFF,RD,30.38,0,<b style=color:#ff0000;>Offer Available on Online Orders only<br/>Made to order only. This is a Non-Exchangeable & Non-Refundable product.</b>
Junior,Ravenfield Primary,3 Cardigan Offer (With Logo),3SCOFF,RD,24.3,0,<b style=color:#ff0000;>Offer Available on Online Orders only<br/>Made to order only. This is a Non-Exchangeable & Non-Refundable product.</b>
Junior,Ravenfield Primary,3 Sweatshirt Offer (With Logo),3SROFF,RD,22.95,0,<b style=color:#ff0000;>Offer Available on Online Orders only<br/>Made to order only. This is a Non-Exchangeable & Non-Refundable product.</b>
Junior,Ravenfield Primary,5 Polo Offer (With Logo),3PPOFF,WHT,30.38,0,<b style=color:#ff0000;>Offer Available on Online Orders only<br/>Made to order only. This is a Non-Exchangeable & Non-Refundable product.</b>
Junior,Rawmarsh Nursery School and Children's Centre,5 Polo Offer (With Logo),3PPOFF,WHT,30.38,0,<b style=color:#ff0000;>Offer Available on Online Orders only<br/>Made to order only. This is a Non-Exchangeable & Non-Refundable product.</b>
Junior,Rawmarsh Nursery School and Children's Centre,3 Cardigan Offer (With Logo),3SCOFF,DD,24.3,0,<b style=color:#ff0000;>Offer Available on Online Orders only<br/>Made to order only. This is a Non-Exchangeable & Non-Refundable product.</b>
Junior,Rawmarsh Nursery School and Children's Centre,3 Sweatshirt Offer (With Logo),3SROFF,DD,22.95,0,<b style=color:#ff0000;>Offer Available on Online Orders only<br/>Made to order only. This is a Non-Exchangeable & Non-Refundable product.</b>
Junior,Rawmarsh Thorogate,5 Polo Offer (With Logo),3PPOFF,WHT,30.38,0,<b style=color:#ff0000;>Offer Available on Online Orders only<br/>Made to order only. This is a Non-Exchangeable & Non-Refundable product.</b>
Junior,Rawmarsh Thorogate,3 Cardigan Offer (With Logo),3SCOFF,RD,24.3,0,<b style=color:#ff0000;>Offer Available on Online Orders only<br/>Made to order only. This is a Non-Exchangeable & Non-Refundable product.</b>
Junior,Rawmarsh Thorogate,3 Sweatshirt Offer (With Logo),3SROFF,RD,22.95,0,<b style=color:#ff0000;>Offer Available on Online Orders only<br/>Made to order only. This is a Non-Exchangeable & Non-Refundable product.</b>
Junior,Rawmarsh Thorogate,3 Cardigan Offer (With Logo),3SCOFF,NB,24.3,0,<b style=color:#ff0000;>Offer Available on Online Orders only<br/>Made to order only. This is a Non-Exchangeable & Non-Refundable product.</b>
Junior,Rawmarsh Thorogate,3 Sweatshirt Offer (With Logo),3SROFF,NB,22.95,0,<b style=color:#ff0000;>Offer Available on Online Orders only<br/>Made to order only. This is a Non-Exchangeable & Non-Refundable product.</b>
Junior,Redscope Primary,5 Polo Offer (With Logo),3PPOFF,WHT,30.38,0,<b style=color:#ff0000;>Offer Available on Online Orders only<br/>Made to order only. This is a Non-Exchangeable & Non-Refundable product.</b>
Junior,Redscope Primary,3 Cardigan Offer (With Logo),3SCOFF,RD,24.3,0,<b style=color:#ff0000;>Offer Available on Online Orders only<br/>Made to order only. This is a Non-Exchangeable & Non-Refundable product.</b>
Junior,Redscope Primary,3 Sweatshirt Offer (With Logo),3SROFF,RD,22.95,0,<b style=color:#ff0000;>Offer Available on Online Orders only<br/>Made to order only. This is a Non-Exchangeable & Non-Refundable product.</b>
Junior,Reignhead Primary,5 Polo Offer (With Logo),3PPOFF,GD,30.38,0,<b style=color:#ff0000;>Offer Available on Online Orders only<br/>Made to order only. This is a Non-Exchangeable & Non-Refundable product.</b>
Junior,Reignhead Primary,3 Cardigan Offer (With Logo),3SCOFF,RD,24.3,0,<b style=color:#ff0000;>Offer Available on Online Orders only<br/>Made to order only. This is a Non-Exchangeable & Non-Refundable product.</b>
Junior,Reignhead Primary,3 Sweatshirt Offer (With Logo),3SROFF,RD,22.95,0,<b style=color:#ff0000;>Offer Available on Online Orders only<br/>Made to order only. This is a Non-Exchangeable & Non-Refundable product.</b>
Junior,Reignhead Primary,5 Polo Offer (With Logo),3PPOFF,WHT,30.38,0,<b style=color:#ff0000;>Offer Available on Online Orders only<br/>Made to order only. This is a Non-Exchangeable & Non-Refundable product.</b>
Junior,Reignhead Primary,5 Polo Offer (With Logo),3PPOFF,RD,30.38,0,<b style=color:#ff0000;>Offer Available on Online Orders only<br/>Made to order only. This is a Non-Exchangeable & Non-Refundable product.</b>
Junior,Renishaw Primary,5 Polo Offer (With Logo),3PPOFF,SB,30.38,0,<b style=color:#ff0000;>Offer Available on Online Orders only<br/>Made to order only. This is a Non-Exchangeable & Non-Refundable product.</b>
Junior,Renishaw Primary,3 Cardigan Offer (With Logo),3SCOFF,NB,24.3,0,<b style=color:#ff0000;>Offer Available on Online Orders only<br/>Made to order only. This is a Non-Exchangeable & Non-Refundable product.</b>
Junior,Renishaw Primary,3 Sweatshirt Offer (With Logo),3SROFF,NB,22.95,0,<b style=color:#ff0000;>Offer Available on Online Orders only<br/>Made to order only. This is a Non-Exchangeable & Non-Refundable product.</b>
Junior,Renishaw Primary,5 Polo Offer (With Logo),3PPOFF,WHT,30.38,0,<b style=color:#ff0000;>Offer Available on Online Orders only<br/>Made to order only. This is a Non-Exchangeable & Non-Refundable product.</b>
Junior,Ridgeway Primary,5 Polo Offer (With Logo),3PPOFF,GD,30.38,0,<b style=color:#ff0000;>Offer Available on Online Orders only<br/>Made to order only. This is a Non-Exchangeable & Non-Refundable product.</b>
Junior,Ridgeway Primary,3 Cardigan Offer (With Logo),3SCOFF,BY,24.3,0,<b style=color:#ff0000;>Offer Available on Online Orders only<br/>Made to order only. This is a Non-Exchangeable & Non-Refundable product.</b>
Junior,Ridgeway Primary,3 Sweatshirt Offer (With Logo),3SROFF,BY,22.95,0,<b style=color:#ff0000;>Offer Available on Online Orders only<br/>Made to order only. This is a Non-Exchangeable & Non-Refundable product.</b>
Junior,Rockingham Primary,5 Polo Offer (With Logo),3PPOFF,WHT,30.38,0,<b style=color:#ff0000;>Offer Available on Online Orders only<br/>Made to order only. This is a Non-Exchangeable & Non-Refundable product.</b>
Junior,Rockingham Primary,3 Cardigan Offer (With Logo),3SCOFF,DD,24.3,0,<b style=color:#ff0000;>Offer Available on Online Orders only<br/>Made to order only. This is a Non-Exchangeable & Non-Refundable product.</b>
Junior,Rockingham Primary,3 Sweatshirt Offer (With Logo),3SROFF,DD,22.95,0,<b style=color:#ff0000;>Offer Available on Online Orders only<br/>Made to order only. This is a Non-Exchangeable & Non-Refundable product.</b>
Junior,Rosehill and Ryecroft Primary,5 Polo Offer (With Logo),3PPOFF,RD,30.38,0,<b style=color:#ff0000;>Offer Available on Online Orders only<br/>Made to order only. This is a Non-Exchangeable & Non-Refundable product.</b>
Junior,Rosehill and Ryecroft Primary,3 Cardigan Offer (With Logo),3SCOFF,RD,24.3,0,<b style=color:#ff0000;>Offer Available on Online Orders only<br/>Made to order only. This is a Non-Exchangeable & Non-Refundable product.</b>
Junior,Rosehill and Ryecroft Primary,3 Sweatshirt Offer (With Logo),3SROFF,RD,22.95,0,<b style=color:#ff0000;>Offer Available on Online Orders only<br/>Made to order only. This is a Non-Exchangeable & Non-Refundable product.</b>
Junior,Rosehill and Ryecroft Primary,5 Polo Offer (With Logo),3PPOFF,WHT,30.38,0,<b style=color:#ff0000;>Offer Available on Online Orders only<br/>Made to order only. This is a Non-Exchangeable & Non-Refundable product.</b>
Junior,Roughwood Primary,3 Cardigan Offer (With Logo),3SCOFF,DD,24.3,0,<b style=color:#ff0000;>Offer Available on Online Orders only<br/>Made to order only. This is a Non-Exchangeable & Non-Refundable product.</b>
Junior,Roughwood Primary,3 Sweatshirt Offer (With Logo),3SROFF,DD,22.95,0,<b style=color:#ff0000;>Offer Available on Online Orders only<br/>Made to order only. This is a Non-Exchangeable & Non-Refundable product.</b>
Junior,Roughwood Primary,5 Polo Offer (With Logo),3PPOFF,WHT,30.38,0,<b style=color:#ff0000;>Offer Available on Online Orders only<br/>Made to order only. This is a Non-Exchangeable & Non-Refundable product.</b>
Junior,Roughwood Primary,5 Polo Offer (With Logo),3PPOFF,DR,30.38,0,<b style=color:#ff0000;>Offer Available on Online Orders only<br/>Made to order only. This is a Non-Exchangeable & Non-Refundable product.</b>
Junior,Sandhill Primary,5 Polo Offer (With Logo),3PPOFF,WHT,30.38,0,<b style=color:#ff0000;>Offer Available on Online Orders only<br/>Made to order only. This is a Non-Exchangeable & Non-Refundable product.</b>
Junior,Sandhill Primary,3 Cardigan Offer (With Logo),3SCOFF,BY,24.3,0,<b style=color:#ff0000;>Offer Available on Online Orders only<br/>Made to order only. This is a Non-Exchangeable & Non-Refundable product.</b>
Junior,Sandhill Primary,3 Sweatshirt Offer (With Logo),3SROFF,BY,22.95,0,<b style=color:#ff0000;>Offer Available on Online Orders only<br/>Made to order only. This is a Non-Exchangeable & Non-Refundable product.</b>
Junior,Shooters Grove Primary,3 Cardigan Offer (With Logo),3SCOFF,DD,24.3,0,<b style=color:#ff0000;>Offer Available on Online Orders only<br/>Made to order only. This is a Non-Exchangeable & Non-Refundable product.</b>
Junior,Shooters Grove Primary,3 Sweatshirt Offer (With Logo),3SROFF,DD,22.95,0,<b style=color:#ff0000;>Offer Available on Online Orders only<br/>Made to order only. This is a Non-Exchangeable & Non-Refundable product.</b>
Junior,Shortbrook Primary School,5 Polo Offer (With Logo),3PPOFF,WHT,30.38,0,<b style=color:#ff0000;>Offer Available on Online Orders only<br/>Made to order only. This is a Non-Exchangeable & Non-Refundable product.</b>
Junior,Shortbrook Primary School,3 Sweatshirt Offer (With Logo),3SROFF,RD,22.95,0,<b style=color:#ff0000;>Offer Available on Online Orders only<br/>Made to order only. This is a Non-Exchangeable & Non-Refundable product.</b>
Junior,Southey Green Primary School,5 Polo Offer (With Logo),3PPOFF,SB,30.38,0,<b style=color:#ff0000;>Offer Available on Online Orders only<br/>Made to order only. This is a Non-Exchangeable & Non-Refundable product.</b>
Junior,Southey Green Primary School,3 Cardigan Offer (With Logo),3SCOFF,NB,24.3,0,<b style=color:#ff0000;>Offer Available on Online Orders only<br/>Made to order only. This is a Non-Exchangeable & Non-Refundable product.</b>
Junior,Southey Green Primary School,3 Sweatshirt Offer (With Logo),3SROFF,NB,22.95,0,<b style=color:#ff0000;>Offer Available on Online Orders only<br/>Made to order only. This is a Non-Exchangeable & Non-Refundable product.</b>
Junior,Southey Green Primary School,5 Polo Offer (With Logo),3PPOFF,WHT,30.38,0,<b style=color:#ff0000;>Offer Available on Online Orders only<br/>Made to order only. This is a Non-Exchangeable & Non-Refundable product.</b>
Junior,St Andrews - Dronfield,5 Polo Offer (With Logo),3PPOFF,WHT,30.38,0,
Junior,St Andrews - Dronfield,3 Cardigan Offer (With Logo),3SCOFF,NB,24.3,0,
Junior,St Andrews - Dronfield,3 Sweatshirt Offer (With Logo),3SROFF,NB,22.95,0,
Junior,St Ann's Stocksbridge,5 Polo Offer (With Logo),3PPOFF,SB,30.38,0,<b style=color:#ff0000;>Offer Available on Online Orders only<br/>Made to order only. This is a Non-Exchangeable & Non-Refundable product.</b>
Junior,St Ann's Stocksbridge,3 Cardigan Offer (With Logo),3SCOFF,BY,24.3,0,<b style=color:#ff0000;>Offer Available on Online Orders only<br/>Made to order only. This is a Non-Exchangeable & Non-Refundable product.</b>
Junior,St Ann's Stocksbridge,3 Sweatshirt Offer (With Logo),3SROFF,BY,22.95,0,<b style=color:#ff0000;>Offer Available on Online Orders only<br/>Made to order only. This is a Non-Exchangeable & Non-Refundable product.</b>
Junior,St Bedes Primary,5 Polo Offer (With Logo),3PPOFF,GD,30.38,0,<b style=color:#ff0000;>Offer Available on Online Orders only<br/>Made to order only. This is a Non-Exchangeable & Non-Refundable product.</b>
Junior,St Bedes Primary,3 Cardigan Offer (With Logo),3SCOFF,BT,24.3,0,<b style=color:#ff0000;>Offer Available on Online Orders only<br/>Made to order only. This is a Non-Exchangeable & Non-Refundable product.</b>
Junior,St Bedes Primary,3 Sweatshirt Offer (With Logo),3SROFF,BT,22.95,0,<b style=color:#ff0000;>Offer Available on Online Orders only<br/>Made to order only. This is a Non-Exchangeable & Non-Refundable product.</b>
Junior,St Charles RC Primary (SWINTON-MANCHESTER),5 Polo Offer (With Logo),3PPOFF,SB,30.38,0,<b style=color:#ff0000;>Offer Available on Online Orders only<br/>Made to order only. This is a Non-Exchangeable & Non-Refundable product.</b>
Junior,St Charles RC Primary (SWINTON-MANCHESTER),3 Cardigan Offer (With Logo),3SCOFF,NB,24.3,0,<b style=color:#ff0000;>Offer Available on Online Orders only<br/>Made to order only. This is a Non-Exchangeable & Non-Refundable product.</b>
Junior,St Charles RC Primary (SWINTON-MANCHESTER),3 Sweatshirt Offer (With Logo),3SROFF,NB,22.95,0,<b style=color:#ff0000;>Offer Available on Online Orders only<br/>Made to order only. This is a Non-Exchangeable & Non-Refundable product.</b>
Junior,St Gerards Catholic Primary School,5 Polo Offer (With Logo),3PPOFF,SB,30.38,0,<b style=color:#ff0000;>Offer Available on Online Orders only<br/>Made to order only. This is a Non-Exchangeable & Non-Refundable product.</b>
Junior,St Gerards Catholic Primary School,3 Cardigan Offer (With Logo),3SCOFF,NB,24.3,0,<b style=color:#ff0000;>Offer Available on Online Orders only<br/>Made to order only. This is a Non-Exchangeable & Non-Refundable product.</b>
Junior,St Gerards Catholic Primary School,3 Sweatshirt Offer (With Logo),3SROFF,NB,22.95,0,<b style=color:#ff0000;>Offer Available on Online Orders only<br/>Made to order only. This is a Non-Exchangeable & Non-Refundable product.</b>
Junior,St Gerards Catholic Primary School,5 Polo Offer (With Logo),3PPOFF,WHT,30.38,0,<b style=color:#ff0000;>Offer Available on Online Orders only<br/>Made to order only. This is a Non-Exchangeable & Non-Refundable product.</b>
Junior,St Giles C of E,5 Polo Offer (With Logo),3PPOFF,SB,30.38,0,<b style=color:#ff0000;>Offer Available on Online Orders only<br/>Made to order only. This is a Non-Exchangeable & Non-Refundable product.</b>
Junior,St Giles C of E,3 Cardigan Offer (With Logo),3SCOFF,NB,24.3,0,<b style=color:#ff0000;>Offer Available on Online Orders only<br/>Made to order only. This is a Non-Exchangeable & Non-Refundable product.</b>
Junior,St Giles C of E,3 Sweatshirt Offer (With Logo),3SROFF,NB,22.95,0,<b style=color:#ff0000;>Offer Available on Online Orders only<br/>Made to order only. This is a Non-Exchangeable & Non-Refundable product.</b>
Junior,St Giles C of E,5 Polo Offer (With Logo),3PPOFF,WHT,30.38,0,<b style=color:#ff0000;>Offer Available on Online Orders only<br/>Made to order only. This is a Non-Exchangeable & Non-Refundable product.</b>
Junior,St Joseph’s Staveley,5 Polo Offer (With Logo),3PPOFF,WHT,30.38,0,<b style=color:#ff0000;>Offer Available on Online Orders only<br/>Made to order only. This is a Non-Exchangeable & Non-Refundable product.</b>
Junior,St Joseph’s Staveley,3 Cardigan Offer (With Logo),3SCOFF,RD,24.3,0,<b style=color:#ff0000;>Offer Available on Online Orders only<br/>Made to order only. This is a Non-Exchangeable & Non-Refundable product.</b>
Junior,St Joseph’s Staveley,3 Sweatshirt Offer (With Logo),3SROFF,RD,22.95,0,<b style=color:#ff0000;>Offer Available on Online Orders only<br/>Made to order only. This is a Non-Exchangeable & Non-Refundable product.</b>
Junior,Unstone Infants,5 Polo Offer (With Logo),3PPOFF,SB,30.38,0,<b style=color:#ff0000;>Offer Available on Online Orders only<br/>Made to order only. This is a Non-Exchangeable & Non-Refundable product.</b>
Junior,Unstone Infants,3 Cardigan Offer (With Logo),3SCOFF,RD,24.3,0,<b style=color:#ff0000;>Offer Available on Online Orders only<br/>Made to order only. This is a Non-Exchangeable & Non-Refundable product.</b>
Junior,Unstone Infants,3 Sweatshirt Offer (With Logo),3SROFF,RD,22.95,0,<b style=color:#ff0000;>Offer Available on Online Orders only<br/>Made to order only. This is a Non-Exchangeable & Non-Refundable product.</b>
Junior,Unstone Infants,5 Polo Offer (With Logo),3PPOFF,WHT,30.38,0,<b style=color:#ff0000;>Offer Available on Online Orders only<br/>Made to order only. This is a Non-Exchangeable & Non-Refundable product.</b>
Junior,Unstone Junior,5 Polo Offer (With Logo),3PPOFF,SB,30.38,0,<b style=color:#ff0000;>Offer Available on Online Orders only<br/>Made to order only. This is a Non-Exchangeable & Non-Refundable product.</b>
Junior,Unstone Junior,3 Cardigan Offer (With Logo),3SCOFF,RD,24.3,0,<b style=color:#ff0000;>Offer Available on Online Orders only<br/>Made to order only. This is a Non-Exchangeable & Non-Refundable product.</b>
Junior,Unstone Junior,3 Sweatshirt Offer (With Logo),3SROFF,RD,22.95,0,<b style=color:#ff0000;>Offer Available on Online Orders only<br/>Made to order only. This is a Non-Exchangeable & Non-Refundable product.</b>
Junior,Unstone Junior,5 Polo Offer (With Logo),3PPOFF,WHT,30.38,0,<b style=color:#ff0000;>Offer Available on Online Orders only<br/>Made to order only. This is a Non-Exchangeable & Non-Refundable product.</b>
Junior,St Josephs Catholic School Rawmarsh,5 Polo Offer (With Logo),3PPOFF,RD,30.38,0,<b style=color:#ff0000;>Offer Available on Online Orders only<br/>Made to order only. This is a Non-Exchangeable & Non-Refundable product.</b>
Junior,St Josephs Catholic School Rawmarsh,3 Cardigan Offer (With Logo),3SCOFF,RD,24.3,0,<b style=color:#ff0000;>Offer Available on Online Orders only<br/>Made to order only. This is a Non-Exchangeable & Non-Refundable product.</b>
Junior,St Josephs Catholic School Rawmarsh,3 Sweatshirt Offer (With Logo),3SROFF,RD,22.95,0,<b style=color:#ff0000;>Offer Available on Online Orders only<br/>Made to order only. This is a Non-Exchangeable & Non-Refundable product.</b>
Junior,St Josephs Catholic School Rawmarsh,5 Polo Offer (With Logo),3PPOFF,WHT,30.38,0,<b style=color:#ff0000;>Offer Available on Online Orders only<br/>Made to order only. This is a Non-Exchangeable & Non-Refundable product.</b>
Junior,St Lukes C of E Shireoaks,5 Polo Offer (With Logo),3PPOFF,GD,30.38,0,<b style=color:#ff0000;>Offer Available on Online Orders only<br/>Made to order only. This is a Non-Exchangeable & Non-Refundable product.</b>
Junior,St Lukes C of E Shireoaks,3 Cardigan Offer (With Logo),3SCOFF,BT,24.3,0,<b style=color:#ff0000;>Offer Available on Online Orders only<br/>Made to order only. This is a Non-Exchangeable & Non-Refundable product.</b>
Junior,St Lukes C of E Shireoaks,3 Sweatshirt Offer (With Logo),3SROFF,BT,22.95,0,<b style=color:#ff0000;>Offer Available on Online Orders only<br/>Made to order only. This is a Non-Exchangeable & Non-Refundable product.</b>
Junior,St Lukes C of E Shireoaks,5 Polo Offer (With Logo),3PPOFF,WHT,30.38,0,<b style=color:#ff0000;>Offer Available on Online Orders only<br/>Made to order only. This is a Non-Exchangeable & Non-Refundable product.</b>
Junior,St Mary's Catholic Primary School Herringthorpe,5 Polo Offer (With Logo),3PPOFF,DR,30.38,0,<b style=color:#ff0000;>Offer Available on Online Orders only<br/>Made to order only. This is a Non-Exchangeable & Non-Refundable product.</b>
Junior,St Mary's Catholic Primary School Herringthorpe,5 Polo Offer (With Logo),3PPOFF,WHT,30.38,0,<b style=color:#ff0000;>Offer Available on Online Orders only<br/>Made to order only. This is a Non-Exchangeable & Non-Refundable product.</b>
Junior,St Mary's Catholic Primary School Herringthorpe,3 Cardigan Offer (With Logo),3SCOFF,DD,24.3,0,<b style=color:#ff0000;>Offer Available on Online Orders only<br/>Made to order only. This is a Non-Exchangeable & Non-Refundable product.</b>
Junior,St Mary's Catholic Primary School Herringthorpe,3 Sweatshirt Offer (With Logo),3SROFF,DD,22.95,0,<b style=color:#ff0000;>Offer Available on Online Orders only<br/>Made to order only. This is a Non-Exchangeable & Non-Refundable product.</b>
Junior,St Mary's Maltby,5 Polo Offer (With Logo),3PPOFF,WHT,30.38,0,<b style=color:#ff0000;>Offer Available on Online Orders only<br/>Made to order only. This is a Non-Exchangeable & Non-Refundable product.</b>
Junior,St Mary's Maltby,3 Cardigan Offer (With Logo),3SCOFF,NB,24.3,0,<b style=color:#ff0000;>Offer Available on Online Orders only<br/>Made to order only. This is a Non-Exchangeable & Non-Refundable product.</b>
Junior,St Mary's Maltby,3 Sweatshirt Offer (With Logo),3SROFF,NB,22.95,0,<b style=color:#ff0000;>Offer Available on Online Orders only<br/>Made to order only. This is a Non-Exchangeable & Non-Refundable product.</b>
Junior,St Theresas Catholic Primary,5 Polo Offer (With Logo),3PPOFF,DR,30.38,0,<b style=color:#ff0000;>Offer Available on Online Orders only<br/>Made to order only. This is a Non-Exchangeable & Non-Refundable product.</b>
Junior,St Theresas Catholic Primary,5 Polo Offer (With Logo),3PPOFF,WHT,30.38,0,<b style=color:#ff0000;>Offer Available on Online Orders only<br/>Made to order only. This is a Non-Exchangeable & Non-Refundable product.</b>
Junior,St Theresas Catholic Primary,3 Cardigan Offer (With Logo),3SCOFF,DD,24.3,0,<b style=color:#ff0000;>Offer Available on Online Orders only<br/>Made to order only. This is a Non-Exchangeable & Non-Refundable product.</b>
Junior,St Theresas Catholic Primary,3 Sweatshirt Offer (With Logo),3SROFF,DD,22.95,0,<b style=color:#ff0000;>Offer Available on Online Orders only<br/>Made to order only. This is a Non-Exchangeable & Non-Refundable product.</b>
Junior,St Thomas More Catholic Primary,5 Polo Offer (With Logo),3PPOFF,WHT,30.38,0,<b style=color:#ff0000;>Offer Available on Online Orders only<br/>Made to order only. This is a Non-Exchangeable & Non-Refundable product.</b>
Junior,St Thomas More Catholic Primary,3 Cardigan Offer (With Logo),3SCOFF,BY,24.3,0,<b style=color:#ff0000;>Offer Available on Online Orders only<br/>Made to order only. This is a Non-Exchangeable & Non-Refundable product.</b>
Junior,St Thomas More Catholic Primary,3 Sweatshirt Offer (With Logo),3SROFF,BY,22.95,0,<b style=color:#ff0000;>Offer Available on Online Orders only<br/>Made to order only. This is a Non-Exchangeable & Non-Refundable product.</b>
Junior,St Thomas of Canterbury Primary,5 Polo Offer (With Logo),3PPOFF,WHT,30.38,0,<b style=color:#ff0000;>Offer Available on Online Orders only<br/>Made to order only. This is a Non-Exchangeable & Non-Refundable product.</b>
Junior,St Thomas of Canterbury Primary,3 Cardigan Offer (With Logo),3SCOFF,RD,24.3,0,<b style=color:#ff0000;>Offer Available on Online Orders only<br/>Made to order only. This is a Non-Exchangeable & Non-Refundable product.</b>
Junior,St Thomas of Canterbury Primary,3 Sweatshirt Offer (With Logo),3SROFF,RD,22.95,0,<b style=color:#ff0000;>Offer Available on Online Orders only<br/>Made to order only. This is a Non-Exchangeable & Non-Refundable product.</b>
Junior,St Thomas of Canterbury Primary,5 Polo Offer (With Logo),3PPOFF,RD,30.38,0,<b style=color:#ff0000;>Offer Available on Online Orders only<br/>Made to order only. This is a Non-Exchangeable & Non-Refundable product.</b>
Junior,St. Alban's C of E Wickersley,5 Polo Offer (With Logo),3PPOFF,WHT,30.38,0,<b style=color:#ff0000;>Offer Available on Online Orders only<br/>Made to order only. This is a Non-Exchangeable & Non-Refundable product.</b>
Junior,St. Alban's C of E Wickersley,3 Cardigan Offer (With Logo),3SCOFF,RD,24.3,0,<b style=color:#ff0000;>Offer Available on Online Orders only<br/>Made to order only. This is a Non-Exchangeable & Non-Refundable product.</b>
Junior,St. Alban's C of E Wickersley,3 Sweatshirt Offer (With Logo),3SROFF,RD,22.95,0,<b style=color:#ff0000;>Offer Available on Online Orders only<br/>Made to order only. This is a Non-Exchangeable & Non-Refundable product.</b>
Junior,St. Alban's C of E Wickersley,5 Polo Offer (With Logo),3PPOFF,RD,30.38,0,<b style=color:#ff0000;>Offer Available on Online Orders only<br/>Made to order only. This is a Non-Exchangeable & Non-Refundable product.</b>
Junior,Stocksbridge Junior,5 Polo Offer (With Logo),3PPOFF,WHT,30.38,0,<b style=color:#ff0000;>Offer Available on Online Orders only<br/>Made to order only. This is a Non-Exchangeable & Non-Refundable product.</b>
Junior,Stocksbridge Junior,3 Cardigan Offer (With Logo),3SCOFF,NB,24.3,0,<b style=color:#ff0000;>Offer Available on Online Orders only<br/>Made to order only. This is a Non-Exchangeable & Non-Refundable product.</b>
Junior,Stocksbridge Junior,3 Sweatshirt Offer (With Logo),3SROFF,NB,22.95,0,<b style=color:#ff0000;>Offer Available on Online Orders only<br/>Made to order only. This is a Non-Exchangeable & Non-Refundable product.</b>
Junior,Stocksbridge Junior,5 Polo Offer (With Logo),3PPOFF,NB,30.38,0,<b style=color:#ff0000;>Offer Available on Online Orders only<br/>Made to order only. This is a Non-Exchangeable & Non-Refundable product.</b>
Junior,Stocksbridge Nursey Infant School,3 Cardigan Offer (With Logo),3SCOFF,RD,24.3,0,<b style=color:#ff0000;>Offer Available on Online Orders only<br/>Made to order only. This is a Non-Exchangeable & Non-Refundable product.</b>
Junior,Stocksbridge Nursey Infant School,3 Sweatshirt Offer (With Logo),3SROFF,RD,22.95,0,<b style=color:#ff0000;>Offer Available on Online Orders only<br/>Made to order only. This is a Non-Exchangeable & Non-Refundable product.</b>
Junior,Stocksbridge Nursey Infant School,3 Cardigan Offer (With Logo),3SCOFF,DD,24.3,0,<b style=color:#ff0000;>Offer Available on Online Orders only<br/>Made to order only. This is a Non-Exchangeable & Non-Refundable product.</b>
Junior,Stocksbridge Nursey Infant School,3 Sweatshirt Offer (With Logo),3SROFF,DD,22.95,0,<b style=color:#ff0000;>Offer Available on Online Orders only<br/>Made to order only. This is a Non-Exchangeable & Non-Refundable product.</b>
Junior,Stonelow School,5 Polo Offer (With Logo),3PPOFF,DR,30.38,0,<b style=color:#ff0000;>Offer Available on Online Orders only<br/>Made to order only. This is a Non-Exchangeable & Non-Refundable product.</b>
Junior,Stonelow School,3 Cardigan Offer (With Logo),3SCOFF,DD,24.3,0,<b style=color:#ff0000;>Offer Available on Online Orders only<br/>Made to order only. This is a Non-Exchangeable & Non-Refundable product.</b>
Junior,Stonelow School,3 Sweatshirt Offer (With Logo),3SROFF,DD,22.95,0,<b style=color:#ff0000;>Offer Available on Online Orders only<br/>Made to order only. This is a Non-Exchangeable & Non-Refundable product.</b>
Junior,Stradbroke Primary,5 Polo Offer (With Logo),3PPOFF,SB,30.38,0,<b style=color:#ff0000;>Offer Available on Online Orders only<br/>Made to order only. This is a Non-Exchangeable & Non-Refundable product.</b>
Junior,Stradbroke Primary,3 Cardigan Offer (With Logo),3SCOFF,BY,24.3,0,<b style=color:#ff0000;>Offer Available on Online Orders only<br/>Made to order only. This is a Non-Exchangeable & Non-Refundable product.</b>
Junior,Stradbroke Primary,3 Sweatshirt Offer (With Logo),3SROFF,BY,22.95,0,<b style=color:#ff0000;>Offer Available on Online Orders only<br/>Made to order only. This is a Non-Exchangeable & Non-Refundable product.</b>
Junior,Sunflower Children's Centre,5 Polo Offer (With Logo),3PPOFF,RD,30.38,0,<b style=color:#ff0000;>Offer Available on Online Orders only<br/>Made to order only. This is a Non-Exchangeable & Non-Refundable product.</b>
Junior,Sunflower Children's Centre,3 Cardigan Offer (With Logo),3SCOFF,RD,24.3,0,<b style=color:#ff0000;>Offer Available on Online Orders only<br/>Made to order only. This is a Non-Exchangeable & Non-Refundable product.</b>
Junior,Sunflower Children's Centre,3 Sweatshirt Offer (With Logo),3SROFF,RD,22.95,0,<b style=color:#ff0000;>Offer Available on Online Orders only<br/>Made to order only. This is a Non-Exchangeable & Non-Refundable product.</b>
Junior,Swallownest Primary School,5 Polo Offer (With Logo),3PPOFF,SB,30.38,0,<b style=color:#ff0000;>Offer Available on Online Orders only<br/>Made to order only. This is a Non-Exchangeable & Non-Refundable product.</b>
Junior,Swallownest Primary School,3 Cardigan Offer (With Logo),3SCOFF,NB,24.3,0,<b style=color:#ff0000;>Offer Available on Online Orders only<br/>Made to order only. This is a Non-Exchangeable & Non-Refundable product.</b>
Junior,Swallownest Primary School,3 Sweatshirt Offer (With Logo),3SROFF,NB,22.95,0,<b style=color:#ff0000;>Offer Available on Online Orders only<br/>Made to order only. This is a Non-Exchangeable & Non-Refundable product.</b>
Junior,Swallownest Primary School,5 Polo Offer (With Logo),3PPOFF,WHT,30.38,0,<b style=color:#ff0000;>Offer Available on Online Orders only<br/>Made to order only. This is a Non-Exchangeable & Non-Refundable product.</b>
Junior,Swinton Fitzwilliam Primary,3 Cardigan Offer (With Logo),3SCOFF,RD,24.3,0,<b style=color:#ff0000;>Offer Available on Online Orders only<br/>Made to order only. This is a Non-Exchangeable & Non-Refundable product.</b>
Junior,Swinton Fitzwilliam Primary,3 Sweatshirt Offer (With Logo),3SROFF,RD,22.95,0,<b style=color:#ff0000;>Offer Available on Online Orders only<br/>Made to order only. This is a Non-Exchangeable & Non-Refundable product.</b>
Junior,Swinton Queen Primary,5 Polo Offer (With Logo),3PPOFF,GD,30.38,0,<b style=color:#ff0000;>Offer Available on Online Orders only<br/>Made to order only. This is a Non-Exchangeable & Non-Refundable product.</b>
Junior,Swinton Queen Primary,3 Cardigan Offer (With Logo),3SCOFF,BK,24.3,0,<b style=color:#ff0000;>Offer Available on Online Orders only<br/>Made to order only. This is a Non-Exchangeable & Non-Refundable product.</b>
Junior,Swinton Queen Primary,3 Sweatshirt Offer (With Logo),3SROFF,BK,22.95,0,<b style=color:#ff0000;>Offer Available on Online Orders only<br/>Made to order only. This is a Non-Exchangeable & Non-Refundable product.</b>
Junior,Swinton Queen Primary,5 Polo Offer (With Logo),3PPOFF,BK,30.38,0,<b style=color:#ff0000;>Offer Available on Online Orders only<br/>Made to order only. This is a Non-Exchangeable & Non-Refundable product.</b>
Junior,Temple Normanton,5 Polo Offer (With Logo),3PPOFF,SB,30.38,0,<b style=color:#ff0000;>Offer Available on Online Orders only<br/>Made to order only. This is a Non-Exchangeable & Non-Refundable product.</b>
Junior,The Grange Trust,5 Polo Offer (With Logo),3PPOFF,GD,30.38,0,<b style=color:#ff0000;>Offer Available on Online Orders only<br/>Made to order only. This is a Non-Exchangeable & Non-Refundable product.</b>
Junior,The Grange Trust,3 Cardigan Offer (With Logo),3SCOFF,NB,24.3,0,<b style=color:#ff0000;>Offer Available on Online Orders only<br/>Made to order only. This is a Non-Exchangeable & Non-Refundable product.</b>
Junior,The Grange Trust,3 Sweatshirt Offer (With Logo),3SROFF,NB,22.95,0,<b style=color:#ff0000;>Offer Available on Online Orders only<br/>Made to order only. This is a Non-Exchangeable & Non-Refundable product.</b>
Junior,The Nest @ NCS,5 Polo Offer (With Logo),3PPOFF,NB,30.38,0,<b style=color:#ff0000;>Offer Available on Online Orders only<br/>Made to order only. This is a Non-Exchangeable & Non-Refundable product.</b>
Junior,The Willows,5 Polo Offer (With Logo),3PPOFF,WHT,30.38,0,<b style=color:#ff0000;>Offer Available on Online Orders only<br/>Made to order only. This is a Non-Exchangeable & Non-Refundable product.</b>
Junior,The Willows,3 Sweatshirt Offer (With Logo),3SROFF,BK,22.95,0,<b style=color:#ff0000;>Offer Available on Online Orders only<br/>Made to order only. This is a Non-Exchangeable & Non-Refundable product.</b>
Junior,The Willows,3 Cardigan Offer (With Logo),3SCOFF,BY,24.3,0,<b style=color:#ff0000;>Offer Available on Online Orders only<br/>Made to order only. This is a Non-Exchangeable & Non-Refundable product.</b>
Junior,The Willows,3 Sweatshirt Offer (With Logo),3SROFF,BY,22.95,0,<b style=color:#ff0000;>Offer Available on Online Orders only<br/>Made to order only. This is a Non-Exchangeable & Non-Refundable product.</b>
Junior,Thornhill Primary,5 Polo Offer (With Logo),3PPOFF,WHT,30.38,0,<b style=color:#ff0000;>Offer Available on Online Orders only<br/>Made to order only. This is a Non-Exchangeable & Non-Refundable product.</b>
Junior,Thornhill Primary,3 Cardigan Offer (With Logo),3SCOFF,RD,24.3,0,<b style=color:#ff0000;>Offer Available on Online Orders only<br/>Made to order only. This is a Non-Exchangeable & Non-Refundable product.</b>
Junior,Thornhill Primary,3 Sweatshirt Offer (With Logo),3SROFF,RD,22.95,0,<b style=color:#ff0000;>Offer Available on Online Orders only<br/>Made to order only. This is a Non-Exchangeable & Non-Refundable product.</b>
Junior,Thorpe Hesley Primary School,5 Polo Offer (With Logo),3PPOFF,WHT,30.38,0,<b style=color:#ff0000;>Offer Available on Online Orders only<br/>Made to order only. This is a Non-Exchangeable & Non-Refundable product.</b>
Junior,Thorpe Hesley Primary School,5 Polo Offer (With Logo),3PPOFF,RD,30.38,0,<b style=color:#ff0000;>Offer Available on Online Orders only<br/>Made to order only. This is a Non-Exchangeable & Non-Refundable product.</b>
Junior,Thorpe Hesley Primary School,3 Cardigan Offer (With Logo),3SCOFF,RD,24.3,0,<b style=color:#ff0000;>Offer Available on Online Orders only<br/>Made to order only. This is a Non-Exchangeable & Non-Refundable product.</b>
Junior,Thorpe Hesley Primary School,3 Sweatshirt Offer (With Logo),3SROFF,RD,22.95,0,<b style=color:#ff0000;>Offer Available on Online Orders only<br/>Made to order only. This is a Non-Exchangeable & Non-Refundable product.</b>
Junior,Thrybergh Fullerton,5 Polo Offer (With Logo),3PPOFF,WHT,30.38,0,<b style=color:#ff0000;>Offer Available on Online Orders only<br/>Made to order only. This is a Non-Exchangeable & Non-Refundable product.</b>
Junior,Thrybergh Fullerton,5 Polo Offer (With Logo),3PPOFF,RD,30.38,0,<b style=color:#ff0000;>Offer Available on Online Orders only<br/>Made to order only. This is a Non-Exchangeable & Non-Refundable product.</b>
Junior,Thrybergh Fullerton,3 Cardigan Offer (With Logo),3SCOFF,RD,24.3,0,<b style=color:#ff0000;>Offer Available on Online Orders only<br/>Made to order only. This is a Non-Exchangeable & Non-Refundable product.</b>
Junior,Thrybergh Fullerton,3 Sweatshirt Offer (With Logo),3SROFF,RD,22.95,0,<b style=color:#ff0000;>Offer Available on Online Orders only<br/>Made to order only. This is a Non-Exchangeable & Non-Refundable product.</b>
Junior,Thrybergh Primary Foundation Unit,3 Sweatshirt Offer (With Logo),3SROFF,DD,22.95,0,<b style=color:#ff0000;>Offer Available on Online Orders only<br/>Made to order only. This is a Non-Exchangeable & Non-Refundable product.</b>
Junior,Thrybergh Primary,5 Polo Offer (With Logo),3PPOFF,WHT,30.38,0,<b style=color:#ff0000;>Offer Available on Online Orders only<br/>Made to order only. This is a Non-Exchangeable & Non-Refundable product.</b>
Junior,Thrybergh Primary,3 Cardigan Offer (With Logo),3SCOFF,DD,24.3,0,<b style=color:#ff0000;>Offer Available on Online Orders only<br/>Made to order only. This is a Non-Exchangeable & Non-Refundable product.</b>
Junior,Thrybergh Primary,3 Sweatshirt Offer (With Logo),3SROFF,DD,22.95,0,<b style=color:#ff0000;>Offer Available on Online Orders only<br/>Made to order only. This is a Non-Exchangeable & Non-Refundable product.</b>
Junior,Thrybergh Primary Foundation Unit,5 Polo Offer (With Logo),3PPOFF,RD,30.38,0,<b style=color:#ff0000;>Offer Available on Online Orders only<br/>Made to order only. This is a Non-Exchangeable & Non-Refundable product.</b>
Junior,Thrybergh Primary Foundation Unit,3 Cardigan Offer (With Logo),3SCOFF,DD,24.3,0,<b style=color:#ff0000;>Offer Available on Online Orders only<br/>Made to order only. This is a Non-Exchangeable & Non-Refundable product.</b>
Junior,Thurcroft Infants,5 Polo Offer (With Logo),3PPOFF,WHT,30.38,0,<b style=color:#ff0000;>Offer Available on Online Orders only<br/>Made to order only. This is a Non-Exchangeable & Non-Refundable product.</b>
Junior,Thurcroft Infants,3 Cardigan Offer (With Logo),3SCOFF,RD,24.3,0,<b style=color:#ff0000;>Offer Available on Online Orders only<br/>Made to order only. This is a Non-Exchangeable & Non-Refundable product.</b>
Junior,Thurcroft Infants,3 Sweatshirt Offer (With Logo),3SROFF,RD,22.95,0,<b style=color:#ff0000;>Offer Available on Online Orders only<br/>Made to order only. This is a Non-Exchangeable & Non-Refundable product.</b>
Junior,Tinsley Meadows,5 Polo Offer (With Logo),3PPOFF,WHT,30.38,0,<b style=color:#ff0000;>Offer Available on Online Orders only<br/>Made to order only. This is a Non-Exchangeable & Non-Refundable product.</b>
Junior,Tinsley Meadows,3 Cardigan Offer (With Logo),3SCOFF,NB,24.3,0,<b style=color:#ff0000;>Offer Available on Online Orders only<br/>Made to order only. This is a Non-Exchangeable & Non-Refundable product.</b>
Junior,Tinsley Meadows,3 Sweatshirt Offer (With Logo),3SROFF,NB,22.95,0,
Junior,Todwick Primary,5 Polo Offer (With Logo),3PPOFF,WHT,30.38,0,<b style=color:#ff0000;>Offer Available on Online Orders only<br/>Made to order only. This is a Non-Exchangeable & Non-Refundable product.</b>
Junior,Todwick Primary,3 Cardigan Offer (With Logo),3SCOFF,DD,24.3,0,<b style=color:#ff0000;>Offer Available on Online Orders only<br/>Made to order only. This is a Non-Exchangeable & Non-Refundable product.</b>
Junior,Todwick Primary,3 Sweatshirt Offer (With Logo),3SROFF,DD,22.95,0,<b style=color:#ff0000;>Offer Available on Online Orders only<br/>Made to order only. This is a Non-Exchangeable & Non-Refundable product.</b>
Junior,Todwick Primary School,5 Polo Offer (With Logo),3PPOFF,WHT,30.38,0,<b style=color:#ff0000;>Offer Available on Online Orders only<br/>Made to order only. This is a Non-Exchangeable & Non-Refundable product.</b>
Junior,Todwick Primary School,3 Cardigan Offer (With Logo),3SCOFF,DD,24.3,0,<b style=color:#ff0000;>Offer Available on Online Orders only<br/>Made to order only. This is a Non-Exchangeable & Non-Refundable product.</b>
Junior,Todwick Primary School,3 Sweatshirt Offer (With Logo),3SROFF,DD,22.95,0,<b style=color:#ff0000;>Offer Available on Online Orders only<br/>Made to order only. This is a Non-Exchangeable & Non-Refundable product.</b>
Junior,Totley All Saints,5 Polo Offer (With Logo),3PPOFF,WHT,30.38,0,<b style=color:#ff0000;>Offer Available on Online Orders only<br/>Made to order only. This is a Non-Exchangeable & Non-Refundable product.</b>
Junior,Totley All Saints,5 Polo Offer (With Logo),3PPOFF,BT,30.38,0,<b style=color:#ff0000;>Offer Available on Online Orders only<br/>Made to order only. This is a Non-Exchangeable & Non-Refundable product.</b>
Junior,Totley All Saints,3 Cardigan Offer (With Logo),3SCOFF,BT,24.3,0,<b style=color:#ff0000;>Offer Available on Online Orders only<br/>Made to order only. This is a Non-Exchangeable & Non-Refundable product.</b>
Junior,Totley All Saints,3 Sweatshirt Offer (With Logo),3SROFF,BT,22.95,0,<b style=color:#ff0000;>Offer Available on Online Orders only<br/>Made to order only. This is a Non-Exchangeable & Non-Refundable product.</b>
Junior,Totley Primary,5 Polo Offer (With Logo),3PPOFF,WHT,30.38,0,<b style=color:#ff0000;>Offer Available on Online Orders only<br/>Made to order only. This is a Non-Exchangeable & Non-Refundable product.</b>
Junior,Totley Primary,5 Polo Offer (With Logo),3PPOFF,NB,30.38,0,<b style=color:#ff0000;>Offer Available on Online Orders only<br/>Made to order only. This is a Non-Exchangeable & Non-Refundable product.</b>
Junior,Totley Primary,3 Cardigan Offer (With Logo),3SCOFF,NB,24.3,0,<b style=color:#ff0000;>Offer Available on Online Orders only<br/>Made to order only. This is a Non-Exchangeable & Non-Refundable product.</b>
Junior,Totley Primary,3 Sweatshirt Offer (With Logo),3SROFF,NB,22.95,0,<b style=color:#ff0000;>Offer Available on Online Orders only<br/>Made to order only. This is a Non-Exchangeable & Non-Refundable product.</b>
Junior,Treeton Cof E,5 Polo Offer (With Logo),3PPOFF,RD,30.38,0,<b style=color:#ff0000;>Offer Available on Online Orders only<br/>Made to order only. This is a Non-Exchangeable & Non-Refundable product.</b>
Junior,Treeton Cof E,5 Polo Offer (With Logo),3PPOFF,WHT,30.38,0,<b style=color:#ff0000;>Offer Available on Online Orders only<br/>Made to order only. This is a Non-Exchangeable & Non-Refundable product.</b>
Junior,Treeton Cof E,3 Cardigan Offer (With Logo),3SCOFF,NB,24.3,0,<b style=color:#ff0000;>Offer Available on Online Orders only<br/>Made to order only. This is a Non-Exchangeable & Non-Refundable product.</b>
Junior,Treeton Cof E,3 Sweatshirt Offer (With Logo),3SROFF,NB,22.95,0,<b style=color:#ff0000;>Offer Available on Online Orders only<br/>Made to order only. This is a Non-Exchangeable & Non-Refundable product.</b>
Junior,Trinity Croft C of E,5 Polo Offer (With Logo),3PPOFF,NB,30.38,0,<b style=color:#ff0000;>Offer Available on Online Orders only<br/>Made to order only. This is a Non-Exchangeable & Non-Refundable product.</b>
Junior,Trinity Croft C of E,3 Cardigan Offer (With Logo),3SCOFF,JD,24.3,0,<b style=color:#ff0000;>Offer Available on Online Orders only<br/>Made to order only. This is a Non-Exchangeable & Non-Refundable product.</b>
Junior,Trinity Croft C of E,3 Sweatshirt Offer (With Logo),3SROFF,JD,22.95,0,<b style=color:#ff0000;>Offer Available on Online Orders only<br/>Made to order only. This is a Non-Exchangeable & Non-Refundable product.</b>
Junior,Wales Primary,5 Polo Offer (With Logo),3PPOFF,SB,30.38,0,<b style=color:#ff0000;>Offer Available on Online Orders only<br/>Made to order only. This is a Non-Exchangeable & Non-Refundable product.</b>
Junior,Wales Primary,5 Polo Offer (With Logo),3PPOFF,WHT,30.38,0,<b style=color:#ff0000;>Offer Available on Online Orders only<br/>Made to order only. This is a Non-Exchangeable & Non-Refundable product.</b>
Junior,Wales Primary,3 Cardigan Offer (With Logo),3SCOFF,NB,24.3,0,<b style=color:#ff0000;>Offer Available on Online Orders only<br/>Made to order only. This is a Non-Exchangeable & Non-Refundable product.</b>
Junior,Wales Primary,3 Sweatshirt Offer (With Logo),3SROFF,NB,22.95,0,<b style=color:#ff0000;>Offer Available on Online Orders only<br/>Made to order only. This is a Non-Exchangeable & Non-Refundable product.</b>
Junior,Waterthorpe Nursery & Infant,5 Polo Offer (With Logo),3PPOFF,WHT,30.38,0,<b style=color:#ff0000;>Offer Available on Online Orders only<br/>Made to order only. This is a Non-Exchangeable & Non-Refundable product.</b>
Junior,Waterthorpe Nursery & Infant,3 Cardigan Offer (With Logo),3SCOFF,NB,24.3,0,<b style=color:#ff0000;>Offer Available on Online Orders only<br/>Made to order only. This is a Non-Exchangeable & Non-Refundable product.</b>
Junior,Waterthorpe Nursery & Infant,3 Sweatshirt Offer (With Logo),3SROFF,NB,22.95,0,<b style=color:#ff0000;>Offer Available on Online Orders only<br/>Made to order only. This is a Non-Exchangeable & Non-Refundable product.</b>
Junior,Waterthorpe Nursery & Infant,5 Polo Offer (With Logo),3PPOFF,NB,30.38,0,<b style=color:#ff0000;>Offer Available on Online Orders only<br/>Made to order only. This is a Non-Exchangeable & Non-Refundable product.</b>
Junior,Waterthorpe Nursery & Infant,5 Polo Offer (With Logo),3PPOFF,RD,30.38,0,<b style=color:#ff0000;>Offer Available on Online Orders only<br/>Made to order only. This is a Non-Exchangeable & Non-Refundable product.</b>
Junior,Waterthorpe Nursery & Infant,3 Cardigan Offer (With Logo),3SCOFF,RD,24.3,0,<b style=color:#ff0000;>Offer Available on Online Orders only<br/>Made to order only. This is a Non-Exchangeable & Non-Refundable product.</b>
Junior,Waterthorpe Nursery & Infant,3 Sweatshirt Offer (With Logo),3SROFF,RD,22.95,0,<b style=color:#ff0000;>Offer Available on Online Orders only<br/>Made to order only. This is a Non-Exchangeable & Non-Refundable product.</b>
Junior,Wath C of E Primary,5 Polo Offer (With Logo),3PPOFF,WHT,30.38,0,<b style=color:#ff0000;>Offer Available on Online Orders only<br/>Made to order only. This is a Non-Exchangeable & Non-Refundable product.</b>
Junior,Wath C of E Primary,3 Cardigan Offer (With Logo),3SCOFF,RD,24.3,0,<b style=color:#ff0000;>Offer Available on Online Orders only<br/>Made to order only. This is a Non-Exchangeable & Non-Refundable product.</b>
Junior,Wath C of E Primary,3 Sweatshirt Offer (With Logo),3SROFF,RD,22.95,0,<b style=color:#ff0000;>Offer Available on Online Orders only<br/>Made to order only. This is a Non-Exchangeable & Non-Refundable product.</b>
Junior,Wath Central Primary,5 Polo Offer (With Logo),3PPOFF,WHT,30.38,0,<b style=color:#ff0000;>Offer Available on Online Orders only<br/>Made to order only. This is a Non-Exchangeable & Non-Refundable product.</b>
Junior,Wath Central Primary,5 Polo Offer (With Logo),3PPOFF,RD,30.38,0,<b style=color:#ff0000;>Offer Available on Online Orders only<br/>Made to order only. This is a Non-Exchangeable & Non-Refundable product.</b>
Junior,Wath Central Primary,3 Cardigan Offer (With Logo),3SCOFF,RD,24.3,0,<b style=color:#ff0000;>Offer Available on Online Orders only<br/>Made to order only. This is a Non-Exchangeable & Non-Refundable product.</b>
Junior,Wath Central Primary,3 Sweatshirt Offer (With Logo),3SROFF,RD,22.95,0,<b style=color:#ff0000;>Offer Available on Online Orders only<br/>Made to order only. This is a Non-Exchangeable & Non-Refundable product.</b>
Junior,Wath Victoria Primary,5 Polo Offer (With Logo),3PPOFF,SB,30.38,0,<b style=color:#ff0000;>Offer Available on Online Orders only<br/>Made to order only. This is a Non-Exchangeable & Non-Refundable product.</b>
Junior,Wath Victoria Primary,5 Polo Offer (With Logo),3PPOFF,WHT,30.38,0,<b style=color:#ff0000;>Offer Available on Online Orders only<br/>Made to order only. This is a Non-Exchangeable & Non-Refundable product.</b>
Junior,Wath Victoria Primary,3 Cardigan Offer (With Logo),3SCOFF,NB,24.3,0,<b style=color:#ff0000;>Offer Available on Online Orders only<br/>Made to order only. This is a Non-Exchangeable & Non-Refundable product.</b>
Junior,Wath Victoria Primary,3 Sweatshirt Offer (With Logo),3SROFF,NB,22.95,0,<b style=color:#ff0000;>Offer Available on Online Orders only<br/>Made to order only. This is a Non-Exchangeable & Non-Refundable product.</b>
Junior,Wentworth C of E,5 Polo Offer (With Logo),3PPOFF,WHT,30.38,0,<b style=color:#ff0000;>Offer Available on Online Orders only<br/>Made to order only. This is a Non-Exchangeable & Non-Refundable product.</b>
Junior,Wentworth C of E,5 Polo Offer (With Logo),3PPOFF,BT,30.38,0,<b style=color:#ff0000;>Offer Available on Online Orders only<br/>Made to order only. This is a Non-Exchangeable & Non-Refundable product.</b>
Junior,Wentworth C of E,3 Cardigan Offer (With Logo),3SCOFF,BT,24.3,0,<b style=color:#ff0000;>Offer Available on Online Orders only<br/>Made to order only. This is a Non-Exchangeable & Non-Refundable product.</b>
Junior,Wentworth C of E,3 Sweatshirt Offer (With Logo),3SROFF,BT,22.95,0,<b style=color:#ff0000;>Offer Available on Online Orders only<br/>Made to order only. This is a Non-Exchangeable & Non-Refundable product.</b>
Junior,Westways Primary School,5 Polo Offer (With Logo),3PPOFF,WHT,30.38,0,<b style=color:#ff0000;>Offer Available on Online Orders only<br/>Made to order only. This is a Non-Exchangeable & Non-Refundable product.</b>
Junior,Westways Primary School,3 Cardigan Offer (With Logo),3SCOFF,NB,24.3,0,<b style=color:#ff0000;>Offer Available on Online Orders only<br/>Made to order only. This is a Non-Exchangeable & Non-Refundable product.</b>
Junior,Westways Primary School,3 Sweatshirt Offer (With Logo),3SROFF,NB,22.95,0,<b style=color:#ff0000;>Offer Available on Online Orders only<br/>Made to order only. This is a Non-Exchangeable & Non-Refundable product.</b>
Junior,Wharncliffe Side Primary School,5 Polo Offer (With Logo),3PPOFF,NB,30.38,0,<b style=color:#ff0000;>Offer Available on Online Orders only<br/>Made to order only. This is a Non-Exchangeable & Non-Refundable product.</b>
Junior,Wharncliffe Side Primary School,3 Cardigan Offer (With Logo),3SCOFF,NB,24.3,0,<b style=color:#ff0000;>Offer Available on Online Orders only<br/>Made to order only. This is a Non-Exchangeable & Non-Refundable product.</b>
Junior,Wharncliffe Side Primary School,3 Sweatshirt Offer (With Logo),3SROFF,NB,22.95,0,<b style=color:#ff0000;>Offer Available on Online Orders only<br/>Made to order only. This is a Non-Exchangeable & Non-Refundable product.</b>
Junior,Wharncliffe Side Primary School,5 Polo Offer (With Logo),3PPOFF,JD,30.38,0,<b style=color:#ff0000;>Offer Available on Online Orders only<br/>Made to order only. This is a Non-Exchangeable & Non-Refundable product.</b>
Junior,Wharncliffe Side Primary School,3 Cardigan Offer (With Logo),3SCOFF,JD,24.3,0,<b style=color:#ff0000;>Offer Available on Online Orders only<br/>Made to order only. This is a Non-Exchangeable & Non-Refundable product.</b>
Junior,Wharncliffe Side Primary School,3 Sweatshirt Offer (With Logo),3SROFF,JD,22.95,0,<b style=color:#ff0000;>Offer Available on Online Orders only<br/>Made to order only. This is a Non-Exchangeable & Non-Refundable product.</b>
Junior,Whiston Worrygoose Primary,5 Polo Offer (With Logo),3PPOFF,WHT,30.38,0,<b style=color:#ff0000;>Offer Available on Online Orders only<br/>Made to order only. This is a Non-Exchangeable & Non-Refundable product.</b>
Junior,Whiston Worrygoose Primary,3 Cardigan Offer (With Logo),3SCOFF,BY,24.3,0,<b style=color:#ff0000;>Offer Available on Online Orders only<br/>Made to order only. This is a Non-Exchangeable & Non-Refundable product.</b>
Junior,Whiston Worrygoose Primary,3 Sweatshirt Offer (With Logo),3SROFF,BY,22.95,0,<b style=color:#ff0000;>Offer Available on Online Orders only<br/>Made to order only. This is a Non-Exchangeable & Non-Refundable product.</b>
Junior,Whiston Worrygoose Primary,5 Polo Offer (With Logo),3PPOFF,BY,30.38,0,<b style=color:#ff0000;>Offer Available on Online Orders only<br/>Made to order only. This is a Non-Exchangeable & Non-Refundable product.</b>
Junior,Abbey Hill Primary & Nursery,Fleece (With Logo),3JP,NB,16,0,<b style=color:red;>Made to order only. This is a Non-Exchangeable & Non-Refundable product</b>
Junior,Abbey Hill Primary & Nursery,Polo Shirt (With Logo),3PP,SB,6.75,0,<b style=color:red;>Made to order only. This is a Non-Exchangeable & Non-Refundable product</b>
Junior,Abbey Hill Primary & Nursery,Cardigan (With Logo),3SC,NB,9,0,<b style=color:red;>Made to order only. This is a Non-Exchangeable & Non-Refundable product</b>
Junior,Abbey Hill Primary & Nursery,Sweatshirt (With Logo),3SR,NB,8.5,0,<b style=color:red;>Made to order only. This is a Non-Exchangeable & Non-Refundable product</b>
Junior,Abbey Hill Primary & Nursery,PE T-Shirt (With Logo),3TC,WHT,4.5,0,<b style=color:red;>Made to order only. This is a Non-Exchangeable & Non-Refundable product</b>
Junior,Abbey Hill Primary & Nursery,Shadow Stripe Shorts,3BS,BK,2.5,0,<b style=color:red;>Made to order only. This is a Non-Exchangeable & Non-Refundable product</b>
Junior,Abbey Hill Primary & Nursery,Shadow Stripe Shorts,3BS,NB,2.5,0,<b style=color:red;>Made to order only. This is a Non-Exchangeable & Non-Refundable product</b>
Junior,Abbey Hill Primary & Nursery,Bookbag,BB03,NB,4.5,0,<b style=color:red;>Made to order only. This is a Non-Exchangeable & Non-Refundable product</b>
Junior,Abbey Hill Primary & Nursery,Document Case,DC01,NB,9,0,<b style=color:red;>Made to order only. This is a Non-Exchangeable & Non-Refundable product</b>
Junior,Abbey Hill Primary & Nursery,Polo Shirt (With Logo),3PP,WHT,6.75,0,<b style=color:red;>Made to order only. This is a Non-Exchangeable & Non-Refundable product</b>
Junior,Abbey Hill Primary & Nursery,5 Polo Offer (With Logo),3PPOFF,SB,30.38,0,<b style=color:#ff0000;>Offer Available on Online Orders only<br/>Made to order only. This is a Non-Exchangeable & Non-Refundable product.</b>
Junior,Abbey Hill Primary & Nursery,3 Cardigan Offer (With Logo),3SCOFF,NB,24.3,0,<b style=color:#ff0000;>Offer Available on Online Orders only<br/>Made to order only. This is a Non-Exchangeable & Non-Refundable product.</b>
Junior,Abbey Hill Primary & Nursery,3 Sweatshirt Offer (With Logo),3SROFF,NB,22.95,0,<b style=color:#ff0000;>Offer Available on Online Orders only<br/>Made to order only. This is a Non-Exchangeable & Non-Refundable product.</b>
Junior,Abbey Hill Primary & Nursery,5 Polo Offer (With Logo),3PPOFF,WHT,30.38,0,<b style=color:#ff0000;>Offer Available on Online Orders only<br/>Made to order only. This is a Non-Exchangeable & Non-Refundable product.</b>
Junior,Abbey Hill Primary & Nursery,Clip on Tie,CTIE,NBSX,6.5,0,<b style=color:red;>Made to order only. This is a Non-Exchangeable & Non-Refundable product</b>
Junior,William Levick Primary School,5 Polo Offer (With Logo),3PPOFF,WHT,30.38,0,<b style=color:#ff0000;>Offer Available on Online Orders only<br/>Made to order only. This is a Non-Exchangeable & Non-Refundable product.</b>
Junior,William Levick Primary School,3 Cardigan Offer (With Logo),3SCOFF,RD,24.3,0,<b style=color:#ff0000;>Offer Available on Online Orders only<br/>Made to order only. This is a Non-Exchangeable & Non-Refundable product.</b>
Junior,William Levick Primary School,3 Sweatshirt Offer (With Logo),3SROFF,RD,22.95,0,<b style=color:#ff0000;>Offer Available on Online Orders only<br/>Made to order only. This is a Non-Exchangeable & Non-Refundable product.</b>
Junior,William Levick Primary School,5 Polo Offer (With Logo),3PPOFF,RD,30.38,0,<b style=color:#ff0000;>Offer Available on Online Orders only<br/>Made to order only. This is a Non-Exchangeable & Non-Refundable product.</b>
Junior,Willow Park School,5 Polo Offer (With Logo),3PPOFF,BK,30.38,0,<b style=color:#ff0000;>Offer Available on Online Orders only<br/>Made to order only. This is a Non-Exchangeable & Non-Refundable product.</b>
Junior,Willow Park School,3 Cardigan Offer (With Logo),3SCOFF,BK,24.3,0,<b style=color:#ff0000;>Offer Available on Online Orders only<br/>Made to order only. This is a Non-Exchangeable & Non-Refundable product.</b>
Junior,Willow Park School,3 Sweatshirt Offer (With Logo),3SROFF,BK,22.95,0,<b style=color:#ff0000;>Offer Available on Online Orders only<br/>Made to order only. This is a Non-Exchangeable & Non-Refundable product.</b>
Junior,Wisewood Primary,5 Polo Offer (With Logo),3PPOFF,WHT,30.38,0,<b style=color:#ff0000;>Offer Available on Online Orders only<br/>Made to order only. This is a Non-Exchangeable & Non-Refundable product.</b>
Junior,Wisewood Primary,3 Cardigan Offer (With Logo),3SCOFF,NB,24.3,0,<b style=color:#ff0000;>Offer Available on Online Orders only<br/>Made to order only. This is a Non-Exchangeable & Non-Refundable product.</b>
Junior,Wisewood Primary,3 Sweatshirt Offer (With Logo),3SROFF,NB,22.95,0,<b style=color:#ff0000;>Offer Available on Online Orders only<br/>Made to order only. This is a Non-Exchangeable & Non-Refundable product.</b>
Junior,Woodhouse West,5 Polo Offer (With Logo),3PPOFF,WHT,30.38,0,<b style=color:#ff0000;>Offer Available on Online Orders only<br/>Made to order only. This is a Non-Exchangeable & Non-Refundable product.</b>
Junior,Woodhouse West,5 Polo Offer (With Logo),3PPOFF,BY,30.38,0,<b style=color:#ff0000;>Offer Available on Online Orders only<br/>Made to order only. This is a Non-Exchangeable & Non-Refundable product.</b>
Junior,Woodhouse West,3 Cardigan Offer (With Logo),3SCOFF,BY,24.3,0,<b style=color:#ff0000;>Offer Available on Online Orders only<br/>Made to order only. This is a Non-Exchangeable & Non-Refundable product.</b>
Junior,Woodhouse West,3 Sweatshirt Offer (With Logo),3SROFF,BY,22.95,0,<b style=color:#ff0000;>Offer Available on Online Orders only<br/>Made to order only. This is a Non-Exchangeable & Non-Refundable product.</b>
Junior,Woodseats Primary,5 Polo Offer (With Logo),3PPOFF,NB,30.38,0,<b style=color:#ff0000;>Offer Available on Online Orders only<br/>Made to order only. This is a Non-Exchangeable & Non-Refundable product.</b>
Junior,Woodseats Primary,3 Cardigan Offer (With Logo),3SCOFF,NB,24.3,0,<b style=color:#ff0000;>Offer Available on Online Orders only<br/>Made to order only. This is a Non-Exchangeable & Non-Refundable product.</b>
Junior,Woodseats Primary,3 Sweatshirt Offer (With Logo),3SROFF,NB,22.95,0,<b style=color:#ff0000;>Offer Available on Online Orders only<br/>Made to order only. This is a Non-Exchangeable & Non-Refundable product.</b>
Junior,Woodthorpe Community Primary,5 Polo Offer (With Logo),3PPOFF,NB,30.38,0,<b style=color:#ff0000;>Offer Available on Online Orders only<br/>Made to order only. This is a Non-Exchangeable & Non-Refundable product.</b>
Junior,Woodthorpe Community Primary,3 Cardigan Offer (With Logo),3SCOFF,NB,24.3,0,<b style=color:#ff0000;>Offer Available on Online Orders only<br/>Made to order only. This is a Non-Exchangeable & Non-Refundable product.</b>
Junior,Woodthorpe Community Primary,3 Sweatshirt Offer (With Logo),3SROFF,NB,22.95,0,<b style=color:#ff0000;>Offer Available on Online Orders only<br/>Made to order only. This is a Non-Exchangeable & Non-Refundable product.</b>
Junior,Wybourn Community Primary,5 Polo Offer (With Logo),3PPOFF,DR,30.38,0,<b style=color:#ff0000;>Offer Available on Online Orders only<br/>Made to order only. This is a Non-Exchangeable & Non-Refundable product.</b>
Junior,Wybourn Community Primary,3 Cardigan Offer (With Logo),3SCOFF,DD,24.3,0,<b style=color:#ff0000;>Offer Available on Online Orders only<br/>Made to order only. This is a Non-Exchangeable & Non-Refundable product.</b>
Junior,Wybourn Community Primary,3 Sweatshirt Offer (With Logo),3SROFF,DD,22.95,0,<b style=color:#ff0000;>Offer Available on Online Orders only<br/>Made to order only. This is a Non-Exchangeable & Non-Refundable product.</b>
Junior,Wybourn Community Primary,5 Polo Offer (With Logo),3PPOFF,RD,30.38,0,<b style=color:#ff0000;>Offer Available on Online Orders only<br/>Made to order only. This is a Non-Exchangeable & Non-Refundable product.</b>
Junior,Wybourn Community Primary,3 Cardigan Offer (With Logo),3SCOFF,RD,24.3,0,<b style=color:#ff0000;>Offer Available on Online Orders only<br/>Made to order only. This is a Non-Exchangeable & Non-Refundable product.</b>
Junior,Wybourn Community Primary,3 Sweatshirt Offer (With Logo),3SROFF,RD,22.95,0,<b style=color:#ff0000;>Offer Available on Online Orders only<br/>Made to order only. This is a Non-Exchangeable & Non-Refundable product.</b>
Junior,Wybourn Community Primary,5 Polo Offer (With Logo),3PPOFF,WHT,30.38,0,<b style=color:#ff0000;>Offer Available on Online Orders only<br/>Made to order only. This is a Non-Exchangeable & Non-Refundable product.</b>
Junior,Wybourn Community Primary,3 Cardigan Offer (With Logo),3SCOFF,BK,24.3,0,<b style=color:#ff0000;>Offer Available on Online Orders only<br/>Made to order only. This is a Non-Exchangeable & Non-Refundable product.</b>
Junior,Wybourn Community Primary,3 Sweatshirt Offer (With Logo),3SROFF,BK,22.95,0,<b style=color:#ff0000;>Offer Available on Online Orders only<br/>Made to order only. This is a Non-Exchangeable & Non-Refundable product.</b>
Senior,HALLAM LEADERS,HOODIES (With Logo),JH001N,OXN,19,0,Includes Printed logo on the left chest with white text printed on the back.<br/><b style=color:#ff0000;>Made to order only. This is a Non-Exchangeable & Non-Refundable product.</b>
Senior,Brompton Hall School,Bookbag,BB03,BK,4.5,0,
Senior,Brompton Hall School,Polo Shirt,3PPAB,TRQ,6.75,10,
Senior,Brompton Hall School,Sweatshirt,3SRN,BK,8.5,13,
Junior,Trinity Croft C of E,Sweatshirt (With Logo),3SR,NB,8.5,0,
Junior,Trinity Croft C of E,3 Sweatshirt Offer (With Logo),3SROFF,NB,22.95,0,<b style=color:#ff0000;>Offer Available on Online Orders only<br/>Made to order only. This is a Non-Exchangeable & Non-Refundable product.</b>
Junior,Trinity Croft C of E,3 Cardigan Offer (With Logo),3SCOFF,NB,24.3,0,<b style=color:#ff0000;>Offer Available on Online Orders only<br/>Made to order only. This is a Non-Exchangeable & Non-Refundable product.</b>
Junior,Abbey Hill Primary & Nursery,3 (Plain) Cardigan Offer,3SCOFFP,NB,21.6,0,<b style=color:#ff0000;>Offer Available on Online Orders only<br/>Made to order only. This is a Non-Exchangeable & Non-Refundable product.</b>
Junior,Abbey Hill Primary & Nursery,3 (Plain) Sweatshirt Offer,3SROFFP,NB,20.25,0,<b style=color:#ff0000;>Offer Available on Online Orders only<br/>Made to order only. This is a Non-Exchangeable & Non-Refundable product.</b>
Junior,Abbey Hill Primary & Nursery,Pack of 3 Pull Up Boys Trousers in Black,PUTOFF,BK,15,0,<b style=color:#ff0000;>Offer Available on Online Orders only<br/>Made to order only. This is a Non-Exchangeable & Non-Refundable product.</b>
Junior,Abbey Lane,3 (Plain) Cardigan Offer,3SCOFFP,JD,21.6,0,<b style=color:#ff0000;>Offer Available on Online Orders only<br/>Made to order only. This is a Non-Exchangeable & Non-Refundable product.</b>
Junior,Abbey Lane,3 (Plain) Sweatshirt Offer,3SROFFP,JD,20.25,0,<b style=color:#ff0000;>Offer Available on Online Orders only<br/>Made to order only. This is a Non-Exchangeable & Non-Refundable product.</b>
Junior,Abbey Lane,Pack of 3 Pull Up Boys Trousers in Black,PUTOFF,BK,15,0,<b style=color:#ff0000;>Offer Available on Online Orders only<br/>Made to order only. This is a Non-Exchangeable & Non-Refundable product.</b>
Junior,Acres Hill,3 (Plain) Cardigan Offer,3SCOFFP,NB,21.6,0,<b style=color:#ff0000;>Offer Available on Online Orders only<br/>Made to order only. This is a Non-Exchangeable & Non-Refundable product.</b>
Junior,Acres Hill,3 (Plain) Sweatshirt Offer,3SROFFP,NB,20.25,0,<b style=color:#ff0000;>Offer Available on Online Orders only<br/>Made to order only. This is a Non-Exchangeable & Non-Refundable product.</b>
Junior,Acres Hill,Pack of 3 Pull Up Boys Trousers in Black,PUTOFF,BK,15,0,<b style=color:#ff0000;>Offer Available on Online Orders only<br/>Made to order only. This is a Non-Exchangeable & Non-Refundable product.</b>
Junior,Angram Bank,3 (Plain) Cardigan Offer,3SCOFFP,NB,21.6,0,<b style=color:#ff0000;>Offer Available on Online Orders only<br/>Made to order only. This is a Non-Exchangeable & Non-Refundable product.</b>
Junior,Angram Bank,3 (Plain) Sweatshirt Offer,3SROFFP,NB,20.25,0,<b style=color:#ff0000;>Offer Available on Online Orders only<br/>Made to order only. This is a Non-Exchangeable & Non-Refundable product.</b>
Junior,Angram Bank,Pack of 3 Pull Up Boys Trousers in Black,PUTOFF,BK,15,0,<b style=color:#ff0000;>Offer Available on Online Orders only<br/>Made to order only. This is a Non-Exchangeable & Non-Refundable product.</b>
Junior,Anns Grove,3 (Plain) Cardigan Offer,3SCOFFP,NB,21.6,0,<b style=color:#ff0000;>Offer Available on Online Orders only<br/>Made to order only. This is a Non-Exchangeable & Non-Refundable product.</b>
Junior,Anns Grove,3 (Plain) Sweatshirt Offer,3SROFFP,NB,20.25,0,<b style=color:#ff0000;>Offer Available on Online Orders only<br/>Made to order only. This is a Non-Exchangeable & Non-Refundable product.</b>
Junior,Anns Grove,Pack of 3 Pull Up Boys Trousers in Black,PUTOFF,BK,15,0,<b style=color:#ff0000;>Offer Available on Online Orders only<br/>Made to order only. This is a Non-Exchangeable & Non-Refundable product.</b>
Junior,Anns Grove,3 (Plain) Sweatshirt Offer,3SROFFP,RD,20.25,0,<b style=color:#ff0000;>Offer Available on Online Orders only<br/>Made to order only. This is a Non-Exchangeable & Non-Refundable product.</b>
Junior,Anston Brook Primary,3 (Plain) Cardigan Offer,3SCOFFP,NB,21.6,0,<b style=color:#ff0000;>Offer Available on Online Orders only<br/>Made to order only. This is a Non-Exchangeable & Non-Refundable product.</b>
Junior,Anston Brook Primary,3 (Plain) Sweatshirt Offer,3SROFFP,NB,20.25,0,<b style=color:#ff0000;>Offer Available on Online Orders only<br/>Made to order only. This is a Non-Exchangeable & Non-Refundable product.</b>
Junior,Anston Brook Primary,Pack of 3 Pull Up Boys Trousers in Black,PUTOFF,BK,15,0,<b style=color:#ff0000;>Offer Available on Online Orders only<br/>Made to order only. This is a Non-Exchangeable & Non-Refundable product.</b>
Junior,Anston Hillcrest,3 (Plain) Cardigan Offer,3SCOFFP,RD,21.6,0,<b style=color:#ff0000;>Offer Available on Online Orders only<br/>Made to order only. This is a Non-Exchangeable & Non-Refundable product.</b>
Junior,Anston Hillcrest,3 (Plain) Sweatshirt Offer,3SROFFP,RD,20.25,0,<b style=color:#ff0000;>Offer Available on Online Orders only<br/>Made to order only. This is a Non-Exchangeable & Non-Refundable product.</b>
Junior,Anston Hillcrest,Pack of 3 Pull Up Boys Trousers in Black,PUTOFF,BK,15,0,<b style=color:#ff0000;>Offer Available on Online Orders only<br/>Made to order only. This is a Non-Exchangeable & Non-Refundable product.</b>
Junior,Anston Park Junior School,3 (Plain) Cardigan Offer,3SCOFFP,NB,21.6,0,<b style=color:#ff0000;>Offer Available on Online Orders only<br/>Made to order only. This is a Non-Exchangeable & Non-Refundable product.</b>
Junior,Anston Park Junior School,3 (Plain) Sweatshirt Offer,3SROFFP,NB,20.25,0,<b style=color:#ff0000;>Offer Available on Online Orders only<br/>Made to order only. This is a Non-Exchangeable & Non-Refundable product.</b>
Junior,Anston Park Junior School,Pack of 3 Pull Up Boys Trousers in Black,PUTOFF,BK,15,0,<b style=color:#ff0000;>Offer Available on Online Orders only<br/>Made to order only. This is a Non-Exchangeable & Non-Refundable product.</b>
Junior,Arnold Nursery School and Children's Centre ,3 (Plain) Cardigan Offer,3SCOFFP,BT,21.6,0,<b style=color:#ff0000;>Offer Available on Online Orders only<br/>Made to order only. This is a Non-Exchangeable & Non-Refundable product.</b>
Junior,Arnold Nursery School and Children's Centre ,3 (Plain) Sweatshirt Offer,3SROFFP,BT,20.25,0,<b style=color:#ff0000;>Offer Available on Online Orders only<br/>Made to order only. This is a Non-Exchangeable & Non-Refundable product.</b>
Junior,Arnold Nursery School and Children's Centre ,Pack of 3 Pull Up Boys Trousers in Black,PUTOFF,BK,15,0,<b style=color:#ff0000;>Offer Available on Online Orders only<br/>Made to order only. This is a Non-Exchangeable & Non-Refundable product.</b>
Junior,Ashgate Croft,3 (Plain) Sweatshirt Offer,3SROFFP,RD,20.25,0,<b style=color:#ff0000;>Offer Available on Online Orders only<br/>Made to order only. This is a Non-Exchangeable & Non-Refundable product.</b>
Junior,Ashgate Croft,3 (Plain) Sweatshirt Offer,3SROFFP,NB,20.25,0,<b style=color:#ff0000;>Offer Available on Online Orders only<br/>Made to order only. This is a Non-Exchangeable & Non-Refundable product.</b>
Junior,Ashgate Croft,Pack of 3 Pull Up Boys Trousers in Black,PUTOFF,BK,15,0,<b style=color:#ff0000;>Offer Available on Online Orders only<br/>Made to order only. This is a Non-Exchangeable & Non-Refundable product.</b>
Junior,Aston All Saints,3 (Plain) Cardigan Offer,3SCOFFP,BY,21.6,0,<b style=color:#ff0000;>Offer Available on Online Orders only<br/>Made to order only. This is a Non-Exchangeable & Non-Refundable product.</b>
Junior,Aston All Saints,3 (Plain) Sweatshirt Offer,3SROFFP,BY,20.25,0,<b style=color:#ff0000;>Offer Available on Online Orders only<br/>Made to order only. This is a Non-Exchangeable & Non-Refundable product.</b>
Junior,Aston All Saints,Pack of 3 Pull Up Boys Trousers in Black,PUTOFF,BK,15,0,<b style=color:#ff0000;>Offer Available on Online Orders only<br/>Made to order only. This is a Non-Exchangeable & Non-Refundable product.</b>
Junior,Aston Fence Junior and Infant,3 (Plain) Cardigan Offer,3SCOFFP,EM,21.6,0,<b style=color:#ff0000;>Offer Available on Online Orders only<br/>Made to order only. This is a Non-Exchangeable & Non-Refundable product.</b>
Junior,Aston Fence Junior and Infant,3 (Plain) Sweatshirt Offer,3SROFFP,EM,20.25,0,<b style=color:#ff0000;>Offer Available on Online Orders only<br/>Made to order only. This is a Non-Exchangeable & Non-Refundable product.</b>
Junior,Aston Fence Junior and Infant,Pack of 3 Pull Up Boys Trousers in Black,PUTOFF,BK,15,0,<b style=color:#ff0000;>Offer Available on Online Orders only<br/>Made to order only. This is a Non-Exchangeable & Non-Refundable product.</b>
Junior,Aston Hall,3 (Plain) Cardigan Offer,3SCOFFP,DD,21.6,0,<b style=color:#ff0000;>Offer Available on Online Orders only<br/>Made to order only. This is a Non-Exchangeable & Non-Refundable product.</b>
Junior,Aston Hall,3 (Plain) Sweatshirt Offer,3SROFFP,DD,20.25,0,<b style=color:#ff0000;>Offer Available on Online Orders only<br/>Made to order only. This is a Non-Exchangeable & Non-Refundable product.</b>
Junior,Aston Hall,Pack of 3 Pull Up Boys Trousers in Black,PUTOFF,BK,15,0,<b style=color:#ff0000;>Offer Available on Online Orders only<br/>Made to order only. This is a Non-Exchangeable & Non-Refundable product.</b>
Junior,Aston Lodge,3 (Plain) Cardigan Offer,3SCOFFP,NB,21.6,0,<b style=color:#ff0000;>Offer Available on Online Orders only<br/>Made to order only. This is a Non-Exchangeable & Non-Refundable product.</b>
Junior,Aston Lodge,3 (Plain) Sweatshirt Offer,3SROFFP,NB,20.25,0,<b style=color:#ff0000;>Offer Available on Online Orders only<br/>Made to order only. This is a Non-Exchangeable & Non-Refundable product.</b>
Junior,Aston Lodge,Pack of 3 Pull Up Boys Trousers in Black,PUTOFF,BK,15,0,<b style=color:#ff0000;>Offer Available on Online Orders only<br/>Made to order only. This is a Non-Exchangeable & Non-Refundable product.</b>
Junior,Athelstan Primary,3 (Plain) Cardigan Offer,3SCOFFP,JD,21.6,0,<b style=color:#ff0000;>Offer Available on Online Orders only<br/>Made to order only. This is a Non-Exchangeable & Non-Refundable product.</b>
Junior,Athelstan Primary,3 (Plain) Sweatshirt Offer,3SROFFP,JD,20.25,0,<b style=color:#ff0000;>Offer Available on Online Orders only<br/>Made to order only. This is a Non-Exchangeable & Non-Refundable product.</b>
Junior,Athelstan Primary,Pack of 3 Pull Up Boys Trousers in Black,PUTOFF,BK,15,0,<b style=color:#ff0000;>Offer Available on Online Orders only<br/>Made to order only. This is a Non-Exchangeable & Non-Refundable product.</b>
Junior,Badsley Primary,3 (Plain) Cardigan Offer,3SCOFFP,BK,21.6,0,<b style=color:#ff0000;>Offer Available on Online Orders only<br/>Made to order only. This is a Non-Exchangeable & Non-Refundable product.</b>
Junior,Badsley Primary,3 (Plain) Sweatshirt Offer,3SROFFP,BK,20.25,0,<b style=color:#ff0000;>Offer Available on Online Orders only<br/>Made to order only. This is a Non-Exchangeable & Non-Refundable product.</b>
Junior,Badsley Primary,Pack of 3 Pull Up Boys Trousers in Black,PUTOFF,BK,15,0,<b style=color:#ff0000;>Offer Available on Online Orders only<br/>Made to order only. This is a Non-Exchangeable & Non-Refundable product.</b>
Junior,Badsley Primary,3 (Plain) Cardigan Offer,3SCOFFP,PU,21.6,0,<b style=color:#ff0000;>Offer Available on Online Orders only<br/>Made to order only. This is a Non-Exchangeable & Non-Refundable product.</b>
Junior,Badsley Primary,3 (Plain) Sweatshirt Offer,3SROFFP,PU,20.25,0,<b style=color:#ff0000;>Offer Available on Online Orders only<br/>Made to order only. This is a Non-Exchangeable & Non-Refundable product.</b>
Junior,Barlborough Primary,3 (Plain) Cardigan Offer,3SCOFFP,RD,21.6,0,<b style=color:#ff0000;>Offer Available on Online Orders only<br/>Made to order only. This is a Non-Exchangeable & Non-Refundable product.</b>
Junior,Barlborough Primary,3 (Plain) Sweatshirt Offer,3SROFFP,RD,20.25,0,<b style=color:#ff0000;>Offer Available on Online Orders only<br/>Made to order only. This is a Non-Exchangeable & Non-Refundable product.</b>
Junior,Barlborough Primary,Pack of 3 Pull Up Boys Trousers in Black,PUTOFF,BK,15,0,<b style=color:#ff0000;>Offer Available on Online Orders only<br/>Made to order only. This is a Non-Exchangeable & Non-Refundable product.</b>
Junior,Barlow C of E,3 (Plain) Cardigan Offer,3SCOFFP,BT,21.6,0,<b style=color:#ff0000;>Offer Available on Online Orders only<br/>Made to order only. This is a Non-Exchangeable & Non-Refundable product.</b>
Junior,Barlow C of E,3 (Plain) Sweatshirt Offer,3SROFFP,BT,20.25,0,<b style=color:#ff0000;>Offer Available on Online Orders only<br/>Made to order only. This is a Non-Exchangeable & Non-Refundable product.</b>
Junior,Barlow C of E,Pack of 3 Pull Up Boys Trousers in Black,PUTOFF,BK,15,0,<b style=color:#ff0000;>Offer Available on Online Orders only<br/>Made to order only. This is a Non-Exchangeable & Non-Refundable product.</b>
Junior,Beighton Nursery Infant school ,3 (Plain) Cardigan Offer,3SCOFFP,NB,21.6,0,<b style=color:#ff0000;>Offer Available on Online Orders only<br/>Made to order only. This is a Non-Exchangeable & Non-Refundable product.</b>
Junior,Beighton Nursery Infant school ,3 (Plain) Sweatshirt Offer,3SROFFP,NB,20.25,0,<b style=color:#ff0000;>Offer Available on Online Orders only<br/>Made to order only. This is a Non-Exchangeable & Non-Refundable product.</b>
Junior,Beighton Nursery Infant school ,Pack of 3 Pull Up Boys Trousers in Black,PUTOFF,BK,15,0,<b style=color:#ff0000;>Offer Available on Online Orders only<br/>Made to order only. This is a Non-Exchangeable & Non-Refundable product.</b>
Category,Special Offers,Mistral Reversible Jacket Special Offer,3JMOFF,CC,10,15,<b style=color:#ff0000;>Offer Available on Online Orders only<br/>Made to order only. This is a Non-Exchangeable & Non-Refundable product.</b>
Category,Special Offers,Pack of 3 Pull Up Boys Trousers in Black,PUTOFF,BK,15,0,<b style=color:#ff0000;>Offer Available on Online Orders only<br/>Made to order only. This is a Non-Exchangeable & Non-Refundable product.</b>
Category,Special Offers,3 (Plain) Sweatshirt Offer,3SROFFP,CC,20.25,0,<b style=color:#ff0000;>Offer Available on Online Orders only<br/>Made to order only. This is a Non-Exchangeable & Non-Refundable product.</b>
Category,Special Offers,3 (Plain) Cardigan Offer,3SCOFFP,CC,21.6,0,<b style=color:#ff0000;>Offer Available on Online Orders only<br/>Made to order only. This is a Non-Exchangeable & Non-Refundable product.</b>
Junior,Birk Hill Infants,3 (Plain) Cardigan Offer,3SCOFFP,DD,21.6,0,
Junior,Birk Hill Infants,3 (Plain) Sweatshirt Offer,3SROFFP,DD,20.25,0,<b style=color:#ff0000;>Offer Available on Online Orders only<br/>Made to order only. This is a Non-Exchangeable & Non-Refundable product.</b>
Junior,Birk Hill Infants,Pack of 3 Pull Up Boys Trousers in Black,PUTOFF,BK,15,0,<b style=color:#ff0000;>Offer Available on Online Orders only<br/>Made to order only. This is a Non-Exchangeable & Non-Refundable product.</b>
Junior,Birley Primary Academy,3 (Plain) Cardigan Offer,3SCOFFP,NB,21.6,0,<b style=color:#ff0000;>Offer Available on Online Orders only<br/>Made to order only. This is a Non-Exchangeable & Non-Refundable product.</b>
Junior,Birley Primary Academy,3 (Plain) Sweatshirt Offer,3SROFFP,NB,20.25,0,<b style=color:#ff0000;>Offer Available on Online Orders only<br/>Made to order only. This is a Non-Exchangeable & Non-Refundable product.</b>
Junior,Birley Primary Academy,Pack of 3 Pull Up Boys Trousers in Black,PUTOFF,BK,15,0,<b style=color:#ff0000;>Offer Available on Online Orders only<br/>Made to order only. This is a Non-Exchangeable & Non-Refundable product.</b>
Junior,Birley Spa Primary Academy,3 (Plain) Cardigan Offer,3SCOFFP,RD,21.6,0,<b style=color:#ff0000;>Offer Available on Online Orders only<br/>Made to order only. This is a Non-Exchangeable & Non-Refundable product.</b>
Junior,Birley Spa Primary Academy,3 (Plain) Sweatshirt Offer,3SROFFP,RD,20.25,0,<b style=color:#ff0000;>Offer Available on Online Orders only<br/>Made to order only. This is a Non-Exchangeable & Non-Refundable product.</b>
Junior,Birley Spa Primary Academy,Pack of 3 Pull Up Boys Trousers in Black,PUTOFF,BK,15,0,<b style=color:#ff0000;>Offer Available on Online Orders only<br/>Made to order only. This is a Non-Exchangeable & Non-Refundable product.</b>
Junior,Blackburn Primary,3 (Plain) Cardigan Offer,3SCOFFP,DD,21.6,0,<b style=color:#ff0000;>Offer Available on Online Orders only<br/>Made to order only. This is a Non-Exchangeable & Non-Refundable product.</b>
Junior,Blackburn Primary,3 (Plain) Sweatshirt Offer,3SROFFP,DD,20.25,0,<b style=color:#ff0000;>Offer Available on Online Orders only<br/>Made to order only. This is a Non-Exchangeable & Non-Refundable product.</b>
Junior,Blackburn Primary,Pack of 3 Pull Up Boys Trousers in Black,PUTOFF,BK,15,0,<b style=color:#ff0000;>Offer Available on Online Orders only<br/>Made to order only. This is a Non-Exchangeable & Non-Refundable product.</b>
Junior,Bolsover CofE,3 (Plain) Cardigan Offer,3SCOFFP,NB,21.6,0,<b style=color:#ff0000;>Offer Available on Online Orders only<br/>Made to order only. This is a Non-Exchangeable & Non-Refundable product.</b>
Junior,Bolsover CofE,3 (Plain) Sweatshirt Offer,3SROFFP,NB,20.25,0,<b style=color:#ff0000;>Offer Available on Online Orders only<br/>Made to order only. This is a Non-Exchangeable & Non-Refundable product.</b>
Junior,Bolsover CofE,Pack of 3 Pull Up Boys Trousers in Black,PUTOFF,BK,15,0,<b style=color:#ff0000;>Offer Available on Online Orders only<br/>Made to order only. This is a Non-Exchangeable & Non-Refundable product.</b>
Junior,Bolsover Infant & Nursery,3 (Plain) Cardigan Offer,3SCOFFP,NB,21.6,0,<b style=color:#ff0000;>Offer Available on Online Orders only<br/>Made to order only. This is a Non-Exchangeable & Non-Refundable product.</b>
Junior,Bolsover Infant & Nursery,3 (Plain) Sweatshirt Offer,3SROFFP,NB,20.25,0,<b style=color:#ff0000;>Offer Available on Online Orders only<br/>Made to order only. This is a Non-Exchangeable & Non-Refundable product.</b>
Junior,Bolsover Infant & Nursery,Pack of 3 Pull Up Boys Trousers in Black,PUTOFF,BK,15,0,<b style=color:#ff0000;>Offer Available on Online Orders only<br/>Made to order only. This is a Non-Exchangeable & Non-Refundable product.</b>
Junior,Bradway Primary,3 (Plain) Cardigan Offer,3SCOFFP,DD,21.6,0,<b style=color:#ff0000;>Offer Available on Online Orders only<br/>Made to order only. This is a Non-Exchangeable & Non-Refundable product.</b>
Junior,Bradway Primary,3 (Plain) Sweatshirt Offer,3SROFFP,DD,20.25,0,<b style=color:#ff0000;>Offer Available on Online Orders only<br/>Made to order only. This is a Non-Exchangeable & Non-Refundable product.</b>
Junior,Bradway Primary,Pack of 3 Pull Up Boys Trousers in Black,PUTOFF,BK,15,0,<b style=color:#ff0000;>Offer Available on Online Orders only<br/>Made to order only. This is a Non-Exchangeable & Non-Refundable product.</b>
Junior,Dore Primary,3 Cardigan Offer (With Logo),3SCOFF,DD,24.3,0,<b style=color:#ff0000;>Offer Available on Online Orders only<br/>Made to order only. This is a Non-Exchangeable & Non-Refundable product.</b>
Junior,Dore Primary,3 (Plain) Cardigan Offer,3SCOFFP,DD,21.6,0,<b style=color:#ff0000;>Offer Available on Online Orders only<br/>Made to order only. This is a Non-Exchangeable & Non-Refundable product.</b>
Junior,Dore Primary,3 Sweatshirt Offer (With Logo),3SROFF,DD,22.95,0,<b style=color:#ff0000;>Offer Available on Online Orders only<br/>Made to order only. This is a Non-Exchangeable & Non-Refundable product.</b>
Junior,Dore Primary,3 (Plain) Sweatshirt Offer,3SROFFP,DD,20.25,0,
Junior,Dore Primary,Pack of 3 Pull Up Boys Trousers in Black,PUTOFF,BK,15,0,<b style=color:#ff0000;>Offer Available on Online Orders only<br/>Made to order only. This is a Non-Exchangeable & Non-Refundable product.</b>
Category,Special Offers,Pack of 5 (Plain) Polo Shirts Offer,3PPOFF,CC,15,0,<b style=color:#ff0000;>Offer Available on Online Orders only<br/>Made to order only. This is a Non-Exchangeable & Non-Refundable product.</b>
Junior,Bramley Sunnyside Infants,3 (Plain) Cardigan Offer,3SCOFFP,NB,21.6,0,<b style=color:#ff0000;>Offer Available on Online Orders only<br/>Made to order only. This is a Non-Exchangeable & Non-Refundable product.</b>
Junior,Bramley Sunnyside Infants,3 (Plain) Sweatshirt Offer,3SROFFP,NB,20.25,0,<b style=color:#ff0000;>Offer Available on Online Orders only<br/>Made to order only. This is a Non-Exchangeable & Non-Refundable product.</b>
Junior,Bramley Sunnyside Infants,Pack of 3 Pull Up Boys Trousers in Black,PUTOFF,BK,15,0,<b style=color:#ff0000;>Offer Available on Online Orders only<br/>Made to order only. This is a Non-Exchangeable & Non-Refundable product.</b>
Junior,Bramley Sunnyside Junior,3 (Plain) Cardigan Offer,3SCOFFP,DD,21.6,0,<b style=color:#ff0000;>Offer Available on Online Orders only<br/>Made to order only. This is a Non-Exchangeable & Non-Refundable product.</b>
Junior,Bramley Sunnyside Junior,3 (Plain) Sweatshirt Offer,3SROFFP,DD,20.25,0,<b style=color:#ff0000;>Offer Available on Online Orders only<br/>Made to order only. This is a Non-Exchangeable & Non-Refundable product.</b>
Junior,Bramley Sunnyside Junior,Pack of 3 Pull Up Boys Trousers in Black,PUTOFF,BK,15,0,<b style=color:#ff0000;>Offer Available on Online Orders only<br/>Made to order only. This is a Non-Exchangeable & Non-Refundable product.</b>
Junior,Brinsworth Howarth Primary,3 (Plain) Cardigan Offer,3SCOFFP,JD,21.6,0,<b style=color:#ff0000;>Offer Available on Online Orders only<br/>Made to order only. This is a Non-Exchangeable & Non-Refundable product.</b>
Junior,Brinsworth Howarth Primary,3 (Plain) Sweatshirt Offer,3SROFFP,JD,20.25,0,<b style=color:#ff0000;>Offer Available on Online Orders only<br/>Made to order only. This is a Non-Exchangeable & Non-Refundable product.</b>
Junior,Brinsworth Howarth Primary,Pack of 3 Pull Up Boys Trousers in Black,PUTOFF,BK,15,0,<b style=color:#ff0000;>Offer Available on Online Orders only<br/>Made to order only. This is a Non-Exchangeable & Non-Refundable product.</b>
Junior,Lacewood Primary School,3 (Plain) Cardigan Offer,3SCOFFP,BT,21.6,0,<b style=color:#ff0000;>Offer Available on Online Orders only<br/>Made to order only. This is a Non-Exchangeable & Non-Refundable product.</b>
Junior,Lacewood Primary School,3 (Plain) Sweatshirt Offer,3SROFFP,BT,20.25,0,<b style=color:#ff0000;>Offer Available on Online Orders only<br/>Made to order only. This is a Non-Exchangeable & Non-Refundable product.</b>
Junior,Lacewood Primary School,Pack of 3 Pull Up Boys Trousers in Black,PUTOFF,BK,15,0,<b style=color:#ff0000;>Offer Available on Online Orders only<br/>Made to order only. This is a Non-Exchangeable & Non-Refundable product.</b>
Senior,Mercia School,Leavers Hoodie 26,18500LSC3,CC,19,0,Includes a school logo on the left chest and a class of 26 on the back.<b>Order by 9th May</b><br/><b style=color:red;>This product will be Shipped to school only. Made to order only. This is a Non-Exchangeable & Non-Refundable product</b>
Category,Special Offers,ANKLE SOCKS OFFER (Pack of 12),BSSOFF,BK_NB_GY_WHT,8,0,<b style=color:#ff0000;>Offer Available on Online Orders only<br/>Made to order only. This is a Non-Exchangeable & Non-Refundable product.</b>
Category,Special Offers,PLAIN KNEE HIGH SOCKS OFFER (Pack of 12),KHSOFF,BK_NB_GY_WHT,10,0,<b style=color:#ff0000;>Offer Available on Online Orders only<br/>Made to order only. This is a Non-Exchangeable & Non-Refundable product.</b>
Category,Special Offers,KNEE HIGH SOCKS WITH BOW OFFER (Pack of 12),KHSWBOFF,BK_NB_GY_WHT,15,0,<b style=color:#ff0000;>Offer Available on Online Orders only<br/>Made to order only. This is a Non-Exchangeable & Non-Refundable product.</b>
Senior,Eckington Comprehensive,Leaver Hoodies,18500-Eck2,CC,19,0,Includes a school logo on the left chest and a leavers design on the back.<b>Order by 27th March</b><br/><b style=color:red;>This product will be Shipped to school only. Made to order only. This is a Non-Exchangeable & Non-Refundable product</b>
Junior,Hollingwood Primary,Leavers Hoodie,18500HWP,NB,16,19,Includes a school logo on the left chest and a leavers design on the back.<b>Order by 20th April</b><br/><b style=color:red;>This product will be Shipped to school only.Made to order only. This is a Non-Exchangeable & Non-Refundable product</b>
Senior,Handsworth Grange,POLO SHIRT (With Logo),3PPH,BK,6.75,10,
Junior,Hollingwood Primary,Leavers T-Shirt,GD05HWP,NB,7.5,9.5,Includes a school logo on the left chest and a leavers design on the back.<b>Order by 20th April</b><br/><b style=color:red;>This product will be Shipped to school only.Made to order only. This is a Non-Exchangeable & Non-Refundable product</b>
Senior,Wales High School,Leavers Hoodie,18500LSWALES,CC,19,0,Includes school logo on the left chest and a leavers design on the back.<b>Order by 3rd April.</b><br/><b style=color:red;>This product will be Shipped to school only. Made to order only. This is a Non-Exchangeable & Non-Refundable product</b>
Senior,Westfield School,Pack of 5 Polo Shirt With Logo,3PPLOFF,BK,30.38,45,<b style=color:#ff0000;>Offer Available on Online Orders only<br/>Made to order only. This is a Non-Exchangeable & Non-Refundable product.</b>
Senior,Handsworth Grange,Pinders Acrylic Jumper,PAJ,BK,14,20.5,
Senior,Handsworth Grange,PE Encore Training Trousers,ZR35,NB,18,25,
Senior,Meadowhead,Pack of 3 Sweatshirt With Logo,3SRLOFF,BK,22.95,35.1,<b style=color:#ff0000;>Offer Available on Online Orders only<br/>Made to order only. This is a Non-Exchangeable & Non-Refundable product.</b>
Senior,Handsworth Grange,POLO SHIRT (With Logo),3PPH,DR,6.75,10,
Senior,Meadowhead,Pack of 5 Polo Shirt With Logo,3PPLOFF,BK,30.38,45,<b style=color:#ff0000;>Offer Available on Online Orders only<br/>Made to order only. This is a Non-Exchangeable & Non-Refundable product.</b>
Senior,Westfield School,Pack of 3 Sweatshirt With Logo,3SRLOFF,BK,22.95,35.1,<b style=color:#ff0000;>Offer Available on Online Orders only<br/>Made to order only. This is a Non-Exchangeable & Non-Refundable product.</b>
Senior,Westfield School,Pack of 5 Polo Shirt With Logo,3PPLOFF,WHT,30.38,45,<b style=color:#ff0000;>Offer Available on Online Orders only<br/>Made to order only. This is a Non-Exchangeable & Non-Refundable product.</b>
Senior,Tapton,Pack of 5 Polo Shirt With Logo,3PPLOFF,WHT,30.38,45,<b style=color:#ff0000;>Offer Available on Online Orders only<br/>Made to order only. This is a Non-Exchangeable & Non-Refundable product.</b>
Senior,Tapton,Pack of 3 Sweatshirt With Logo,3SRLOFF,BK,22.95,35.1,<b style=color:#ff0000;>Offer Available on Online Orders only<br/>Made to order only. This is a Non-Exchangeable & Non-Refundable product.</b>
Senior,Tapton,Pack of 5 Polo Shirt With Logo,3PPLOFF,BK,30.38,45,<b style=color:#ff0000;>Offer Available on Online Orders only<br/>Made to order only. This is a Non-Exchangeable & Non-Refundable product.</b>
Senior,King Ecgbert,Pack of 5 Polo Shirt With Logo,3PPLOFF,BK,30.38,45,<b style=color:#ff0000;>Offer Available on Online Orders only<br/>Made to order only. This is a Non-Exchangeable & Non-Refundable product.</b>
Senior,King Ecgbert,Pack of 3 Sweatshirt With Logo,3SRLOFF,BK,22.95,35.1,<b style=color:#ff0000;>Offer Available on Online Orders only<br/>Made to order only. This is a Non-Exchangeable & Non-Refundable product.</b>
Senior,King Ecgbert,Pack of 5 Polo Shirt With Logo,3PPLOFF,RD,30.38,45,<b style=color:#ff0000;>Offer Available on Online Orders only<br/>Made to order only. This is a Non-Exchangeable & Non-Refundable product.</b>
Senior,King Ecgbert,Pack of 5 Polo Shirt With Logo,3PPLOFF,WHT,30.38,45,<b style=color:#ff0000;>Offer Available on Online Orders only<br/>Made to order only. This is a Non-Exchangeable & Non-Refundable product.</b>
Senior,Sir Thomas Wharton,Pack of 3 Pinders Acrylic Cardigan with logo,PACOFF,BK,40.5,55.35,<b style=color:#ff0000;>Offer Available on Online Orders only<br/>Made to order only. This is a Non-Exchangeable & Non-Refundable product.</b>
Senior,Sir Thomas Wharton,Pack of 3 Pinders Acrylic Jumper with logo,PAJOFF,BK,37.8,52.65,<b style=color:#ff0000;>Offer Available on Online Orders only<br/>Made to order only. This is a Non-Exchangeable & Non-Refundable product.</b>
Senior,Wickersley School & Sports College,Pack of 3 Pinders Acrylic Cardigan with logo,PACOFF,BK-BT,40.5,55.35,<b style=color:#ff0000;>Offer Available on Online Orders only<br/>Made to order only. This is a Non-Exchangeable & Non-Refundable product.</b>
Senior,Wickersley School & Sports College,Pack of 3 Pinders Acrylic Jumper with logo,PAJOFF,BK-BT,37.8,52.65,<b style=color:#ff0000;>Offer Available on Online Orders only<br/>Made to order only. This is a Non-Exchangeable & Non-Refundable product.</b>
Senior,Clifton Comprehensive,Pack of 3 Pinders Acrylic Cardigan with logo,PACOFF,BK-BY-Clifton,40.5,55.35,<b style=color:#ff0000;>Offer Available on Online Orders only<br/>Made to order only. This is a Non-Exchangeable & Non-Refundable product.</b>
Senior,Clifton Comprehensive,Pack of 3 Pinders Acrylic Jumper with logo,PAJOFF,BK-BY-Clifton,37.8,52.65,<b style=color:#ff0000;>Offer Available on Online Orders only<br/>Made to order only. This is a Non-Exchangeable & Non-Refundable product.</b>
Senior,Thrybergh School & Sports College,Pack of 3 Pinders Acrylic Cardigan with logo,PACOFF,THRY,40.5,55.35,<b style=color:#ff0000;>Offer Available on Online Orders only<br/>Made to order only. This is a Non-Exchangeable & Non-Refundable product.</b>
Senior,Thrybergh School & Sports College,Pack of 3 Pinders Acrylic Jumper with logo,PAJOFF,THRY,37.8,52.65,<b style=color:#ff0000;>Offer Available on Online Orders only<br/>Made to order only. This is a Non-Exchangeable & Non-Refundable product.</b>
Senior,Rawmarsh Community School,Pack of 3 Pinders Acrylic Cardigan with logo,PACOFF,BK-WHT-RCS,40.5,55.35,<b style=color:#ff0000;>Offer Available on Online Orders only<br/>Made to order only. This is a Non-Exchangeable & Non-Refundable product.</b>
Senior,Rawmarsh Community School,Pack of 3 Pinders Acrylic Jumper with logo,PAJOFF,BK-WHT-RCS,37.8,52.65,<b style=color:#ff0000;>Offer Available on Online Orders only<br/>Made to order only. This is a Non-Exchangeable & Non-Refundable product.</b>
Senior,Sheffield Park Academy,Pack of 3 Pinders Acrylic Jumper with logo,PAJOFF,BK-RY-SPA,37.8,52.65,<b style=color:#ff0000;>Offer Available on Online Orders only<br/>Made to order only. This is a Non-Exchangeable & Non-Refundable product.</b>
Senior,Sheffield Springs Academy,Pack of 3 Pinders Acrylic Jumper with logo,PAJOFF,GY-SB-SSA,37.8,52.65,<b style=color:#ff0000;>Offer Available on Online Orders only<br/>Made to order only. This is a Non-Exchangeable & Non-Refundable product.</b>
Senior,Stocksbridge High School,Pack of 3 Pinders Acrylic Jumper with logo,PAJOFF,GY-BY-SHS,37.8,52.65,<b style=color:#ff0000;>Offer Available on Online Orders only<br/>Made to order only. This is a Non-Exchangeable & Non-Refundable product.</b>
Senior,Eckington Comprehensive,Pack of 3 Pinders Acrylic Jumper with logo,PAJOFF,BK-RY-ECK,37.8,52.65,<b style=color:#ff0000;>Offer Available on Online Orders only<br/>Made to order only. This is a Non-Exchangeable & Non-Refundable product.</b>
Senior,Handsworth Grange,Pack of 3 Pinders Acrylic Jumper with logo,PAJOFF,BK-HWG,37.8,52.65,<b style=color:#ff0000;>Offer Available on Online Orders only<br/>Made to order only. This is a Non-Exchangeable & Non-Refundable product.</b>
Senior,Oakwood High,Pack of 3 Pinders Acrylic Jumper with logo,PAJOFF,GY-OAK,37.8,52.65,<b style=color:#ff0000;>Offer Available on Online Orders only<br/>Made to order only. This is a Non-Exchangeable & Non-Refundable product.</b>
Senior,St Bernards Catholic High School,Pack of 3 Pinders Acrylic Jumper with logo,PAJOFF,BK-SBCHS,37.8,52.65,<b style=color:#ff0000;>Offer Available on Online Orders only<br/>Made to order only. This is a Non-Exchangeable & Non-Refundable product.</b>
Junior,Pipworth Community Primary,Fleece (With Logo),3JP,RD,16,0,<b style=color:#ff0000;>Made to order only. This is a Non-Exchangeable & Non-Refundable product.</b>
Junior,Pipworth Community Primary,PE T-Shirt (With Logo),3TC,RD,4.5,0,
Junior,Pipworth Community Primary,Junior Hoodie (With Logo),18500BPL,BK,12,0,
Senior,Handsworth Grange,Pack of 5 Polo Shirt With Logo,3PPLOFF,BK,30.38,45,<b style=color:#ff0000;>Offer Available on Online Orders only<br/>Made to order only. This is a Non-Exchangeable & Non-Refundable product.</b>
Senior,Oakwood High,100% Cotton Knitted V Neck Jumper (With Logo).,PTHINJ,GY-OAK,16,0,
Junior,Anston Park Junior School,Leavers Hoodie 26,18500LS,RY-Anston,16,19,Includes a school logo on the left chest and a leavers design on the back.<br/><b>Order by 30th April</b><br/><b style=color:red;>This product will be Shipped to school only. Made to order only. This is a Non-Exchangeable & Non-Refundable product</b>
Senior,Forge Valley, Pack of 3 Cotton Knitted V Neck Jumper with Logo,PTHINJOFF,BK-Forge,43.2,0,<b style=color:#ff0000;>Offer Available on Online Orders only.<br/>Made to order only. This is a Non-Exchangeable & Non-Refundable product.</b>
Senior,Newfield School, Pack of 3 Cotton Knitted V Neck Jumper with Logo,PTHINJOFF,BK-NEWF,43.2,0,<b style=color:#ff0000;>Offer Available on Online Orders only.<br/>Made to order only. This is a Non-Exchangeable & Non-Refundable product.</b>
Senior,Stocksbridge High School, Pack of 3 Cotton Knitted V Neck Jumper with Logo,PTHINJOFF,GY,43.2,0,<b style=color:#ff0000;>Offer Available on Online Orders only.<br/>Made to order only. This is a Non-Exchangeable & Non-Refundable product.</b>
Senior,Winterhill, Pack of 3 Cotton Knitted V Neck Jumper with Logo,PTHINJOFF,BK-Wint,43.2,0,<b style=color:#ff0000;>Offer Available on Online Orders only.<br/>Made to order only. This is a Non-Exchangeable & Non-Refundable product.</b>
Senior,Wingfield, Pack of 3 Cotton Knitted V Neck Jumper with Logo,PTHINJOFF,BK-Wing,43.2,0,<b style=color:#ff0000;>Offer Available on Online Orders only.<br/>Made to order only. This is a Non-Exchangeable & Non-Refundable product.</b>
Junior,Mundella Primary School,Shadow Stripe Shorts,3BS,BK,2.5,0,<b style=color:#ff0000;>Made to order only. This is a Non-Exchangeable & Non-Refundable product.</b>
Junior,Mundella Primary School,Jogging Bottoms,64051,BK,9,10,<b style=color:#ff0000;>Made to order only. This is a Non-Exchangeable & Non-Refundable product.</b>
Junior,Nook Lane Junior School,Sweatshirt (With Logo),3SR,BK,8.5,0,<b style=color:#ff0000;>Made to order only. This is a Non-Exchangeable & Non-Refundable product.</b>
Junior,Nook Lane Junior School,Sweatshirt (With Logo),3SR,JD,8.5,0,<b style=color:#ff0000;>Made to order only. This is a Non-Exchangeable & Non-Refundable product.</b>
Junior,Nook Lane Junior School,Cardigan (With Logo),3SC,JD,9,0,<b style=color:#ff0000;>Made to order only. This is a Non-Exchangeable & Non-Refundable product.</b>
Junior,Nook Lane Junior School,Polo Shirt (With Logo),3PP,BK,6.75,0,<b style=color:#ff0000;>Made to order only. This is a Non-Exchangeable & Non-Refundable product.</b>
Junior,Nook Lane Junior School,Polo Shirt (With Logo),3PP,JD,6.75,0,<b style=color:#ff0000;>Made to order only. This is a Non-Exchangeable & Non-Refundable product.</b>
Junior,Nook Lane Junior School,Polo Shirt (With Logo),3PP,WHT,6.75,0,<b style=color:#ff0000;>Made to order only. This is a Non-Exchangeable & Non-Refundable product.</b>
Junior,Nook Lane Junior School,PE T-Shirt  (Plain),3TC,WHT,3.5,0,<b style=color:#ff0000;>Made to order only. This is a Non-Exchangeable & Non-Refundable product.</b>
Junior,Nook Lane Junior School,PE T-Shirt (With Logo),3TC,WHT,4.5,0,<b style=color:#ff0000;>Made to order only. This is a Non-Exchangeable & Non-Refundable product.</b>
Junior,Nook Lane Junior School,Jogging Bottoms,64051,BK,9,10,<b style=color:#ff0000;>Made to order only. This is a Non-Exchangeable & Non-Refundable product.</b>
Junior,Nook Lane Junior School,Shadow Stripe Shorts,3BS,BK,2.5,0,<b style=color:#ff0000;>Made to order only. This is a Non-Exchangeable & Non-Refundable product.</b>
Junior,Nook Lane Junior School,Bookbag,BB03,BK,4.5,0,<b style=color:#ff0000;>Made to order only. This is a Non-Exchangeable & Non-Refundable product.</b>
Junior,Nook Lane Junior School,Drawstring Bag,SH5890,BK,3,0,<b style=color:#ff0000;>Made to order only. This is a Non-Exchangeable & Non-Refundable product.</b>
Junior,Nook Lane Junior School,Fleece (With Logo),3JP,BK,16,0,<b style=color:#ff0000;>Made to order only. This is a Non-Exchangeable & Non-Refundable product.</b>
Junior,Nook Lane Junior School,BOX PLEATED SKIRTS,BPS,BK,7,9,<b style=color:#ff0000;>Made to order only. This is a Non-Exchangeable & Non-Refundable product.</b>
Junior,Nook Lane Junior School,BOX PLEATED SKIRTS,BPS,GY,7,9,<b style=color:#ff0000;>Made to order only. This is a Non-Exchangeable & Non-Refundable product.</b>
Junior,Nook Lane Junior School,BOYS LEG LENGTH TROUSERS,BLL,BK,11,14,<b style=color:#ff0000;>Made to order only. This is a Non-Exchangeable & Non-Refundable product.</b>
Junior,Nook Lane Junior School,BOYS PULL UP TROUSERS,BPT,BK,8,10,<b style=color:#ff0000;>Made to order only. This is a Non-Exchangeable & Non-Refundable product.</b>
Junior,Nook Lane Junior School,BOYS LEG LENGTH TROUSERS,BLL,GY,11,14,<b style=color:#ff0000;>Made to order only. This is a Non-Exchangeable & Non-Refundable product.</b>
Junior,Nook Lane Junior School,BOYS PULL UP TROUSERS,BPT,GY,8,10,<b style=color:#ff0000;>Made to order only. This is a Non-Exchangeable & Non-Refundable product.</b>
Junior,Ecclesall Primary School,Sweatshirt (With Logo),3SR,DR,8.5,0,<b style=color:#ff0000;>Made to order only. This is a Non-Exchangeable & Non-Refundable product.</b>
Junior,Ecclesall Primary School,Polo Shirt (With Logo),3PP,DR,6.75,0,<b style=color:#ff0000;>Made to order only. This is a Non-Exchangeable & Non-Refundable product.</b>
Junior,Bradfield Dungworth Primary School,Polo Shirt (With Logo),3PP,WHT,6.75,0,<b style=color:#ff0000;>Made to order only. This is a Non-Exchangeable & Non-Refundable product.</b>
Junior,Ecclesall Primary School,BOYS LEG LENGTH TROUSERS,BLL,BK,11,14,<b style=color:#ff0000;>Made to order only. This is a Non-Exchangeable & Non-Refundable product.</b>
Junior,Ecclesall Primary School,BOX PLEATED SKIRTS,BPS,BK,7,9,<b style=color:#ff0000;>Made to order only. This is a Non-Exchangeable & Non-Refundable product.</b>
Junior,Ecclesall Primary School,BOYS PULL UP TROUSERS,BPT,BK,8,10,<b style=color:#ff0000;>Made to order only. This is a Non-Exchangeable & Non-Refundable product.</b>
Junior,Ecclesall Primary School,Pull Up Shorts,PUPS,BK,8,0,<b style=color:#ff0000;>Made to order only. This is a Non-Exchangeable & Non-Refundable product.</b>
Junior,Ecclesall Primary School,BOX PLEATED SKIRTS,BPS,GY,7,9,<b style=color:#ff0000;>Made to order only. This is a Non-Exchangeable & Non-Refundable product.</b>
Junior,Ecclesall Primary School,Polo Shirt (With Logo),3PP,WHT,6.75,0,<b style=color:#ff0000;>Made to order only. This is a Non-Exchangeable & Non-Refundable product.</b>
Junior,Ecclesall Primary School,Fleece (With Logo),3JP,DR,16,0,<b style=color:#ff0000;>Made to order only. This is a Non-Exchangeable & Non-Refundable product.</b>
Junior,Ecclesall Primary School,Jogging Bottoms,64051,BK,9,10,<b style=color:#ff0000;>Made to order only. This is a Non-Exchangeable & Non-Refundable product.</b>
Junior,Ecclesall Primary School,SHADOW STRIPE SHORTS,KASSS,BK,2.5,3.5,<b style=color:#ff0000;>Made to order only. This is a Non-Exchangeable & Non-Refundable product.</b>
Junior,Bradfield Dungworth Primary School,Polo Shirt (With Logo),3PP,RD,6.75,0,<b style=color:#ff0000;>Made to order only. This is a Non-Exchangeable & Non-Refundable product.</b>
Junior,Ecclesall Primary School,Drawstring Bag,SH5890,DR,3,0,<b style=color:#ff0000;>Made to order only. This is a Non-Exchangeable & Non-Refundable product.</b>
Junior,Ecclesall Primary School,Cardigan (With Logo),3SC,DD,9,0,<b style=color:#ff0000;>Made to order only. This is a Non-Exchangeable & Non-Refundable product.</b>
Junior,Ecclesall Primary School,Bookbag,BB03,DD,4.5,0,<b style=color:#ff0000;>Made to order only. This is a Non-Exchangeable & Non-Refundable product.</b>
Junior,Bradfield Dungworth Primary School,Cardigan (With Logo),3SC,RD,9,0,<b style=color:#ff0000;>Made to order only. This is a Non-Exchangeable & Non-Refundable product.</b>
Junior,Bradfield Dungworth Primary School,Sweatshirt (With Logo),3SR,RD,8.5,0,<b style=color:#ff0000;>Made to order only. This is a Non-Exchangeable & Non-Refundable product.</b>
Junior,Bradfield Dungworth Primary School,BOYS LEG LENGTH TROUSERS,BLL,BK,11,14,<b style=color:#ff0000;>Made to order only. This is a Non-Exchangeable & Non-Refundable product.</b>
Junior,Bradfield Dungworth Primary School,BOX PLEATED SKIRTS,BPS,BK,7,9,<b style=color:#ff0000;>Made to order only. This is a Non-Exchangeable & Non-Refundable product.</b>
Junior,Bradfield Dungworth Primary School,BOYS PULL UP TROUSERS,BPT,BK,8,10,<b style=color:#ff0000;>Made to order only. This is a Non-Exchangeable & Non-Refundable product.</b>
Junior,Bradfield Dungworth Primary School,Pull Up Shorts,PUPS,BK,8,0,<b style=color:#ff0000;>Made to order only. This is a Non-Exchangeable & Non-Refundable product.</b>
Junior,Bradfield Dungworth Primary School,Polo Shirt (With Logo),3PP,JD,6.75,0,<b style=color:#ff0000;>Made to order only. This is a Non-Exchangeable & Non-Refundable product.</b>
Junior,Bradfield Dungworth Primary School,Cardigan (With Logo),3SC,JD,9,0,<b style=color:#ff0000;>Made to order only. This is a Non-Exchangeable & Non-Refundable product.</b>
Junior,Bradfield Dungworth Primary School,Sweatshirt (With Logo),3SR,JD,8.5,0,<b style=color:#ff0000;>Made to order only. This is a Non-Exchangeable & Non-Refundable product.</b>
Junior,Bradfield Dungworth Primary School,PE T-Shirt (With Logo),3TC,RD,4.5,0,<b style=color:#ff0000;>Made to order only. This is a Non-Exchangeable & Non-Refundable product.</b>
Junior,Bradfield Dungworth Primary School,PE T-Shirt (With Logo),3TC,WHT,4.5,0,<b style=color:#ff0000;>Made to order only. This is a Non-Exchangeable & Non-Refundable product.</b>
Junior,Bradfield Dungworth Primary School,Fleece (With Logo),3JP,RD,16,0,<b style=color:#ff0000;>Made to order only. This is a Non-Exchangeable & Non-Refundable product.</b>
Junior,Bradfield Dungworth Primary School,Jogging Bottoms,64051,BK,9,10,<b style=color:#ff0000;>Made to order only. This is a Non-Exchangeable & Non-Refundable product.</b>
Junior,Bradfield Dungworth Primary School,SHADOW STRIPE SHORTS,KASSS,BK,2.5,3.5,<b style=color:#ff0000;>Made to order only. This is a Non-Exchangeable & Non-Refundable product.</b>
Junior,Bradfield Dungworth Primary School,COOL HOODIE (With Logo) ,JH001,JD,13,16.5,<b style=color:#ff0000;>Made to order only. This is a Non-Exchangeable & Non-Refundable product.</b>
Junior,Bradfield Dungworth Primary School,Kids Hoodie,JH001B,FIR,12,0,<b style=color:#ff0000;>Made to order only. This is a Non-Exchangeable & Non-Refundable product.</b>
Junior,Bradfield Dungworth Primary School,Kids Zoodie,JH050B,FIR,15,0,<b style=color:#ff0000;>Made to order only. This is a Non-Exchangeable & Non-Refundable product.</b>
Junior,Bradfield Dungworth Primary School,COOL HOODIE (With Logo) ,JH001,BK,13,16.5,<b style=color:#ff0000;>Made to order only. This is a Non-Exchangeable & Non-Refundable product.</b>
Junior,Bradfield Dungworth Primary School,COOL HOODIE (With Logo) ,JH001,FIR,13,16.5,<b style=color:#ff0000;>Made to order only. This is a Non-Exchangeable & Non-Refundable product.</b>
Junior,Bradfield Dungworth Primary School,Drawstring Bag,SH5890,BT,3,0,<b style=color:#ff0000;>Made to order only. This is a Non-Exchangeable & Non-Refundable product.</b>
Junior,Bradfield Dungworth Primary School,Drawstring Bag,SH5890,RD,3,0,<b style=color:#ff0000;>Made to order only. This is a Non-Exchangeable & Non-Refundable product.</b>
Junior,Bradfield Dungworth Primary School,BOOK BAG,PRBB19,RD,4.5,0,<b style=color:#ff0000;>Made to order only. This is a Non-Exchangeable & Non-Refundable product.</b>
Junior,Bradfield Dungworth Primary School,BOOK BAG,PRBB19,BT,4.5,0,<b style=color:#ff0000;>Made to order only. This is a Non-Exchangeable & Non-Refundable product.</b>
Junior,Nook Lane Junior School,5 Polo Offer (With Logo),3PPOFF,BK,30.38,0,<b style=color:#ff0000;>Offer Available on Online Orders only.<br/>Made to order only. This is a Non-Exchangeable & Non-Refundable product.</b>
Junior,Nook Lane Junior School,3 Sweatshirt Offer (With Logo),3SROFF,BK,22.95,0,<b style=color:#ff0000;>Offer Available on Online Orders only.<br/>Made to order only. This is a Non-Exchangeable & Non-Refundable product.</b>
Junior,Nook Lane Junior School,5 Polo Offer (With Logo),3PPOFF,JD,30.38,0,<b style=color:#ff0000;>Offer Available on Online Orders only.<br/>Made to order only. This is a Non-Exchangeable & Non-Refundable product.</b>
Junior,Nook Lane Junior School,5 Polo Offer (With Logo),3PPOFF,WHT,30.38,0,<b style=color:#ff0000;>Offer Available on Online Orders only.<br/>Made to order only. This is a Non-Exchangeable & Non-Refundable product.</b>
Junior,Nook Lane Junior School,3 Cardigan Offer (With Logo),3SCOFF,JD,24.3,0,<b style=color:#ff0000;>Offer Available on Online Orders only.<br/>Made to order only. This is a Non-Exchangeable & Non-Refundable product.</b>
Junior,Nook Lane Junior School,3 Sweatshirt Offer (With Logo),3SROFF,JD,22.95,0,<b style=color:#ff0000;>Offer Available on Online Orders only.<br/>Made to order only. This is a Non-Exchangeable & Non-Refundable product.</b>
Junior,Nook Lane Junior School,3 (Plain) Cardigan Offer,3SCOFFP,JD,21.6,0,<b style=color:#ff0000;>Offer Available on Online Orders only.<br/>Made to order only. This is a Non-Exchangeable & Non-Refundable product.</b>
Junior,Nook Lane Junior School,3 (Plain) Sweatshirt Offer,3SROFFP,JD,20.25,0,<b style=color:#ff0000;>Offer Available on Online Orders only.<br/>Made to order only. This is a Non-Exchangeable & Non-Refundable product.</b>
Junior,Nook Lane Junior School,3 (Plain) Sweatshirt Offer,3SROFFP,BK,20.25,0,<b style=color:#ff0000;>Offer Available on Online Orders only.<br/>Made to order only. This is a Non-Exchangeable & Non-Refundable product.</b>
Junior,Ecclesall Primary School,5 Polo Offer (With Logo),3PPOFF,DR,30.38,0,<b style=color:#ff0000;>Offer Available on Online Orders only.<br/>Made to order only. This is a Non-Exchangeable & Non-Refundable product.</b>
Junior,Ecclesall Primary School,3 Cardigan Offer (With Logo),3SCOFF,DD,24.3,0,<b style=color:#ff0000;>Offer Available on Online Orders only.<br/>Made to order only. This is a Non-Exchangeable & Non-Refundable product.</b>
Junior,Ecclesall Primary School,3 Sweatshirt Offer (With Logo),3SROFF,DR,22.95,0,<b style=color:#ff0000;>Offer Available on Online Orders only.<br/>Made to order only. This is a Non-Exchangeable & Non-Refundable product.</b>
Junior,Ecclesall Primary School,5 Polo Offer (With Logo),3PPOFF,WHT,30.38,0,<b style=color:#ff0000;>Offer Available on Online Orders only.<br/>Made to order only. This is a Non-Exchangeable & Non-Refundable product.</b>
Junior,Ecclesall Primary School,3 (Plain) Cardigan Offer,3SCOFFP,DD,21.6,0,<b style=color:#ff0000;>Offer Available on Online Orders only.<br/>Made to order only. This is a Non-Exchangeable & Non-Refundable product.</b>
Junior,Ecclesall Primary School,3 (Plain) Sweatshirt Offer,3SROFFP,DR,20.25,0,<b style=color:#ff0000;>Offer Available on Online Orders only.<br/>Made to order only. This is a Non-Exchangeable & Non-Refundable product.</b>
Junior,Bradfield Dungworth Primary School,5 Polo Offer (With Logo),3PPOFF,RD,30.38,0,<b style=color:#ff0000;>Offer Available on Online Orders only.<br/>Made to order only. This is a Non-Exchangeable & Non-Refundable product.</b>
Junior,Bradfield Dungworth Primary School,3 Cardigan Offer (With Logo),3SCOFF,RD,24.3,0,<b style=color:#ff0000;>Offer Available on Online Orders only.<br/>Made to order only. This is a Non-Exchangeable & Non-Refundable product.</b>
Junior,Bradfield Dungworth Primary School,3 (Plain) Cardigan Offer,3SCOFFP,RD,21.6,0,<b style=color:#ff0000;>Offer Available on Online Orders only.<br/>Made to order only. This is a Non-Exchangeable & Non-Refundable product.</b>
Junior,Bradfield Dungworth Primary School,3 Sweatshirt Offer (With Logo),3SROFF,RD,22.95,0,<b style=color:#ff0000;>Offer Available on Online Orders only.<br/>Made to order only. This is a Non-Exchangeable & Non-Refundable product.</b>
Junior,Bradfield Dungworth Primary School,3 (Plain) Sweatshirt Offer,3SROFFP,RD,20.25,0,<b style=color:#ff0000;>Offer Available on Online Orders only.<br/>Made to order only. This is a Non-Exchangeable & Non-Refundable product.</b>
Junior,Bradfield Dungworth Primary School,5 Polo Offer (With Logo),3PPOFF,JD,30.38,0,<b style=color:#ff0000;>Offer Available on Online Orders only.<br/>Made to order only. This is a Non-Exchangeable & Non-Refundable product.</b>
Junior,Bradfield Dungworth Primary School,3 Cardigan Offer (With Logo),3SCOFF,JD,24.3,0,<b style=color:#ff0000;>Offer Available on Online Orders only.<br/>Made to order only. This is a Non-Exchangeable & Non-Refundable product.</b>
Junior,Bradfield Dungworth Primary School,3 (Plain) Cardigan Offer,3SCOFFP,JD,21.6,0,<b style=color:#ff0000;>Offer Available on Online Orders only.<br/>Made to order only. This is a Non-Exchangeable & Non-Refundable product.</b>
Junior,Bradfield Dungworth Primary School,3 Sweatshirt Offer (With Logo),3SROFF,JD,22.95,0,<b style=color:#ff0000;>Offer Available on Online Orders only.<br/>Made to order only. This is a Non-Exchangeable & Non-Refundable product.</b>
Junior,Bradfield Dungworth Primary School,3 (Plain) Sweatshirt Offer,3SROFFP,JD,20.25,0,<b style=color:#ff0000;>Offer Available on Online Orders only.<br/>Made to order only. This is a Non-Exchangeable & Non-Refundable product.</b>
Junior,Bradfield Dungworth Primary School,5 Polo Offer (With Logo),3PPOFF,WHT,30.38,0,<b style=color:#ff0000;>Offer Available on Online Orders only.<br/>Made to order only. This is a Non-Exchangeable & Non-Refundable product.</b>
Junior,Brinsworth Whitehill,5 Polo Offer (With Logo),3PPOFF,SB,30.38,0,<b style=color:#ff0000;>Offer Available on Online Orders only<br/>Made to order only. This is a Non-Exchangeable & Non-Refundable product.</b>
Junior,Brinsworth Whitehill,3 Cardigan Offer (With Logo),3SCOFF,DD,24.3,0,<b style=color:#ff0000;>Offer Available on Online Orders only<br/>Made to order only. This is a Non-Exchangeable & Non-Refundable product.</b>
Junior,Brinsworth Whitehill,3 Sweatshirt Offer (With Logo),3SROFF,DR,22.95,0,<b style=color:#ff0000;>Offer Available on Online Orders only<br/>Made to order only. This is a Non-Exchangeable & Non-Refundable product.</b>
Junior,Stannington Infant School,Waterproof Fleece (NON REVERSIBLE),3JM,NB,23,0,<b style=color:#ff0000;>Made to order only. This is a Non-Exchangeable & Non-Refundable product.</b>
Junior,Stannington Infant School,Fleece (With Logo),3JP,NB,16,0,<b style=color:#ff0000;>Made to order only. This is a Non-Exchangeable & Non-Refundable product.</b>
Junior,Stannington Infant School,Polo Shirt (With Logo),3PP,NB,6.75,0,<b style=color:#ff0000;>Made to order only. This is a Non-Exchangeable & Non-Refundable product.</b>
Junior,Stannington Infant School,Cardigan (With Logo),3SC,NB,9,0,<b style=color:#ff0000;>Made to order only. This is a Non-Exchangeable & Non-Refundable product.</b>
Junior,Stannington Infant School,Sweatshirt (With Logo),3SR,NB,8.5,0,<b style=color:#ff0000;>Made to order only. This is a Non-Exchangeable & Non-Refundable product.</b>
Junior,Stannington Infant School,Bookbag,BB03,NB,4.5,0,<b style=color:#ff0000;>Made to order only. This is a Non-Exchangeable & Non-Refundable product.</b>
Junior,Stannington Infant School,Document Case,DC01,NB,9,0,<b style=color:#ff0000;>Made to order only. This is a Non-Exchangeable & Non-Refundable product.</b>
Junior,Stannington Infant School,Shadow Stripe Shorts,3BS,NB,2.5,0,<b style=color:#ff0000;>Made to order only. This is a Non-Exchangeable & Non-Refundable product.</b>
Junior,Stannington Infant School,Polo Shirt (With Logo),3PP,RD,6.75,0,<b style=color:#ff0000;>Made to order only. This is a Non-Exchangeable & Non-Refundable product.</b>
Junior,Stannington Infant School,Cardigan (With Logo),3SC,RD,9,0,<b style=color:#ff0000;>Made to order only. This is a Non-Exchangeable & Non-Refundable product.</b>
Junior,Stannington Infant School,Sweatshirt (With Logo),3SR,RD,8.5,0,<b style=color:#ff0000;>Made to order only. This is a Non-Exchangeable & Non-Refundable product.</b>
Junior,Stannington Infant School,Bookbag,BB03,RD,4.5,0,<b style=color:#ff0000;>Made to order only. This is a Non-Exchangeable & Non-Refundable product.</b>
Junior,Stannington Infant School,Document Case,DC01,RD,9,0,<b style=color:#ff0000;>Made to order only. This is a Non-Exchangeable & Non-Refundable product.</b>
Junior,Stannington Infant School,Polo Shirt (With Logo),3PP,WHT,6.75,0,<b style=color:#ff0000;>Made to order only. This is a Non-Exchangeable & Non-Refundable product.</b>
Junior,Stannington Infant School,Fleece (With Logo),3JP,RD,16,0,<b style=color:#ff0000;>Made to order only. This is a Non-Exchangeable & Non-Refundable product.</b>
Junior,Stannington Infant School,PE T-Shirt (With Logo),3TC,WHT,4.5,0,<b style=color:#ff0000;>Made to order only. This is a Non-Exchangeable & Non-Refundable product.</b>
Junior,Stannington Infant School,Drawstring Bag,SH5890,NB,3,0,<b style=color:#ff0000;>Made to order only. This is a Non-Exchangeable & Non-Refundable product.</b>
Junior,Stannington Infant School,Drawstring Bag,SH5890,RD,3,0,<b style=color:#ff0000;>Made to order only. This is a Non-Exchangeable & Non-Refundable product.</b>
Junior,Stannington Infant School,Waterproof Fleece (NON REVERSIBLE),3JM,RD,23,0,<b style=color:#ff0000;>Made to order only. This is a Non-Exchangeable & Non-Refundable product.</b>
Junior,Stannington Infant School,Waterproof Fleece (NON REVERSIBLE),3JM,NB,23,28,<b style=color:#ff0000;>Made to order only. This is a Non-Exchangeable & Non-Refundable product.</b>
Junior,Stannington Infant School,5 Polo Offer (With Logo),3PPOFF,NB,30.38,0,<b style=color:#ff0000;>Offer Available on Online Orders only.<br/>Made to order only. This is a Non-Exchangeable & Non-Refundable product.</b>
Junior,Stannington Infant School,3 Cardigan Offer (With Logo),3SCOFF,NB,24.3,0,<b style=color:#ff0000;>Offer Available on Online Orders only.<br/>Made to order only. This is a Non-Exchangeable & Non-Refundable product.</b>
Junior,Stannington Infant School,3 (Plain) Cardigan Offer,3SCOFFP,NB,21.6,0,<b style=color:#ff0000;>Offer Available on Online Orders only.<br/>Made to order only. This is a Non-Exchangeable & Non-Refundable product.</b>
Junior,Stannington Infant School,3 Sweatshirt Offer (With Logo),3SROFF,NB,22.95,0,<b style=color:#ff0000;>Offer Available on Online Orders only.<br/>Made to order only. This is a Non-Exchangeable & Non-Refundable product.</b>
Junior,Stannington Infant School,3 (Plain) Sweatshirt Offer,3SROFFP,NB,20.25,0,<b style=color:#ff0000;>Offer Available on Online Orders only.<br/>Made to order only. This is a Non-Exchangeable & Non-Refundable product.</b>
Junior,Stannington Infant School,5 Polo Offer (With Logo),3PPOFF,RD,30.38,0,<b style=color:#ff0000;>Offer Available on Online Orders only.<br/>Made to order only. This is a Non-Exchangeable & Non-Refundable product.</b>
Junior,Stannington Infant School,3 Cardigan Offer (With Logo),3SCOFF,RD,24.3,0,<b style=color:#ff0000;>Offer Available on Online Orders only.<br/>Made to order only. This is a Non-Exchangeable & Non-Refundable product.</b>
Junior,Stannington Infant School,3 (Plain) Cardigan Offer,3SCOFFP,RD,21.6,0,<b style=color:#ff0000;>Offer Available on Online Orders only.<br/>Made to order only. This is a Non-Exchangeable & Non-Refundable product.</b>
Junior,Stannington Infant School,3 Sweatshirt Offer (With Logo),3SROFF,RD,22.95,0,<b style=color:#ff0000;>Offer Available on Online Orders only.<br/>Made to order only. This is a Non-Exchangeable & Non-Refundable product.</b>
Junior,Stannington Infant School,3 (Plain) Sweatshirt Offer,3SROFFP,RD,20.25,0,<b style=color:#ff0000;>Offer Available on Online Orders only.<br/>Made to order only. This is a Non-Exchangeable & Non-Refundable product.</b>
Junior,Stannington Infant School,5 Polo Offer (With Logo),3PPOFF,WHT,30.38,0,<b style=color:#ff0000;>Offer Available on Online Orders only.<br/>Made to order only. This is a Non-Exchangeable & Non-Refundable product.</b>
Junior,Greystones Primary School,Polo Shirt (With Logo),3PP,NB,6.75,0,<b style=color:#ff0000;>Made to order only. This is a Non-Exchangeable & Non-Refundable product.</b>
Junior,Greystones Primary School,Cardigan (With Logo),3SC,NB,9,0,<b style=color:#ff0000;>Made to order only. This is a Non-Exchangeable & Non-Refundable product.</b>
Junior,Greystones Primary School,Sweatshirt (With Logo),3SR,NB,8.5,0,<b style=color:#ff0000;>Made to order only. This is a Non-Exchangeable & Non-Refundable product.</b>
Junior,Greystones Primary School,Kids Hoodie,JH001B,NB,12,0,<b style=color:#ff0000;>Made to order only. This is a Non-Exchangeable & Non-Refundable product.</b>
Junior,Greystones Primary School,Kids Zoodie,JH050B,NB,15,0,<b style=color:#ff0000;>Made to order only. This is a Non-Exchangeable & Non-Refundable product.</b>
Junior,Greystones Primary School,BOX PLEATED SKIRTS,BPS,NB,7,9,<b style=color:#ff0000;>Made to order only. This is a Non-Exchangeable & Non-Refundable product.</b>
Junior,Greystones Primary School,PE T-Shirt  (Plain),3TC,NB,3.5,0,<b style=color:#ff0000;>Made to order only. This is a Non-Exchangeable & Non-Refundable product.</b>
Junior,Greystones Primary School,PE T-Shirt (With Logo),3TC,NB,4.5,0,<b style=color:#ff0000;>Made to order only. This is a Non-Exchangeable & Non-Refundable product.</b>
Junior,Greystones Primary School,KIDS SHADOW STRIPE SHORTS,KSSS,NB,2.5,0,<b style=color:#ff0000;>Made to order only. This is a Non-Exchangeable & Non-Refundable product.</b>
Junior,Greystones Primary School,Fleece (With Logo),3JP,NB,16,0,<b style=color:#ff0000;>Made to order only. This is a Non-Exchangeable & Non-Refundable product.</b>
Junior,Greystones Primary School,Bookbag,BB03,NB,4.5,0,<b style=color:#ff0000;>Made to order only. This is a Non-Exchangeable & Non-Refundable product.</b>
Junior,Greystones Primary School,Document Case,DC01,NB,9,0,<b style=color:#ff0000;>Made to order only. This is a Non-Exchangeable & Non-Refundable product.</b>
Junior,Greystones Primary School,Drawstring Bag,SH5890,NB,4,0,<b style=color:#ff0000;>Made to order only. This is a Non-Exchangeable & Non-Refundable product.</b>
Junior,Greystones Primary School,Polo Shirt (With Logo),3PP,SB,6.75,0,<b style=color:#ff0000;>Made to order only. This is a Non-Exchangeable & Non-Refundable product.</b>
Junior,Greystones Primary School,Polo Shirt (With Logo),3PP,WHT,6.75,0,<b style=color:#ff0000;>Made to order only. This is a Non-Exchangeable & Non-Refundable product.</b>
Junior,Greystones Primary School,BOX PLEATED SKIRTS,BPS,GY,7,9,<b style=color:#ff0000;>Made to order only. This is a Non-Exchangeable & Non-Refundable product.</b>
Junior,Greystones Primary School,5 Polo Offer (With Logo),3PPOFF,NB,30.38,0,<b style=color:#ff0000;>Offer Available on Online Orders only.<br/>Made to order only. This is a Non-Exchangeable & Non-Refundable product.</b>
Junior,Greystones Primary School,3 Cardigan Offer (With Logo),3SCOFF,NB,24.3,0,<b style=color:#ff0000;>Offer Available on Online Orders only.<br/>Made to order only. This is a Non-Exchangeable & Non-Refundable product.</b>
Junior,Greystones Primary School,3 (Plain) Cardigan Offer,3SCOFFP,NB,21.6,0,<b style=color:#ff0000;>Offer Available on Online Orders only.<br/>Made to order only. This is a Non-Exchangeable & Non-Refundable product.</b>
Junior,Greystones Primary School,3 Sweatshirt Offer (With Logo),3SROFF,NB,22.95,0,<b style=color:#ff0000;>Offer Available on Online Orders only.<br/>Made to order only. This is a Non-Exchangeable & Non-Refundable product.</b>
Junior,Greystones Primary School,3 (Plain) Sweatshirt Offer,3SROFFP,NB,20.25,0,<b style=color:#ff0000;>Offer Available on Online Orders only.<br/>Made to order only. This is a Non-Exchangeable & Non-Refundable product.</b>
Junior,Greystones Primary School,5 Polo Offer (With Logo),3PPOFF,WHT,30.38,0,<b style=color:#ff0000;>Offer Available on Online Orders only.<br/>Made to order only. This is a Non-Exchangeable & Non-Refundable product.</b>
Junior,Greystones Primary School,5 Polo Offer (With Logo),3PPOFF,SB,30.38,0,<b style=color:#ff0000;>Offer Available on Online Orders only.<br/>Made to order only. This is a Non-Exchangeable & Non-Refundable product.</b>
Junior,Greystones Primary School,PE T-Shirt  (Plain),3TC,WHT,3.5,0,<b style=color:#ff0000;>Made to order only. This is a Non-Exchangeable & Non-Refundable product.</b>
Junior,Greystones Primary School,PE T-Shirt (With Logo),3TC,WHT,4.5,0,<b style=color:#ff0000;>Made to order only. This is a Non-Exchangeable & Non-Refundable product.</b>
Junior,Dobcroft Nursery Infant School,KIDS SHADOW STRIPE SHORTS,KSSS,NB,2.5,0,<b style=color:#ff0000;>Made to order only. This is a Non-Exchangeable & Non-Refundable product.</b>
Junior,Dobcroft Nursery Infant School,Fleece (With Logo),3JP,NB,16,0,<b style=color:#ff0000;>Made to order only. This is a Non-Exchangeable & Non-Refundable product.</b>
Junior,Greystones Primary School,KIDS SHADOW STRIPE SHORTS,KSSS,BK,2.5,0,<b style=color:#ff0000;>Made to order only. This is a Non-Exchangeable & Non-Refundable product.</b>
Junior,Dobcroft Nursery Infant School,Polo Shirt (With Logo),3PP,NB,6.75,0,<b style=color:#ff0000;>Made to order only. This is a Non-Exchangeable & Non-Refundable product.</b>
Junior,Dobcroft Nursery Infant School,Cardigan (With Logo),3SC,NB,9,0,<b style=color:#ff0000;>Made to order only. This is a Non-Exchangeable & Non-Refundable product.</b>
Junior,Dobcroft Nursery Infant School,Sweatshirt (With Logo),3SR,NB,8.5,0,<b style=color:#ff0000;>Made to order only. This is a Non-Exchangeable & Non-Refundable product.</b>
Junior,Dobcroft Nursery Infant School,PE T-Shirt (With Logo),3TC,JD,4.5,0,<b style=color:#ff0000;>Made to order only. This is a Non-Exchangeable & Non-Refundable product.</b>
Junior,Dobcroft Nursery Infant School,Bookbag,BB03,NB,4.5,0,<b style=color:#ff0000;>Made to order only. This is a Non-Exchangeable & Non-Refundable product.</b>
Junior,Dobcroft Nursery Infant School,Document Case,DC01,NB,9,0,<b style=color:#ff0000;>Made to order only. This is a Non-Exchangeable & Non-Refundable product.</b>
Junior,Dobcroft Nursery Infant School,Drawstring Bag,SH5890,JD,3,0,<b style=color:#ff0000;>Made to order only. This is a Non-Exchangeable & Non-Refundable product.</b>
Junior,Dobcroft Nursery Infant School,Polo Shirt (With Logo),3PP,JD,6.75,0,<b style=color:#ff0000;>Made to order only. This is a Non-Exchangeable & Non-Refundable product.</b>
Junior,Dobcroft Nursery Infant School,Cardigan (With Logo),3SC,JD,9,0,<b style=color:#ff0000;>Made to order only. This is a Non-Exchangeable & Non-Refundable product.</b>
Junior,Dobcroft Nursery Infant School,Sweatshirt (With Logo),3SR,JD,8.5,0,<b style=color:#ff0000;>Made to order only. This is a Non-Exchangeable & Non-Refundable product.</b>
Junior,Dobcroft Nursery Infant School,Polo Shirt (With Logo),3PP,WHT,6.75,0,<b style=color:#ff0000;>Made to order only. This is a Non-Exchangeable & Non-Refundable product.</b>
Junior,Dobcroft Nursery Infant School,Fleece,3JP,NB,23,23,<b style=color:#ff0000;>Made to order only. This is a Non-Exchangeable & Non-Refundable product.</b>
Junior,Dobcroft Nursery Infant School,Fleece,3JP,BK,23,23,<b style=color:#ff0000;>Made to order only. This is a Non-Exchangeable & Non-Refundable product.</b>
Junior,Dobcroft Nursery Infant School,5 Polo Offer (With Logo),3PPOFF,NB,30.38,0,<b style=color:#ff0000;>Offer Available on Online Orders only.<br/>Made to order only. This is a Non-Exchangeable & Non-Refundable product.</b>
Junior,Dobcroft Nursery Infant School,3 Cardigan Offer (With Logo),3SCOFF,NB,24.3,0,<b style=color:#ff0000;>Offer Available on Online Orders only.<br/>Made to order only. This is a Non-Exchangeable & Non-Refundable product.</b>
Junior,Dobcroft Nursery Infant School,3 (Plain) Cardigan Offer,3SCOFFP,NB,21.6,0,<b style=color:#ff0000;>Offer Available on Online Orders only.<br/>Made to order only. This is a Non-Exchangeable & Non-Refundable product.</b>
Junior,Dobcroft Nursery Infant School,3 Sweatshirt Offer (With Logo),3SROFF,NB,22.95,0,<b style=color:#ff0000;>Offer Available on Online Orders only.<br/>Made to order only. This is a Non-Exchangeable & Non-Refundable product.</b>
Junior,Dobcroft Nursery Infant School,3 (Plain) Sweatshirt Offer,3SROFFP,NB,20.25,0,<b style=color:#ff0000;>Offer Available on Online Orders only.<br/>Made to order only. This is a Non-Exchangeable & Non-Refundable product.</b>
Junior,Dobcroft Nursery Infant School,5 Polo Offer (With Logo),3PPOFF,JD,30.38,0,<b style=color:#ff0000;>Offer Available on Online Orders only.<br/>Made to order only. This is a Non-Exchangeable & Non-Refundable product.</b>
Junior,Dobcroft Nursery Infant School,3 Cardigan Offer (With Logo),3SCOFF,JD,24.3,0,<b style=color:#ff0000;>Offer Available on Online Orders only.<br/>Made to order only. This is a Non-Exchangeable & Non-Refundable product.</b>
Junior,Dobcroft Nursery Infant School,3 (Plain) Cardigan Offer,3SCOFFP,JD,21.6,0,<b style=color:#ff0000;>Offer Available on Online Orders only.<br/>Made to order only. This is a Non-Exchangeable & Non-Refundable product.</b>
Junior,Dobcroft Nursery Infant School,3 Sweatshirt Offer (With Logo),3SROFF,JD,22.95,0,<b style=color:#ff0000;>Offer Available on Online Orders only.<br/>Made to order only. This is a Non-Exchangeable & Non-Refundable product.</b>
Junior,Dobcroft Nursery Infant School,3 (Plain) Sweatshirt Offer,3SROFFP,JD,20.25,0,<b style=color:#ff0000;>Offer Available on Online Orders only.<br/>Made to order only. This is a Non-Exchangeable & Non-Refundable product.</b>
Junior,Dobcroft Nursery Infant School,5 Polo Offer (With Logo),3PPOFF,WHT,30.38,0,<b style=color:#ff0000;>Offer Available on Online Orders only.<br/>Made to order only. This is a Non-Exchangeable & Non-Refundable product.</b>
Junior,Stocksbridge Nursey Infant School,Plain Polo Shirt,3PP,WHT,5.75,0,
Junior,Stocksbridge Nursey Infant School,Shadow Stripe Shorts,3BS,NB,2.5,0,
Junior,Stocksbridge Nursey Infant School,Shadow Stripe Shorts,3BS,BK,2.5,0,
Junior,Stocksbridge Nursey Infant School,Pack of 5 (Plain) Polo Shirts Offer,3PPOFFP,WHT,15,0,<b style=color:#ff0000;>Offer Available on Online Orders only<br/>Made to order only. This is a Non-Exchangeable & Non-Refundable product.</b>
Junior,Stocksbridge Nursey Infant School,Polo Shirt (With Logo),3PP,RD,6.75,0,
Junior,Stocksbridge Nursey Infant School,Polo Shirt (With Logo),3PP,DR,6.75,0,
Junior,Stocksbridge Nursey Infant School,PE T-Shirt  (Plain),3TC,WHT,3.5,0,
Junior,Dobcroft Nursery Infant School,P.E. Bag ,BG10,KG,4,0,<b style=color:#ff0000;>Made to order only. This is a Non-Exchangeable & Non-Refundable product.</b>
Junior,Stocksbridge Nursey Infant School,Pack of 5 White Polo Shirts,3PP5,WHT,10,0,<b style=color:#ff0000;>Offer Available on Online Orders only<br/>Made to order only. This is a Non-Exchangeable & Non-Refundable product.</b>
Senior,St Bernards Catholic High School,Pack of 3 Pinders Acrylic Jumper with logo,PAJOFF,BK-SBCHS,37.8,52.65,<b style=color:#ff0000;>Offer Available on Online Orders only<br/>Made to order only. This is a Non-Exchangeable & Non-Refundable product.</b>
Senior,St Bernards Catholic High School,Pack of 3 Pinders Acrylic Jumper with logo,PAJOFF,BK-SBCHS,37.8,52.65,<b style=color:#ff0000;>Offer Available on Online Orders only<br/>Made to order only. This is a Non-Exchangeable & Non-Refundable product.</b>
Senior,St Bernards Catholic High School,Pack of 3 Pinders Acrylic Jumper with logo,PAJOFF,BK-SBCHS,37.8,52.65,<b style=color:#ff0000;>Offer Available on Online Orders only<br/>Made to order only. This is a Non-Exchangeable & Non-Refundable product.</b>
Senior,Outwood Academy City,Blazer badged with Outwood Academy logo,BLUPBWJ15141,BK,32,38,
Senior,Outwood Academy City,Fitted blazer badged with Outwood Academy  logo,BLUPGWJ15141,BK,32,38,
Senior,Outwood Academy City,Outwood Academy clip on Tie,TIE626,OAC,6.5,0,
Senior,Outwood Academy City,Non-iron short sleeve shirt (twin pack),NSS,WHT,14.5,16.5,
Senior,Outwood Academy City,Non-iron long sleeve shirt (twin pack),NLS,WHT,14.5,16.5,
Senior,Outwood Academy City,Non-iron short sleeve blouse (twin pack),NSB,WHT,14.5,16.5,
Senior,Outwood Academy City,Jumper badged with Outwood Academy logo,BCBV5629,BK,16.5,21,
Senior,Outwood Academy City,Fitted jumper badged with Outwood Academy  logo,BCGV5629,BK,16.5,21,
Senior,Outwood Academy City,Jumper,CBV,BK,15.5,20,
Senior,Outwood Academy City,Senior boys fit trouser,TLT,BK,14.5,16.5,
Senior,Outwood Academy City,Senior boys sturdy fit trouser,TSF,BK,14.5,16.5,
Senior,Outwood Academy City,Junior boys fit trouser,CFJ,BK,14.5,0,
Senior,Outwood Academy City,Senior girls trousers,GTI,BK,14.5,21.5,
Senior,Outwood Academy City,Senior girls skirt,GPB,BK,14,22,
Senior,Outwood Academy City,Junior girls skirts,JGPB,BK,15,0,
Senior,Outwood Academy City,P. E. Polo,KES,PU,8,10,
Senior,Outwood Academy City,Black and purple long sleeve games jersey,ETOL,BK-PU,19.5,23,
Senior,Outwood Academy City,Black sports socks,ANS,BK,5.5,6.5,
Senior,Outwood Academy City,Girls leggings,AML,BK,15,17.5,
Senior,Outwood Academy City,Black games short,ACT017,BK,6.5,8,
